{
  "best_epoch": 29,
  "best_train_metrics": {
    "mse": 0.5682183504104614,
    "rmse": 0.7538025975227356,
    "mae": 0.5150534510612488,
    "ci": 0.7716060856410181,
    "rm2": 0.2909473304335961,
    "loss": 0.5682183688194583
  },
  "best_val_metrics": {
    "mse": 0.46501967310905457,
    "rmse": 0.681923508644104,
    "mae": 0.4202383756637573,
    "ci": 0.8205518999515599,
    "rm2": 0.40097165660551115,
    "loss": 0.46501969528945897
  }
}