{
  "best_epoch": 29,
  "best_train_metrics": {
    "mse": 0.49830514192581177,
    "rmse": 0.7059073448181152,
    "mae": 0.47957223653793335,
    "ci": 0.7943146967248627,
    "rm2": 0.3665270783654601,
    "loss": 0.5143831992935046,
    "reg_loss": 0.4983051460136347,
    "pcl_loss": 0.16078053170793727
  },
  "best_val_metrics": {
    "mse": 0.4069518744945526,
    "rmse": 0.637927770614624,
    "mae": 0.4070166051387787,
    "ci": 0.8249958454581133,
    "rm2": 0.46137214534231374,
    "loss": 0.4189389492265023,
    "reg_loss": 0.4069518987232177,
    "pcl_loss": 0.11987051187766933
  }
}