{
  "best_epoch": 297,
  "best_train_metrics": {
    "mse": 0.16736677289009094,
    "rmse": 0.4091048240661621,
    "mae": 0.2544940710067749,
    "ci": 0.9109958297298242,
    "rm2": 0.7841658046142225,
    "loss": 0.28651338684437355,
    "reg_loss": 0.16736678090675855,
    "clip_loss": 1.1255613186879116,
    "pcl_loss": 0.06590472170930581,
    "protein_pcl_loss": 0.030439051816996895,
    "drug_pcl_loss": 0.035465670244103534
  },
  "best_val_metrics": {
    "mse": 0.2166898548603058,
    "rmse": 0.4654995799064636,
    "mae": 0.2753600478172302,
    "ci": 0.8930055193530936,
    "rm2": 0.6810248719605345,
    "loss": 0.26180907026767236,
    "reg_loss": 0.21668985836276417,
    "clip_loss": 0.3918517798237269,
    "pcl_loss": 0.059340335262324975,
    "protein_pcl_loss": 0.017461539024514076,
    "drug_pcl_loss": 0.0418787964495298
  }
}