{
  "best_epoch": 30,
  "best_train_metrics": {
    "mse": 0.41143369674682617,
    "rmse": 0.6414309740066528,
    "mae": 0.4327408969402313,
    "ci": 0.8196444827840526,
    "rm2": 0.4629194915333623,
    "loss": 0.6353147262884238,
    "reg_loss": 0.4114336902417676,
    "clip_loss": 2.079426301150896,
    "pcl_loss": 0.15938402289587306
  },
  "best_val_metrics": {
    "mse": 0.33477136492729187,
    "rmse": 0.5785942673683167,
    "mae": 0.36716121435165405,
    "ci": 0.8519422041347415,
    "rm2": 0.5663838908024277,
    "loss": 0.552376382982274,
    "reg_loss": 0.33477139096408565,
    "clip_loss": 2.0789660111536965,
    "pcl_loss": 0.097083891431204
  }
}