{
  "best_epoch": 24,
  "best_train_metrics": {
    "mse": 0.6191068887710571,
    "rmse": 0.7868334650993347,
    "mae": 0.5403420329093933,
    "ci": 0.7572752361681272,
    "rm2": 0.23775574275716635,
    "loss": 0.664612550668173,
    "reg_loss": 0.6191069013276028,
    "pcl_loss": 0.4550565028672518
  },
  "best_val_metrics": {
    "mse": 0.5308799743652344,
    "rmse": 0.7286151051521301,
    "mae": 0.48788031935691833,
    "ci": 0.789825733173516,
    "rm2": 0.3217374718872698,
    "loss": 0.5591788916845355,
    "reg_loss": 0.5308799793911313,
    "pcl_loss": 0.28298913210578497
  }
}