{
  "best_epoch": 195,
  "best_train_metrics": {
    "mse": 0.20874476432800293,
    "rmse": 0.45688596367836,
    "mae": 0.28810396790504456,
    "ci": 0.8935232851483406,
    "rm2": 0.7340748340293886,
    "loss": 0.20874475967700898
  },
  "best_val_metrics": {
    "mse": 0.2193615436553955,
    "rmse": 0.4683604836463928,
    "mae": 0.2810610234737396,
    "ci": 0.8902921615285886,
    "rm2": 0.6775788860029429,
    "loss": 0.21936154123312526
  }
}