{
  "best_epoch": 175,
  "best_train_metrics": {
    "mse": 0.16560745239257812,
    "rmse": 0.4069489538669586,
    "mae": 0.25052914023399353,
    "ci": 0.9130582608665901,
    "rm2": 0.7932629083544568,
    "loss": 0.2791930559252089,
    "reg_loss": 0.16560745986275652,
    "clip_loss": 1.0926532919844345,
    "pcl_loss": 0.043202657596392094
  },
  "best_val_metrics": {
    "mse": 0.21464850008487701,
    "rmse": 0.46330174803733826,
    "mae": 0.28021666407585144,
    "ci": 0.887360763917126,
    "rm2": 0.7217902262004597,
    "loss": 0.2552288487499648,
    "reg_loss": 0.21464850619501832,
    "clip_loss": 0.3859446698987941,
    "pcl_loss": 0.01985874633162622
  }
}