{
  "best_epoch": 28,
  "best_train_metrics": {
    "mse": 0.5638996958732605,
    "rmse": 0.750932514667511,
    "mae": 0.5123545527458191,
    "ci": 0.7775797781286065,
    "rm2": 0.2953805192832461,
    "loss": 0.6058532510625919,
    "reg_loss": 0.5638997091490293,
    "pcl_loss": 0.4195354148462521
  },
  "best_val_metrics": {
    "mse": 0.47251349687576294,
    "rmse": 0.6873961687088013,
    "mae": 0.41754820942878723,
    "ci": 0.8218402204441175,
    "rm2": 0.4022649751077958,
    "loss": 0.5169415095126587,
    "reg_loss": 0.4725135131995437,
    "pcl_loss": 0.44427996300654127
  }
}