{
  "best_epoch": 197,
  "best_train_metrics": {
    "mse": 0.16844652593135834,
    "rmse": 0.4104223847389221,
    "mae": 0.25077155232429504,
    "ci": 0.9138949546764702,
    "rm2": 0.7863404811097481,
    "loss": 0.2903826334079626,
    "reg_loss": 0.16844652846282487,
    "clip_loss": 1.1748942656890091,
    "pcl_loss": 0.04446676429888161
  },
  "best_val_metrics": {
    "mse": 0.21531225740909576,
    "rmse": 0.46401751041412354,
    "mae": 0.2767675518989563,
    "ci": 0.8805857373693087,
    "rm2": 0.6907730300953963,
    "loss": 0.2584304291780921,
    "reg_loss": 0.21531224534822505,
    "clip_loss": 0.4067837706062852,
    "pcl_loss": 0.024398068563615642
  }
}