{
  "best_epoch": 219,
  "best_train_metrics": {
    "mse": 0.13576018810272217,
    "rmse": 0.36845651268959045,
    "mae": 0.2294280081987381,
    "ci": 0.924976907350053,
    "rm2": 0.8246831761165896,
    "loss": 0.135760201610173,
    "reg_loss": 0.135760201610173,
    "clip_loss": 1.1994591470607212,
    "pcl_loss": 2.7725887298583984,
    "protein_pcl_loss": 1.3862943649291992,
    "drug_pcl_loss": 1.3862943649291992
  },
  "best_val_metrics": {
    "mse": 0.20489463210105896,
    "rmse": 0.4526529014110565,
    "mae": 0.27369794249534607,
    "ci": 0.8859442156319034,
    "rm2": 0.7404673821888269,
    "loss": 0.20489465667268275,
    "reg_loss": 0.20489465667268275,
    "clip_loss": 0.4119066858125481,
    "pcl_loss": 2.7725887298583984,
    "protein_pcl_loss": 1.3862943649291992,
    "drug_pcl_loss": 1.3862943649291992
  }
}