{
  "best_epoch": 313,
  "best_train_metrics": {
    "mse": 0.18575450778007507,
    "rmse": 0.4309924840927124,
    "mae": 0.2603321671485901,
    "ci": 0.8989653689024252,
    "rm2": 0.762375715541822,
    "loss": 0.18575449378396022,
    "reg_loss": 0.18575449378396022,
    "clip_loss": 1.2032112080490425
  },
  "best_val_metrics": {
    "mse": 0.22139248251914978,
    "rmse": 0.4705236256122589,
    "mae": 0.27106574177742004,
    "ci": 0.8880873965754751,
    "rm2": 0.7068540443586511,
    "loss": 0.22139249679427847,
    "reg_loss": 0.22139249679427847,
    "clip_loss": 0.3988375579485954
  }
}