{
  "best_epoch": 329,
  "best_train_metrics": {
    "mse": 0.19822819530963898,
    "rmse": 0.44522824883461,
    "mae": 0.2658371031284332,
    "ci": 0.8930676037097492,
    "rm2": 0.7460648187522532,
    "loss": 0.31211530017096195,
    "reg_loss": 0.19822820739146843,
    "clip_loss": 1.1388709119543856
  },
  "best_val_metrics": {
    "mse": 0.22717270255088806,
    "rmse": 0.4766263961791992,
    "mae": 0.2732752561569214,
    "ci": 0.8852604303115454,
    "rm2": 0.7139766889831073,
    "loss": 0.2649783347542779,
    "reg_loss": 0.22717269603809756,
    "clip_loss": 0.3780563787934547
  }
}