{
  "best_epoch": 29,
  "best_train_metrics": {
    "mse": 0.39634469151496887,
    "rmse": 0.6295590996742249,
    "mae": 0.4094025790691376,
    "ci": 0.8151658123524843,
    "rm2": 0.4748233175639349,
    "loss": 0.39634469943486644
  },
  "best_val_metrics": {
    "mse": 0.35313305258750916,
    "rmse": 0.5942500233650208,
    "mae": 0.39002570509910583,
    "ci": 0.8457461393621089,
    "rm2": 0.5667209133728701,
    "loss": 0.3531330597845858
  }
}