{
  "best_epoch": 3,
  "best_train_metrics": {
    "mse": 0.667547345161438,
    "rmse": 0.8170356750488281,
    "mae": 0.5638341307640076,
    "ci": 0.7300519529309719,
    "rm2": 0.1907623847359404,
    "loss": 2.400411943293424,
    "reg_loss": 0.6675473440293755,
    "clip_loss": 3.4657291986319554
  },
  "best_val_metrics": {
    "mse": 0.5811610817909241,
    "rmse": 0.7623392343521118,
    "mae": 0.4742661416530609,
    "ci": 0.7847752245515157,
    "rm2": 0.2995626684281287,
    "loss": 2.313020674359923,
    "reg_loss": 0.5811610251768956,
    "clip_loss": 3.463719297535328
  }
}