{
  "best_epoch": 29,
  "best_train_metrics": {
    "mse": 0.37675169110298157,
    "rmse": 0.6138010025024414,
    "mae": 0.4097757339477539,
    "ci": 0.8315480797516763,
    "rm2": 0.5067815108304352,
    "loss": 0.4356625466250141,
    "reg_loss": 0.3767517032622617,
    "clip_loss": 0.5202083379857204,
    "pcl_loss": 0.06890008922440317
  },
  "best_val_metrics": {
    "mse": 0.30402883887290955,
    "rmse": 0.5513880848884583,
    "mae": 0.34261462092399597,
    "ci": 0.8628819084727904,
    "rm2": 0.6034258725253574,
    "loss": 0.3242227643281577,
    "reg_loss": 0.30402885280908865,
    "clip_loss": 0.1431744095950488,
    "pcl_loss": 0.0587647077538673
  }
}