{
  "best_epoch": 27,
  "best_train_metrics": {
    "mse": 0.4047698378562927,
    "rmse": 0.6362152099609375,
    "mae": 0.4297187328338623,
    "ci": 0.8171270246587138,
    "rm2": 0.47077462847348145,
    "loss": 0.5850445808517245,
    "reg_loss": 0.40476983580378045,
    "clip_loss": 1.6523120116431407,
    "pcl_loss": 0.15043540821336052
  },
  "best_val_metrics": {
    "mse": 0.3156186640262604,
    "rmse": 0.5617994666099548,
    "mae": 0.341686874628067,
    "ci": 0.8618568857554018,
    "rm2": 0.5935756227663462,
    "loss": 0.40021135631805926,
    "reg_loss": 0.31561866937406385,
    "clip_loss": 0.7469718497389285,
    "pcl_loss": 0.09895498962146217
  }
}