{
  "best_epoch": 183,
  "best_train_metrics": {
    "mse": 0.16614380478858948,
    "rmse": 0.40760740637779236,
    "mae": 0.2518404424190521,
    "ci": 0.9131234452869245,
    "rm2": 0.7917412022247771,
    "loss": 0.277475982096931,
    "reg_loss": 0.16614380107271648,
    "clip_loss": 1.0681414645522869,
    "pcl_loss": 0.04518033129670932
  },
  "best_val_metrics": {
    "mse": 0.21241648495197296,
    "rmse": 0.4608866274356842,
    "mae": 0.2807392477989197,
    "ci": 0.8905426126352288,
    "rm2": 0.7149886144685842,
    "loss": 0.2531954561599501,
    "reg_loss": 0.21241650525263497,
    "clip_loss": 0.3841068320988778,
    "pcl_loss": 0.023682677259054933
  }
}