{
  "best_epoch": 239,
  "best_train_metrics": {
    "mse": 0.17463771998882294,
    "rmse": 0.4178967773914337,
    "mae": 0.2517215609550476,
    "ci": 0.9060219081946046,
    "rm2": 0.7765181774242657,
    "loss": 0.17463772232489677,
    "reg_loss": 0.17463772232489677,
    "attn_loss": 34.976856568355046,
    "pcl_loss": 2.7725887298583984,
    "protein_pcl_loss": 1.3862943649291992,
    "drug_pcl_loss": 1.3862943649291992,
    "mean_valid_per_row": 3.4134919314589918,
    "mean_valid_offdiag": 2.4134919314589918,
    "mean_diag_prior_mass": 0.3187674999341178
  },
  "best_val_metrics": {
    "mse": 0.22685833275318146,
    "rmse": 0.47629645466804504,
    "mae": 0.27814432978630066,
    "ci": 0.8912608530136029,
    "rm2": 0.7285159683301471,
    "loss": 0.2268583390659049,
    "reg_loss": 0.2268583390659049,
    "attn_loss": 13.719222000497068,
    "pcl_loss": 2.7725887298583984,
    "protein_pcl_loss": 1.3862943649291992,
    "drug_pcl_loss": 1.3862943649291992,
    "mean_valid_per_row": 1.6299068529607452,
    "mean_valid_offdiag": 0.6299068529607452,
    "mean_diag_prior_mass": 0.7289807953718735
  }
}