{
  "best_epoch": 151,
  "best_train_metrics": {
    "mse": 0.19964976608753204,
    "rmse": 0.4468218684196472,
    "mae": 0.2757837176322937,
    "ci": 0.8990667284996724,
    "rm2": 0.7442147549432456,
    "loss": 0.3751074227462726,
    "reg_loss": 0.19964975864003476,
    "clip_loss": 1.6962426035303255,
    "pcl_loss": 0.058334002646478395
  },
  "best_val_metrics": {
    "mse": 0.2228870540857315,
    "rmse": 0.4721091687679291,
    "mae": 0.279326468706131,
    "ci": 0.8866128285181898,
    "rm2": 0.7039918804577007,
    "loss": 0.302635163515287,
    "reg_loss": 0.22288705658586208,
    "clip_loss": 0.7540236051074304,
    "pcl_loss": 0.043457459947017496
  }
}