{
  "best_epoch": 26,
  "best_train_metrics": {
    "mse": 0.3939065933227539,
    "rmse": 0.6276198029518127,
    "mae": 0.4198916554450989,
    "ci": 0.81852970076525,
    "rm2": 0.46902433440433416,
    "loss": 0.39390661751165296
  },
  "best_val_metrics": {
    "mse": 0.34151390194892883,
    "rmse": 0.5843918919563293,
    "mae": 0.3697896897792816,
    "ci": 0.8542977475812855,
    "rm2": 0.5572961699115826,
    "loss": 0.3415139053498678
  }
}