{
  "best_epoch": 242,
  "best_train_metrics": {
    "mse": 0.14007969200611115,
    "rmse": 0.3742722272872925,
    "mae": 0.2280760258436203,
    "ci": 0.920358417816974,
    "rm2": 0.8205238058788915,
    "loss": 0.26143193893273503,
    "reg_loss": 0.1400796898603737,
    "clip_loss": 1.128681572659503,
    "pcl_loss": 0.08484090093858326,
    "protein_pcl_loss": 0.03949529111517485,
    "drug_pcl_loss": 0.04534561017917002
  },
  "best_val_metrics": {
    "mse": 0.21130666136741638,
    "rmse": 0.45968106389045715,
    "mae": 0.27110007405281067,
    "ci": 0.8861972548338292,
    "rm2": 0.7292690724727935,
    "loss": 0.2589054462752217,
    "reg_loss": 0.21130666134336262,
    "clip_loss": 0.3895533764715394,
    "pcl_loss": 0.08643446563486906,
    "protein_pcl_loss": 0.04635014819232136,
    "drug_pcl_loss": 0.04008431799180526
  }
}