{
  "best_epoch": 29,
  "best_train_metrics": {
    "mse": 0.39381006360054016,
    "rmse": 0.6275428533554077,
    "mae": 0.41702941060066223,
    "ci": 0.8197933133402482,
    "rm2": 0.4828401623464635,
    "loss": 0.46313399561612856,
    "reg_loss": 0.393810039889577,
    "clip_loss": 0.6932395422296629
  },
  "best_val_metrics": {
    "mse": 0.30650755763053894,
    "rmse": 0.5536312460899353,
    "mae": 0.3474116027355194,
    "ci": 0.8547113683587733,
    "rm2": 0.6092734361761353,
    "loss": 0.37582307800339076,
    "reg_loss": 0.3065075760244789,
    "clip_loss": 0.6931550034870254
  }
}