{
  "best_epoch": 29,
  "best_train_metrics": {
    "mse": 0.3697958290576935,
    "rmse": 0.608108401298523,
    "mae": 0.412185937166214,
    "ci": 0.8301247842716034,
    "rm2": 0.5107606716107115,
    "loss": 0.48825476908516563,
    "reg_loss": 0.3697958349485238,
    "clip_loss": 1.0809409750174679,
    "pcl_loss": 0.10364835661280097
  },
  "best_val_metrics": {
    "mse": 0.2987048625946045,
    "rmse": 0.5465389490127563,
    "mae": 0.3627118170261383,
    "ci": 0.8630345363236606,
    "rm2": 0.6081865850955976,
    "loss": 0.3481705109703189,
    "reg_loss": 0.2987048403133609,
    "clip_loss": 0.38638259341700154,
    "pcl_loss": 0.10827409863328205
  }
}