{
  "best_epoch": 3,
  "best_train_metrics": {
    "mse": 0.6677610278129578,
    "rmse": 0.8171664476394653,
    "mae": 0.5634920001029968,
    "ci": 0.7305354660959911,
    "rm2": 0.1905690890161518,
    "loss": 0.6711727548251066,
    "reg_loss": 0.6677609936148058,
    "clip_loss": 0.03411761219777968
  },
  "best_val_metrics": {
    "mse": 0.5539206862449646,
    "rmse": 0.744258463382721,
    "mae": 0.48643526434898376,
    "ci": 0.7820051174527296,
    "rm2": 0.2953162918851593,
    "loss": 0.5571995156567271,
    "reg_loss": 0.5539207113121445,
    "clip_loss": 0.032788034627142686
  }
}