{
  "best_epoch": 26,
  "best_train_metrics": {
    "mse": 0.41338133811950684,
    "rmse": 0.6429473757743835,
    "mae": 0.4293213188648224,
    "ci": 0.8184002002044656,
    "rm2": 0.45880356048170323,
    "loss": 0.465933514582468,
    "reg_loss": 0.41338131226028524,
    "clip_loss": 0.5255220125400609
  },
  "best_val_metrics": {
    "mse": 0.33163169026374817,
    "rmse": 0.5758747458457947,
    "mae": 0.340949684381485,
    "ci": 0.8559442360298373,
    "rm2": 0.5669874325721063,
    "loss": 0.346010787476713,
    "reg_loss": 0.3316316698905845,
    "clip_loss": 0.14379117199404728
  }
}