{
  "best_epoch": 29,
  "best_train_metrics": {
    "mse": 0.37918907403945923,
    "rmse": 0.6157833337783813,
    "mae": 0.41145697236061096,
    "ci": 0.8263447271331931,
    "rm2": 0.502532388888586,
    "loss": 0.45591176561861946,
    "reg_loss": 0.3791891042933491,
    "clip_loss": 0.6932589655959829,
    "pcl_loss": 0.07396763841004167
  },
  "best_val_metrics": {
    "mse": 0.3083956837654114,
    "rmse": 0.5553338527679443,
    "mae": 0.34799477458000183,
    "ci": 0.8606401648145071,
    "rm2": 0.5747656660241405,
    "loss": 0.38436774282038005,
    "reg_loss": 0.3083956909436465,
    "clip_loss": 0.6931173996227543,
    "pcl_loss": 0.06660310586407822
  }
}