{
  "best_epoch": 30,
  "best_train_metrics": {
    "mse": 0.4443545341491699,
    "rmse": 0.6665992140769958,
    "mae": 0.45704618096351624,
    "ci": 0.8094871759650213,
    "rm2": 0.4266984345788675,
    "loss": 0.7622199131545548,
    "reg_loss": 0.4443545458229146,
    "clip_loss": 2.789938490738497,
    "pcl_loss": 0.38871510895230377
  },
  "best_val_metrics": {
    "mse": 0.3483905792236328,
    "rmse": 0.5902462005615234,
    "mae": 0.3742281198501587,
    "ci": 0.8478603814635538,
    "rm2": 0.5159646261212502,
    "loss": 0.5530906781917665,
    "reg_loss": 0.3483905983303482,
    "clip_loss": 1.7851487554324212,
    "pcl_loss": 0.2618520069932273
  }
}