{
  "best_epoch": 2,
  "best_train_metrics": {
    "mse": 0.7322118878364563,
    "rmse": 0.8556938171386719,
    "mae": 0.6036366820335388,
    "ci": 0.6864465028431834,
    "rm2": 0.1251180504254311,
    "loss": 0.7322118679481594
  },
  "best_val_metrics": {
    "mse": 0.5867522954940796,
    "rmse": 0.765997588634491,
    "mae": 0.505970299243927,
    "ci": 0.7641316224357734,
    "rm2": 0.28277615194810735,
    "loss": 0.5867523470436644
  }
}