{
  "best_epoch": 29,
  "best_train_metrics": {
    "mse": 0.3806735873222351,
    "rmse": 0.6169875264167786,
    "mae": 0.41152626276016235,
    "ci": 0.8283797217562684,
    "rm2": 0.49980360350404274,
    "loss": 0.3875557210679203,
    "reg_loss": 0.3806735887879789,
    "pcl_loss": 0.06882132398167833
  },
  "best_val_metrics": {
    "mse": 0.30945906043052673,
    "rmse": 0.5562904477119446,
    "mae": 0.3424548804759979,
    "ci": 0.8522090376902397,
    "rm2": 0.5916974521788051,
    "loss": 0.31454159277749544,
    "reg_loss": 0.3094590138950185,
    "pcl_loss": 0.050825790168926695
  }
}