{
  "best_epoch": 24,
  "best_train_metrics": {
    "mse": 0.43019601702690125,
    "rmse": 0.6558933258056641,
    "mae": 0.44114646315574646,
    "ci": 0.8120989185037696,
    "rm2": 0.4400467730051596,
    "loss": 0.4301960158043316
  },
  "best_val_metrics": {
    "mse": 0.3323736786842346,
    "rmse": 0.5765185952186584,
    "mae": 0.3564281463623047,
    "ci": 0.8519218733978495,
    "rm2": 0.565345265045016,
    "loss": 0.33237369961232377
  }
}