{
  "best_epoch": 194,
  "best_train_metrics": {
    "mse": 0.19690893590450287,
    "rmse": 0.4437442421913147,
    "mae": 0.29617366194725037,
    "ci": 0.8373746224379018,
    "rm2": 0.7161594970230432,
    "loss": 0.3976494288031332,
    "reg_loss": 0.1969089472209931,
    "clip_loss": 1.9237811959369597,
    "pcl_loss": 0.08362358842883129
  },
  "best_val_metrics": {
    "mse": 0.22301775217056274,
    "rmse": 0.47224757075309753,
    "mae": 0.3039773404598236,
    "ci": 0.830764354372292,
    "rm2": 0.6678821965875386,
    "loss": 0.3191950731273988,
    "reg_loss": 0.22301777018728955,
    "clip_loss": 0.8908240123282204,
    "pcl_loss": 0.07094900128383526
  }
}