{
  "best_epoch": 19,
  "best_train_metrics": {
    "mse": 0.6516209244728088,
    "rmse": 0.8072304129600525,
    "mae": 0.559403657913208,
    "ci": 0.7472263751295798,
    "rm2": 0.20914610429100278,
    "loss": 0.6516208587612585
  },
  "best_val_metrics": {
    "mse": 0.5392789244651794,
    "rmse": 0.734356164932251,
    "mae": 0.49758484959602356,
    "ci": 0.7933786031074794,
    "rm2": 0.3150519339180971,
    "loss": 0.5392789662091989
  }
}