{
  "best_epoch": 187,
  "best_train_metrics": {
    "mse": 0.16561031341552734,
    "rmse": 0.40695247054100037,
    "mae": 0.25263512134552,
    "ci": 0.9138461253820491,
    "rm2": 0.7940318156631332,
    "loss": 0.2752194253993608,
    "reg_loss": 0.16561030527511902,
    "clip_loss": 1.0497831593803628,
    "pcl_loss": 0.04630802970060669
  },
  "best_val_metrics": {
    "mse": 0.2123534232378006,
    "rmse": 0.46081823110580444,
    "mae": 0.278850257396698,
    "ci": 0.8949887974693241,
    "rm2": 0.7000367684390096,
    "loss": 0.2528235123285096,
    "reg_loss": 0.21235342083510192,
    "clip_loss": 0.38200912807357434,
    "pcl_loss": 0.022691787039551613
  }
}