{
  "best_epoch": 24,
  "best_train_metrics": {
    "mse": 0.5576497912406921,
    "rmse": 0.7467595338821411,
    "mae": 0.5099637508392334,
    "ci": 0.7788579114240521,
    "rm2": 0.3018883898461672,
    "loss": 0.6030828284145461,
    "reg_loss": 0.5576497881249239,
    "pcl_loss": 0.45433039943252546
  },
  "best_val_metrics": {
    "mse": 0.4484208822250366,
    "rmse": 0.6696423292160034,
    "mae": 0.43666282296180725,
    "ci": 0.8228507464621572,
    "rm2": 0.4280659146488114,
    "loss": 0.4770273723876435,
    "reg_loss": 0.44842086230836264,
    "pcl_loss": 0.2860650903464194
  }
}