{
  "best_epoch": 30,
  "best_train_metrics": {
    "mse": 0.379362553358078,
    "rmse": 0.6159241199493408,
    "mae": 0.41595759987831116,
    "ci": 0.8292928811370684,
    "rm2": 0.5039083827376917,
    "loss": 0.531663262996239,
    "reg_loss": 0.3793625600560464,
    "clip_loss": 1.1495332879707734,
    "pcl_loss": 0.3734737204944698,
    "protein_pcl_loss": 0.22805601670673464,
    "drug_pcl_loss": 0.1454177045746648
  },
  "best_val_metrics": {
    "mse": 0.30945834517478943,
    "rmse": 0.556289792060852,
    "mae": 0.3443574905395508,
    "ci": 0.8623455305968751,
    "rm2": 0.5888359510731226,
    "loss": 0.38218201664941653,
    "reg_loss": 0.3094583598659974,
    "clip_loss": 0.39507766086673074,
    "pcl_loss": 0.3321589015866041,
    "protein_pcl_loss": 0.20368665180985068,
    "drug_pcl_loss": 0.12847225050555444
  }
}