{
  "best_epoch": 218,
  "best_train_metrics": {
    "mse": 0.14316000044345856,
    "rmse": 0.3783649206161499,
    "mae": 0.23160792887210846,
    "ci": 0.9186383512753056,
    "rm2": 0.8177686851451427,
    "loss": 0.1637677926356617,
    "reg_loss": 0.14315999271113522,
    "clip_loss": 1.1365885696441875,
    "pcl_loss": 0.09241914292849049,
    "protein_pcl_loss": 0.05069471238103137,
    "drug_pcl_loss": 0.04172443100600052
  },
  "best_val_metrics": {
    "mse": 0.21156755089759827,
    "rmse": 0.45996472239494324,
    "mae": 0.2722611725330353,
    "ci": 0.8885031233382108,
    "rm2": 0.731624563036055,
    "loss": 0.22227613230119053,
    "reg_loss": 0.21156754658402524,
    "clip_loss": 0.3917650373710988,
    "pcl_loss": 0.0679093556581833,
    "protein_pcl_loss": 0.032388773898044426,
    "drug_pcl_loss": 0.03552058213084328
  }
}