{
  "best_epoch": 274,
  "best_train_metrics": {
    "mse": 0.14067640900611877,
    "rmse": 0.3750685453414917,
    "mae": 0.22971287369728088,
    "ci": 0.9225152434071631,
    "rm2": 0.8204684636023692,
    "loss": 0.20846801986883776,
    "reg_loss": 0.14067641288964056,
    "clip_loss": 1.1297033381162984,
    "pcl_loss": 0.2261287835844733,
    "protein_pcl_loss": 0.17944278210525919,
    "drug_pcl_loss": 0.04668600239956382
  },
  "best_val_metrics": {
    "mse": 0.22009654343128204,
    "rmse": 0.46914446353912354,
    "mae": 0.2738136351108551,
    "ci": 0.8854564473007891,
    "rm2": 0.720265563129585,
    "loss": 0.2487416881753151,
    "reg_loss": 0.22009654510181148,
    "clip_loss": 0.390052490574973,
    "pcl_loss": 0.18285035208265088,
    "protein_pcl_loss": 0.14653658191025792,
    "drug_pcl_loss": 0.03631377118304207
  }
}