{
  "best_epoch": 445,
  "best_train_metrics": {
    "mse": 0.13179749250411987,
    "rmse": 0.3630392551422119,
    "mae": 0.2225632518529892,
    "ci": 0.9247072954163926,
    "rm2": 0.8323153568277234,
    "loss": 0.2519898909356852,
    "reg_loss": 0.13179750103293236,
    "clip_loss": 1.123869460132567,
    "pcl_loss": 0.07805442482446162,
    "protein_pcl_loss": 0.04126993561711186,
    "drug_pcl_loss": 0.036784489586820915
  },
  "best_val_metrics": {
    "mse": 0.20748023688793182,
    "rmse": 0.4555000066757202,
    "mae": 0.2732018530368805,
    "ci": 0.8930490041181455,
    "rm2": 0.7144707053980701,
    "loss": 0.2528916428097644,
    "reg_loss": 0.20748022374074795,
    "clip_loss": 0.3896617312360724,
    "pcl_loss": 0.06445245803115883,
    "protein_pcl_loss": 0.03012499447489524,
    "drug_pcl_loss": 0.034327463853327835
  }
}