{
  "best_epoch": 186,
  "best_train_metrics": {
    "mse": 0.21754197776317596,
    "rmse": 0.4664139747619629,
    "mae": 0.3128538131713867,
    "ci": 0.8291498084784273,
    "rm2": 0.6848115459325858,
    "loss": 0.43594096683404193,
    "reg_loss": 0.21754196735669734,
    "clip_loss": 0.7977047400597509,
    "pcl_loss": 1.3862852421088945
  },
  "best_val_metrics": {
    "mse": 0.2386675626039505,
    "rmse": 0.48853614926338196,
    "mae": 0.3228200674057007,
    "ci": 0.8232411828942752,
    "rm2": 0.6514852566237823,
    "loss": 0.4018533577725356,
    "reg_loss": 0.23866757092468038,
    "clip_loss": 0.24559999077543185,
    "pcl_loss": 1.3862578740337073
  }
}