{
  "best_epoch": 185,
  "best_train_metrics": {
    "mse": 0.1682923287153244,
    "rmse": 0.4102344810962677,
    "mae": 0.24944986402988434,
    "ci": 0.9131649814228215,
    "rm2": 0.7866320021074048,
    "loss": 0.2777653574907192,
    "reg_loss": 0.16829233061416551,
    "clip_loss": 1.0495125446134295,
    "pcl_loss": 0.04521771471101895
  },
  "best_val_metrics": {
    "mse": 0.21238647401332855,
    "rmse": 0.46085405349731445,
    "mae": 0.27635401487350464,
    "ci": 0.8872974734492363,
    "rm2": 0.711382393465772,
    "loss": 0.25273266161795227,
    "reg_loss": 0.21238648011868347,
    "clip_loss": 0.3822355105512441,
    "pcl_loss": 0.02122630023476264
  }
}