{
  "best_epoch": 6,
  "best_train_metrics": {
    "mse": 0.6748660206794739,
    "rmse": 0.8215022683143616,
    "mae": 0.5755825638771057,
    "ci": 0.7245718234936797,
    "rm2": 0.18351306353073102,
    "loss": 0.6748660146608484
  },
  "best_val_metrics": {
    "mse": 0.5529792308807373,
    "rmse": 0.7436257004737854,
    "mae": 0.4811408221721649,
    "ci": 0.77381642699969,
    "rm2": 0.288164980964174,
    "loss": 0.5529792174229639
  }
}