{
  "best_epoch": 450,
  "best_train_metrics": {
    "mse": 0.17124716937541962,
    "rmse": 0.41382020711898804,
    "mae": 0.2752664387226105,
    "ci": 0.8530664453845443,
    "rm2": 0.7508462306799573,
    "loss": 0.25813186105271846,
    "reg_loss": 0.17124717731298322,
    "clip_loss": 0.7963242014096483,
    "pcl_loss": 0.07252262578267998,
    "protein_pcl_loss": 0.05106607933945967,
    "drug_pcl_loss": 0.021456546798174214
  },
  "best_val_metrics": {
    "mse": 0.19829626381397247,
    "rmse": 0.4453046917915344,
    "mae": 0.2800021171569824,
    "ci": 0.846696909960839,
    "rm2": 0.7011337051773429,
    "loss": 0.2287055470909312,
    "reg_loss": 0.19829626407562392,
    "clip_loss": 0.24515077510795796,
    "pcl_loss": 0.05894205201622338,
    "protein_pcl_loss": 0.045009135461987954,
    "drug_pcl_loss": 0.013932916830239008
  }
}