{
  "best_epoch": 29,
  "best_train_metrics": {
    "mse": 0.5138633251190186,
    "rmse": 0.7168425917625427,
    "mae": 0.4950253367424011,
    "ci": 0.793210302591767,
    "rm2": 0.34822294635185247,
    "loss": 0.7969956328424765,
    "reg_loss": 0.5138633485444021,
    "clip_loss": 2.8313227678803456
  },
  "best_val_metrics": {
    "mse": 0.399480402469635,
    "rmse": 0.6320446133613586,
    "mae": 0.3957049250602722,
    "ci": 0.8370730103280143,
    "rm2": 0.4654112390993216,
    "loss": 0.5783820274814911,
    "reg_loss": 0.3994804285959915,
    "clip_loss": 1.789015957453525
  }
}