{
  "best_epoch": 8,
  "best_train_metrics": {
    "mse": 0.5952627658843994,
    "rmse": 0.7715327739715576,
    "mae": 0.5266966819763184,
    "ci": 0.758661829772261,
    "rm2": 0.2629641980241481,
    "loss": 0.5952627795990729
  },
  "best_val_metrics": {
    "mse": 0.5089524984359741,
    "rmse": 0.7134090662002563,
    "mae": 0.5113846063613892,
    "ci": 0.7894453421397836,
    "rm2": 0.3630423593864933,
    "loss": 0.508952527315682
  }
}