{
  "best_epoch": 189,
  "best_train_metrics": {
    "mse": 0.19107858836650848,
    "rmse": 0.43712538480758667,
    "mae": 0.29323524236679077,
    "ci": 0.84075887060382,
    "rm2": 0.7239407794217296,
    "loss": 0.3302040392188957,
    "reg_loss": 0.19107858946009854,
    "clip_loss": 1.3354903923354149,
    "pcl_loss": 0.05576408240681101
  },
  "best_val_metrics": {
    "mse": 0.2178657054901123,
    "rmse": 0.4667608439922333,
    "mae": 0.29631301760673523,
    "ci": 0.8332059414560613,
    "rm2": 0.6848783706365487,
    "loss": 0.2728397379359616,
    "reg_loss": 0.21786569611167705,
    "clip_loss": 0.5045884188861102,
    "pcl_loss": 0.045151989606972504
  }
}