{
  "best_epoch": 29,
  "best_train_metrics": {
    "mse": 0.5547575950622559,
    "rmse": 0.7448204755783081,
    "mae": 0.5079187750816345,
    "ci": 0.7813278151048911,
    "rm2": 0.3051037719116507,
    "loss": 0.9012881947490142,
    "reg_loss": 0.5547576091143702,
    "clip_loss": 3.4653057863455157
  },
  "best_val_metrics": {
    "mse": 0.4621972143650055,
    "rmse": 0.6798508763313293,
    "mae": 0.43220946192741394,
    "ci": 0.8170437576387588,
    "rm2": 0.40990522944250873,
    "loss": 0.8085628158954793,
    "reg_loss": 0.4621972035240213,
    "clip_loss": 3.463656079229162
  }
}