{
  "best_epoch": 30,
  "best_train_metrics": {
    "mse": 0.5174639225006104,
    "rmse": 0.7193496823310852,
    "mae": 0.49208590388298035,
    "ci": 0.7974634307484053,
    "rm2": 0.34591350643305474,
    "loss": 0.8006664623957017,
    "reg_loss": 0.5174638942951192,
    "clip_loss": 2.8320256237535864
  },
  "best_val_metrics": {
    "mse": 0.42639750242233276,
    "rmse": 0.6529911756515503,
    "mae": 0.44845524430274963,
    "ci": 0.8373650068535209,
    "rm2": 0.43381796668323847,
    "loss": 0.6055362976386572,
    "reg_loss": 0.426397507614375,
    "clip_loss": 1.791387884625159
  }
}