{
  "best_epoch": 276,
  "best_train_metrics": {
    "mse": 0.13756218552589417,
    "rmse": 0.3708937466144562,
    "mae": 0.23012606799602509,
    "ci": 0.9248254815810955,
    "rm2": 0.8262715462745194,
    "loss": 0.2702839236085289,
    "reg_loss": 0.1375621877265677,
    "clip_loss": 1.1304977121492736,
    "pcl_loss": 0.19671962455226139,
    "protein_pcl_loss": 0.14468702970665676,
    "drug_pcl_loss": 0.05203259576957153
  },
  "best_val_metrics": {
    "mse": 0.2066529393196106,
    "rmse": 0.45459094643592834,
    "mae": 0.27178579568862915,
    "ci": 0.8873866340432002,
    "rm2": 0.6936963220307126,
    "loss": 0.2633818515469336,
    "reg_loss": 0.20665291751526418,
    "clip_loss": 0.39237842819416563,
    "pcl_loss": 0.17491090903347206,
    "protein_pcl_loss": 0.11780223892394147,
    "drug_pcl_loss": 0.05710867107491274
  }
}