{
  "best_epoch": 198,
  "best_train_metrics": {
    "mse": 0.1554551124572754,
    "rmse": 0.394277960062027,
    "mae": 0.24496327340602875,
    "ci": 0.9174728336927478,
    "rm2": 0.8052750862103507,
    "loss": 0.28948241581296147,
    "reg_loss": 0.15545511846415844,
    "clip_loss": 1.1292024500736855,
    "pcl_loss": 0.21107050408099043,
    "protein_pcl_loss": 0.1537883097205182,
    "drug_pcl_loss": 0.05728219535392196
  },
  "best_val_metrics": {
    "mse": 0.2110965996980667,
    "rmse": 0.45945248007774353,
    "mae": 0.2772415578365326,
    "ci": 0.8912416364062801,
    "rm2": 0.7188576874497564,
    "loss": 0.26775064727044845,
    "reg_loss": 0.21109658963436775,
    "clip_loss": 0.3920489900826577,
    "pcl_loss": 0.17449157407786034,
    "protein_pcl_loss": 0.12274452459873278,
    "drug_pcl_loss": 0.05174705037355119
  }
}