{
  "best_epoch": 29,
  "best_train_metrics": {
    "mse": 0.3882943093776703,
    "rmse": 0.6231326460838318,
    "mae": 0.4098033905029297,
    "ci": 0.8212948497595755,
    "rm2": 0.48170062748769416,
    "loss": 0.38829435143448193
  },
  "best_val_metrics": {
    "mse": 0.3454549312591553,
    "rmse": 0.5877541303634644,
    "mae": 0.3919374346733093,
    "ci": 0.8584148014715725,
    "rm2": 0.5839279649020375,
    "loss": 0.3454549246940679
  }
}