{
  "best_epoch": 190,
  "best_train_metrics": {
    "mse": 0.16983404755592346,
    "rmse": 0.41210928559303284,
    "mae": 0.2520985007286072,
    "ci": 0.9126607909911303,
    "rm2": 0.7864315516156019,
    "loss": 0.2793246886528552,
    "reg_loss": 0.16983405598546839,
    "clip_loss": 1.0516314585619344,
    "pcl_loss": 0.043274853568665846
  },
  "best_val_metrics": {
    "mse": 0.21210449934005737,
    "rmse": 0.4605480432510376,
    "mae": 0.27165931463241577,
    "ci": 0.8894186469982993,
    "rm2": 0.7056733174500708,
    "loss": 0.2523652906625334,
    "reg_loss": 0.21210451282204684,
    "clip_loss": 0.38202876122571033,
    "pcl_loss": 0.020579016006370986
  }
}