{
  "best_epoch": 30,
  "best_train_metrics": {
    "mse": 0.519241452217102,
    "rmse": 0.7205840945243835,
    "mae": 0.4931446313858032,
    "ci": 0.7916622025732457,
    "rm2": 0.34315144112502105,
    "loss": 0.5448803653916866,
    "reg_loss": 0.5192414670637373,
    "pcl_loss": 0.25638898038377556
  },
  "best_val_metrics": {
    "mse": 0.42634692788124084,
    "rmse": 0.6529524922370911,
    "mae": 0.40469127893447876,
    "ci": 0.8347902516179142,
    "rm2": 0.44679979248070356,
    "loss": 0.44678017887504257,
    "reg_loss": 0.4263469572058953,
    "pcl_loss": 0.20433221906163967
  }
}