{
  "best_epoch": 336,
  "best_train_metrics": {
    "mse": 0.17798574268817902,
    "rmse": 0.42188358306884766,
    "mae": 0.26245254278182983,
    "ci": 0.9034563600312162,
    "rm2": 0.7712194416909662,
    "loss": 0.17798573147993335
  },
  "best_val_metrics": {
    "mse": 0.20281535387039185,
    "rmse": 0.45035025477409363,
    "mae": 0.2632582485675812,
    "ci": 0.8913851301579668,
    "rm2": 0.729439257654032,
    "loss": 0.2028153585278971
  }
}