{
  "best_epoch": 3,
  "best_train_metrics": {
    "mse": 0.6656509041786194,
    "rmse": 0.8158742785453796,
    "mae": 0.5633413195610046,
    "ci": 0.7309518190049004,
    "rm2": 0.19256279337759147,
    "loss": 0.967759613740276,
    "reg_loss": 0.6656509076890516,
    "clip_loss": 3.021086978629857
  },
  "best_val_metrics": {
    "mse": 0.5817212462425232,
    "rmse": 0.7627065181732178,
    "mae": 0.47310179471969604,
    "ci": 0.7851693461988594,
    "rm2": 0.29919838382788877,
    "loss": 0.766203097267018,
    "reg_loss": 0.5817213120776187,
    "clip_loss": 1.8448178507309758
  }
}