pdb_id,sequence_len,label_len,positive_count,positive_rate,has_protein_graph,has_ligand_graph,in_refined_set
3tu9,1399,1399,43,0.030736240171551108,True,True,False
6joe,479,479,8,0.016701461377870562,True,True,False
3cj2,557,557,6,0.010771992818671455,True,True,True
5egm,281,281,9,0.03202846975088968,False,False,True
4dst,180,180,3,0.016666666666666666,True,False,True
1lhd,240,240,12,0.05,False,True,False
1bqo,342,342,5,0.014619883040935672,True,True,False
1epo,320,320,12,0.0375,False,True,True
6h7u,487,487,2,0.004106776180698152,True,True,False
6b2q,520,520,15,0.028846153846153848,True,False,False
5fwg,426,426,18,0.04225352112676056,True,True,False
3p7i,600,600,6,0.01,True,True,True
6n77,278,278,6,0.02158273381294964,True,True,False
6u6w,309,309,8,0.025889967637540454,True,True,True
2zdl,220,220,9,0.04090909090909091,False,True,True
4lgg,241,241,6,0.024896265560165973,True,True,False
2yiu,1616,1616,17,0.01051980198019802,True,True,False
4ez5,258,258,10,0.03875968992248062,True,False,False
6iql,681,681,7,0.010279001468428781,True,False,False
6pyc,843,843,10,0.011862396204033215,True,True,False
6bgw,309,309,3,0.009708737864077669,True,False,False
2ohv,516,516,6,0.011627906976744186,True,True,False
1nki,268,268,7,0.026119402985074626,True,True,True
3l3l,350,350,6,0.017142857142857144,True,True,True
5lpd,245,245,7,0.02857142857142857,False,True,False
5jxq,740,740,7,0.00945945945945946,True,False,True
1c3r,744,744,7,0.009408602150537635,True,True,False
6pia,690,690,9,0.013043478260869565,True,True,True
2z4z,622,622,22,0.03536977491961415,True,True,False
1pf7,864,864,7,0.008101851851851851,True,False,False
3bmo,1006,1006,22,0.02186878727634195,True,True,False
5mek,322,322,14,0.043478260869565216,True,True,True
6ps6,443,443,8,0.01805869074492099,True,True,False
1zsr,196,196,16,0.08163265306122448,True,True,False
6d18,270,270,14,0.05185185185185185,True,True,True
6ps1,442,442,10,0.02262443438914027,True,True,False
2wnc,1066,1066,27,0.025328330206378986,True,False,True
185l,162,162,9,0.05555555555555555,True,False,True
4clz,1371,1371,20,0.014587892049598834,True,True,False
5hoa,225,225,5,0.022222222222222223,True,True,False
4y79,280,280,4,0.014285714285714285,False,True,True
6mjf,741,741,14,0.018893387314439947,True,True,True
5dhg,281,281,8,0.028469750889679714,True,True,False
4ofl,496,496,4,0.008064516129032258,True,False,False
1if8,258,258,5,0.01937984496124031,True,True,True
5uwf,323,323,7,0.021671826625386997,True,True,False
4nrm,211,211,6,0.02843601895734597,True,True,False
2wi2,209,209,5,0.023923444976076555,False,True,False
5alj,523,523,7,0.01338432122370937,True,True,False
1flr,435,435,9,0.020689655172413793,True,True,True
2qaf,651,651,24,0.03686635944700461,True,True,False
2zda,242,242,10,0.04132231404958678,False,True,True
3hvc,327,327,14,0.04281345565749235,True,False,False
5aoi,196,196,5,0.025510204081632654,True,False,True
4jju,559,559,8,0.014311270125223614,True,True,False
5g1z,385,385,10,0.025974025974025976,True,True,True
1px4,4044,4044,24,0.005934718100890208,True,True,True
5l7h,249,249,13,0.05220883534136546,True,True,True
3dpe,163,163,6,0.03680981595092025,True,True,False
4kod,2631,2631,46,0.017483846446218167,True,True,False
1wn6,504,504,12,0.023809523809523808,True,True,True
5zku,884,884,16,0.01809954751131222,True,True,False
3oc0,1456,1456,14,0.009615384615384616,True,True,False
2pgl,252,252,9,0.03571428571428571,True,True,False
4an0,710,710,11,0.015492957746478873,True,True,False
4pnm,199,199,5,0.02512562814070352,True,True,False
3arf,830,830,20,0.024096385542168676,True,True,False
2yb0,521,521,22,0.04222648752399232,True,True,True
6k05,215,215,18,0.08372093023255814,True,True,False
6ew3,232,232,2,0.008620689655172414,False,True,False
2wed,646,646,10,0.015479876160990712,True,True,True
1abf,305,305,7,0.022950819672131147,True,True,False
6br2,215,215,10,0.046511627906976744,True,True,False
5wlv,257,257,8,0.0311284046692607,True,True,False
1sqt,244,244,5,0.020491803278688523,False,True,True
1q83,1067,1067,21,0.019681349578256794,True,False,False
4jib,1338,1338,30,0.02242152466367713,True,True,False
4qag,133,133,2,0.015037593984962405,True,True,False
1a9u,351,351,9,0.02564102564102564,True,False,False
3ag9,317,317,13,0.04100946372239748,True,True,True
4r4i,123,123,9,0.07317073170731707,True,True,True
1re8,337,337,15,0.04451038575667656,True,True,False
4k18,277,277,7,0.02527075812274368,True,True,True
6nfn,415,415,7,0.016867469879518072,True,True,False
5ai6,545,545,4,0.007339449541284404,True,True,False
6qzh,744,744,10,0.013440860215053764,True,True,False
3wb4,360,360,5,0.013888888888888888,True,True,False
5lgt,799,799,2,0.0025031289111389237,True,True,False
5zfi,221,221,3,0.013574660633484163,False,True,False
2iuz,395,395,5,0.012658227848101266,True,True,True
5apj,250,250,9,0.036,True,True,False
5tyo,566,566,7,0.012367491166077738,True,True,False
3vd9,4061,4061,20,0.004924895345973898,True,True,True
1xbb,268,268,5,0.018656716417910446,True,True,False
4oew,289,289,7,0.02422145328719723,True,True,False
3fty,606,606,7,0.01155115511551155,True,True,False
4y8d,382,382,3,0.007853403141361256,True,True,False
5vsd,515,515,14,0.027184466019417475,True,True,False
4lch,296,296,7,0.02364864864864865,True,True,True
3t0m,458,458,6,0.013100436681222707,True,True,False
5k0x,258,258,11,0.04263565891472868,True,True,False
6cq4,604,604,4,0.006622516556291391,True,True,False
4ufi,641,641,6,0.0093603744149766,True,True,True
3wiz,282,282,20,0.07092198581560284,True,True,False
4nga,286,286,7,0.024475524475524476,False,True,False
1f0q,329,329,8,0.0243161094224924,True,True,False
4zcw,866,866,18,0.020785219399538105,True,True,False
4jq7,606,606,9,0.01485148514851485,True,True,False
3ps1,300,300,9,0.03,True,True,True
3c79,1054,1054,16,0.015180265654648957,True,True,True
4fcd,322,322,6,0.018633540372670808,True,True,False
4g8n,510,510,7,0.013725490196078431,True,True,True
3osi,260,260,7,0.026923076923076925,True,True,False
4j1e,379,379,7,0.018469656992084433,True,True,False
5wkl,606,606,5,0.00825082508250825,True,True,False
1i72,624,624,7,0.011217948717948718,True,True,False
5nw1,329,329,8,0.0243161094224924,True,True,True
5h9p,138,138,5,0.036231884057971016,True,True,False
3t3h,1612,1612,11,0.006823821339950372,True,True,False
3g4k,330,330,5,0.015151515151515152,True,True,False
4qr3,125,125,6,0.048,True,True,False
2bpy,198,198,15,0.07575757575757576,True,True,True
4pyv,328,328,8,0.024390243902439025,False,True,False
6h12,532,532,8,0.015037593984962405,True,True,False
2p4s,846,846,19,0.022458628841607566,True,False,True
2fou,259,259,9,0.03474903474903475,True,False,False
2jk7,97,97,7,0.07216494845360824,False,True,False
4ke1,355,355,11,0.030985915492957747,True,True,False
2lwi,166,166,2,0.012048192771084338,True,True,False
5pzm,1096,1096,7,0.006386861313868613,True,True,False
3ie3,417,417,5,0.011990407673860911,True,True,False
4ieh,138,138,12,0.08695652173913043,True,True,True
5he5,387,387,9,0.023255813953488372,True,True,False
5lqf,625,625,6,0.0096,True,False,False
6hcv,959,959,10,0.010427528675703858,True,True,False
3rzi,1820,1820,10,0.005494505494505495,True,False,False
3h0e,475,475,14,0.029473684210526315,True,True,False
5mi5,677,677,8,0.011816838995568686,True,True,False
5z89,267,267,2,0.00749063670411985,True,True,False
4fz6,266,266,4,0.015037593984962405,True,True,False
6fv4,766,766,6,0.007832898172323759,True,True,True
5fas,483,483,16,0.033126293995859216,True,True,False
5l2m,986,986,5,0.005070993914807302,True,True,False
4q3t,1008,1008,18,0.017857142857142856,True,True,True
6dzq,178,178,2,0.011235955056179775,True,True,False
6n3w,227,227,10,0.04405286343612335,True,False,True
5auu,274,274,12,0.043795620437956206,True,True,False
5qap,241,241,6,0.024896265560165973,True,True,False
3wcb,1364,1364,21,0.015395894428152493,True,True,False
5os3,264,264,2,0.007575757575757576,True,True,False
4l23,1291,1291,6,0.004647560030983733,True,True,False
2vvv,281,281,5,0.017793594306049824,False,True,True
3lpk,779,779,29,0.037227214377406934,True,True,True
1xz8,323,323,9,0.02786377708978328,True,True,False
3n23,1286,1286,6,0.004665629860031105,True,True,False
5y8z,127,127,6,0.047244094488188976,True,True,False
6q8k,338,338,7,0.020710059171597635,True,True,False
3axm,4512,4512,76,0.016843971631205674,True,True,False
4hy1,360,360,9,0.025,True,False,True
4qij,1796,1796,111,0.06180400890868597,True,True,True
2o4j,240,240,12,0.05,True,True,True
4hy5,95,95,5,0.05263157894736842,True,True,False
3dxk,1704,1704,8,0.004694835680751174,True,False,False
3hmp,258,258,5,0.01937984496124031,True,True,True
6ijl,423,423,8,0.018912529550827423,True,True,False
5owl,331,331,5,0.015105740181268883,True,True,True
6o1g,588,588,9,0.015306122448979591,True,True,False
5kzi,273,273,7,0.02564102564102564,True,True,False
6pg5,305,305,6,0.019672131147540985,True,False,True
6ew7,244,244,8,0.03278688524590164,True,True,False
3rz3,164,164,8,0.04878048780487805,True,True,False
5tuz,516,516,11,0.02131782945736434,True,True,True
3b24,209,209,8,0.03827751196172249,True,True,True
5ty8,258,258,4,0.015503875968992248,True,True,False
3s1g,716,716,6,0.008379888268156424,True,False,False
3ot8,255,255,6,0.023529411764705882,False,True,False
3owk,330,330,8,0.024242424242424242,True,False,False
3upx,445,445,8,0.017977528089887642,True,True,False
2j9n,223,223,4,0.017937219730941704,True,True,False
3wk7,1092,1092,3,0.0027472527472527475,True,False,False
4abh,220,220,3,0.013636363636363636,False,True,True
4og7,469,469,6,0.01279317697228145,False,True,False
3kwa,256,256,5,0.01953125,True,True,True
2vxa,804,804,71,0.08830845771144279,False,True,False
5td2,240,240,5,0.020833333333333332,True,False,False
2bvr,244,244,5,0.020491803278688523,False,True,True
4r0a,1496,1496,5,0.0033422459893048127,True,True,True
4qrc,297,297,13,0.04377104377104377,True,True,False
6klk,954,954,2,0.0020964360587002098,True,True,False
4f7n,602,602,12,0.019933554817275746,True,True,False
4zx4,889,889,6,0.006749156355455568,True,True,True
2bkz,559,559,11,0.01967799642218247,True,False,False
6h4a,358,358,5,0.013966480446927373,True,True,False
4bdh,566,566,4,0.007067137809187279,False,False,False
6c9q,660,660,7,0.010606060606060607,True,True,False
4jt8,274,274,8,0.029197080291970802,True,True,False
2vw1,658,658,10,0.015197568389057751,True,True,True
2j4g,586,586,7,0.011945392491467578,True,True,True
1oe8,409,409,12,0.029339853300733496,True,True,True
3o6t,108,108,1,0.009259259259259259,True,True,False
6i65,448,448,6,0.013392857142857142,True,True,True
6b8j,344,344,8,0.023255813953488372,True,False,False
4pce,127,127,6,0.047244094488188976,True,True,False
4zb6,437,437,26,0.059496567505720827,True,True,True
2xxy,496,496,12,0.024193548387096774,True,True,False
4y2t,546,546,7,0.01282051282051282,True,True,False
4wi1,440,440,7,0.015909090909090907,True,True,False
3vhu,249,249,11,0.04417670682730924,True,True,False
6nv9,373,373,15,0.040214477211796246,True,True,True
1nfy,280,280,10,0.03571428571428571,False,True,True
6g2b,123,123,5,0.04065040650406504,True,True,True
6aud,840,840,9,0.010714285714285714,True,True,False
5ieg,856,856,8,0.009345794392523364,True,True,False
2x8z,598,598,4,0.006688963210702341,True,True,True
3qd3,278,278,11,0.039568345323741004,True,False,False
2bqw,279,279,8,0.02867383512544803,False,True,False
6h7z,695,695,11,0.015827338129496403,True,True,False
5x33,439,439,12,0.02733485193621868,True,True,False
2iw9,1071,1071,9,0.008403361344537815,True,False,False
6duk,602,602,22,0.036544850498338874,True,True,False
4yv1,561,561,9,0.016042780748663103,True,True,False
2v6n,612,612,3,0.004901960784313725,True,True,False
6bib,165,165,13,0.07878787878787878,True,True,False
3l9n,351,351,9,0.02564102564102564,True,False,False
6h4d,274,274,11,0.040145985401459854,True,False,False
4b7p,214,214,8,0.037383177570093455,True,True,True
3efj,551,551,22,0.039927404718693285,True,True,False
5nw7,440,440,10,0.022727272727272728,True,True,True
4cwr,207,207,9,0.043478260869565216,True,True,True
4pd6,1203,1203,8,0.006650041562759767,True,True,False
1bgo,215,215,9,0.04186046511627907,True,True,False
1v2k,220,220,7,0.031818181818181815,False,True,True
5wcl,120,120,6,0.05,True,True,False
4cae,384,384,12,0.03125,True,True,False
3tdc,720,720,4,0.005555555555555556,True,True,False
2ha2,1070,1070,8,0.007476635514018692,True,True,True
2pqb,445,445,15,0.033707865168539325,True,True,True
4og5,469,469,5,0.010660980810234541,True,True,False
2zv9,256,256,6,0.0234375,True,True,False
3opp,259,259,9,0.03474903474903475,True,True,False
6k0j,325,325,7,0.021538461538461538,True,True,False
3k5v,286,286,8,0.027972027972027972,True,True,True
6bsm,200,200,2,0.01,True,True,False
1rjk,239,239,12,0.0502092050209205,True,True,True
1m6p,292,292,21,0.07191780821917808,True,True,False
5dyy,526,526,8,0.015209125475285171,True,True,False
1gcz,350,350,20,0.05714285714285714,True,True,False
6q6m,226,226,9,0.03982300884955752,True,True,False
3fzt,259,259,11,0.04247104247104247,True,False,False
5fiv,224,224,8,0.03571428571428571,True,True,False
1i5r,570,570,20,0.03508771929824561,True,True,True
3hu2,2712,2712,59,0.021755162241887907,True,True,False
4hbx,127,127,6,0.047244094488188976,True,True,False
4orx,159,159,4,0.025157232704402517,True,True,False
6aec,330,330,9,0.02727272727272727,True,True,False
2fie,1276,1276,39,0.030564263322884012,False,True,False
2yki,207,207,13,0.06280193236714976,True,False,True
4ibb,123,123,7,0.056910569105691054,True,True,True
6rnt,104,104,6,0.057692307692307696,True,True,True
5otc,256,256,10,0.0390625,True,True,True
6hva,652,652,13,0.019938650306748466,True,True,False
2x2r,984,984,21,0.021341463414634148,True,True,True
5zgg,68,68,2,0.029411764705882353,True,True,False
6ipi,333,333,8,0.024024024024024024,True,True,False
4klv,159,159,4,0.025157232704402517,True,True,False
1h6h,143,143,6,0.04195804195804196,True,True,True
6udi,155,155,11,0.07096774193548387,True,True,True
3oxc,198,198,9,0.045454545454545456,True,True,False
4qjo,521,521,7,0.013435700575815739,True,True,False
3tv4,264,264,10,0.03787878787878788,True,True,False
1xon,322,322,7,0.021739130434782608,True,True,False
3wyl,315,315,7,0.022222222222222223,True,True,False
6dvm,356,356,4,0.011235955056179775,True,True,False
3b67,247,247,4,0.016194331983805668,True,True,True
6hq7,749,749,15,0.020026702269692925,True,False,True
6r9x,164,164,5,0.03048780487804878,True,True,True
6r8r,362,362,8,0.022099447513812154,True,True,False
6oqb,155,155,8,0.05161290322580645,True,True,True
3ns7,250,250,10,0.04,True,True,False
4pnc,262,262,3,0.011450381679389313,True,True,False
3ma3,266,266,9,0.03383458646616541,True,True,False
4rrr,285,285,20,0.07017543859649122,True,True,False
3uhm,299,299,4,0.013377926421404682,True,True,False
5kya,460,460,5,0.010869565217391304,True,True,False
3g4i,331,331,7,0.021148036253776436,True,True,False
4ng9,285,285,8,0.028070175438596492,False,True,False
4fmu,235,235,11,0.04680851063829787,True,True,False
2w71,447,447,7,0.015659955257270694,False,True,False
3oy0,257,257,4,0.01556420233463035,True,True,True
6sde,268,268,6,0.022388059701492536,True,True,False
5fqc,232,232,7,0.03017241379310345,False,False,False
1xxe,268,268,8,0.029850746268656716,True,True,False
4qmo,288,288,4,0.013888888888888888,True,False,False
1tuf,866,866,7,0.008083140877598153,True,True,False
5wdj,569,569,6,0.01054481546572935,True,False,False
3drp,962,962,9,0.009355509355509356,True,False,False
1p57,341,341,9,0.026392961876832845,False,False,True
2hpa,684,684,12,0.017543859649122806,True,True,False
1v1k,277,277,6,0.021660649819494584,True,True,False
2y34,215,215,7,0.03255813953488372,True,True,False
6q92,318,318,7,0.0220125786163522,True,False,False
5jy3,458,458,18,0.039301310043668124,True,True,True
1cj1,192,192,18,0.09375,True,True,False
4tpt,556,556,16,0.02877697841726619,True,True,False
4ogj,127,127,9,0.07086614173228346,True,True,True
2vhq,1812,1812,27,0.014900662251655629,True,True,False
4f63,549,549,13,0.023679417122040074,True,False,False
2uxx,799,799,22,0.02753441802252816,True,True,False
1b39,290,290,10,0.034482758620689655,True,True,False
4dh6,367,367,10,0.027247956403269755,True,True,False
4ot6,265,265,5,0.018867924528301886,True,True,False
1ung,438,438,2,0.0045662100456621,False,False,False
1xm6,335,335,4,0.011940298507462687,True,True,False
4erf,92,92,6,0.06521739130434782,True,True,True
3bbt,274,274,7,0.025547445255474453,True,True,False
5kww,428,428,3,0.007009345794392523,True,True,False
4zh3,2491,2491,7,0.0028101164191087916,True,True,False
4lwv,85,85,7,0.08235294117647059,True,True,False
2ica,179,179,5,0.027932960893854747,True,True,False
2zdn,220,220,9,0.04090909090909091,False,True,True
3v1r,165,165,1,0.006060606060606061,True,True,False
5oai,97,97,10,0.10309278350515463,True,False,False
6r7r,416,416,7,0.016826923076923076,True,True,False
3zps,198,198,15,0.07575757575757576,True,True,True
1clu,160,160,13,0.08125,True,True,False
3e92,348,348,12,0.034482758620689655,True,True,True
4p7s,297,297,6,0.020202020202020204,False,True,False
5c4u,241,241,11,0.04564315352697095,True,True,False
4udb,244,244,10,0.040983606557377046,True,True,False
4q1n,329,329,12,0.0364741641337386,False,True,False
6hq4,742,742,17,0.022911051212938006,True,True,False
1j1a,248,248,22,0.08870967741935484,True,True,False
1utn,220,220,3,0.013636363636363636,False,True,True
4d89,375,375,10,0.02666666666666667,True,True,False
6huu,645,645,12,0.018604651162790697,True,True,False
3chq,607,607,9,0.014827018121911038,True,True,False
5ofu,643,643,15,0.02332814930015552,True,True,False
3qxc,448,448,10,0.022321428571428572,True,True,False
4r3w,704,704,19,0.026988636363636364,True,True,True
6p5v,373,373,13,0.03485254691689008,True,True,False
6h51,454,454,5,0.011013215859030838,False,True,False
3vrv,237,237,13,0.05485232067510549,True,True,False
1wbt,352,352,10,0.028409090909090908,False,True,False
3c39,396,396,8,0.020202020202020204,True,True,True
6qrg,425,425,8,0.018823529411764704,True,False,False
6e3g,245,245,10,0.04081632653061224,True,True,False
6oiq,271,271,9,0.033210332103321034,True,True,False
4r6w,258,258,8,0.031007751937984496,True,True,False
3ezr,273,273,8,0.029304029304029304,True,False,False
3rl4,275,275,3,0.01090909090909091,True,False,False
1r0p,301,301,10,0.03322259136212625,True,True,True
2veu,297,297,11,0.037037037037037035,False,False,False
4kjv,83,83,7,0.08433734939759036,True,True,False
5o5a,113,113,6,0.05309734513274336,True,True,True
3pr0,1093,1093,25,0.022872827081427266,True,True,False
5lss,237,237,12,0.05063291139240506,True,True,False
4a9t,580,580,7,0.01206896551724138,False,False,False
6quv,334,334,6,0.017964071856287425,True,True,True
6g3a,328,328,7,0.021341463414634148,True,True,True
4h38,422,422,11,0.026066350710900472,True,True,False
6cbh,342,342,6,0.017543859649122806,True,False,False
3q7p,142,142,11,0.07746478873239436,True,False,False
4hzx,1540,1540,9,0.005844155844155844,False,True,False
5v8p,388,388,8,0.020618556701030927,True,False,False
2pj3,303,303,13,0.0429042904290429,False,True,False
5d7x,115,115,5,0.043478260869565216,True,True,False
3be2,290,290,10,0.034482758620689655,True,True,False
1zs0,163,163,4,0.024539877300613498,True,True,True
5mes,577,577,7,0.012131715771230503,True,True,True
6ps5,442,442,9,0.020361990950226245,True,True,False
4ezj,834,834,6,0.007194244604316547,True,False,False
4qgf,390,390,12,0.03076923076923077,True,True,False
6moo,301,301,8,0.026578073089700997,True,True,False
4i4e,254,254,4,0.015748031496062992,True,False,False
5u9d,271,271,14,0.05166051660516605,True,False,False
5mym,395,395,9,0.02278481012658228,True,True,False
5ke0,340,340,10,0.029411764705882353,True,False,False
4bfr,855,855,7,0.008187134502923977,True,True,False
6ezh,532,532,6,0.011278195488721804,True,False,False
5alz,546,546,10,0.018315018315018316,True,True,False
4m4q,200,200,4,0.02,True,False,False
5jfu,198,198,13,0.06565656565656566,True,True,True
4pd8,1212,1212,8,0.006600660066006601,True,False,False
3s7b,429,429,6,0.013986013986013986,True,True,False
6pgp,169,169,9,0.05325443786982249,True,True,False
2nsj,1296,1296,10,0.007716049382716049,True,True,True
6fob,238,238,19,0.07983193277310924,True,True,False
2e99,444,444,39,0.08783783783783784,True,True,False
3pka,284,284,9,0.03169014084507042,True,True,False
5nhp,338,338,7,0.020710059171597635,True,True,False
1n94,712,712,5,0.007022471910112359,True,True,False
2gz2,714,714,22,0.03081232492997199,True,True,True
3d14,262,262,8,0.030534351145038167,True,True,False
4ez3,294,294,7,0.023809523809523808,True,True,False
2uyq,274,274,3,0.010948905109489052,True,True,True
5ef7,358,358,3,0.008379888268156424,True,True,True
5cqt,131,131,8,0.061068702290076333,True,True,True
5qac,241,241,4,0.016597510373443983,True,True,False
4x68,714,714,18,0.025210084033613446,True,True,False
3n7a,1686,1686,113,0.06702253855278767,True,True,True
6mlg,238,238,6,0.025210084033613446,True,True,True
3iw8,334,334,8,0.023952095808383235,True,True,False
4m0y,263,263,15,0.057034220532319393,True,True,True
2hz4,262,262,6,0.022900763358778626,True,True,False
6f05,206,206,10,0.04854368932038835,True,True,True
5vfj,242,242,3,0.012396694214876033,True,True,False
3hu3,2697,2697,21,0.00778642936596218,True,True,True
1vcu,370,370,8,0.021621621621621623,True,True,False
1pdz,866,866,7,0.008083140877598153,True,True,True
3d27,261,261,3,0.011494252873563218,True,True,False
1iem,358,358,11,0.030726256983240222,True,True,False
3iww,1388,1388,10,0.007204610951008645,True,True,True
5ndb,243,243,2,0.00823045267489712,False,True,False
1ml1,482,482,12,0.024896265560165973,True,True,False
2nmz,198,198,10,0.050505050505050504,True,True,True
5v79,266,266,5,0.018796992481203006,True,False,True
3zj8,468,468,8,0.017094017094017096,True,True,False
1bn3,257,257,6,0.023346303501945526,True,True,True
1g54,258,258,5,0.01937984496124031,True,True,True
2zhd,220,220,11,0.05,False,True,False
6g24,121,121,5,0.04132231404958678,True,True,True
6cms,497,497,6,0.012072434607645875,True,True,False
5l7e,243,243,11,0.04526748971193416,True,True,True
1h79,1118,1118,12,0.01073345259391771,True,True,False
3ljz,161,161,4,0.024844720496894408,True,True,True
5ak5,546,546,7,0.01282051282051282,True,True,False
3b82,1029,1029,10,0.009718172983479106,True,False,False
1ljt,342,342,23,0.06725146198830409,True,True,False
1r9l,309,309,2,0.006472491909385114,True,True,True
5v7w,169,169,6,0.03550295857988166,True,True,False
3b2w,261,261,10,0.038314176245210725,True,True,False
4li0,304,304,11,0.03618421052631579,True,False,False
5j6a,674,674,11,0.016320474777448073,True,True,True
6s8a,313,313,5,0.01597444089456869,True,False,False
3bho,406,406,3,0.007389162561576354,True,False,False
3mpt,347,347,6,0.01729106628242075,True,False,False
2rfn,268,268,10,0.03731343283582089,True,True,False
3jup,314,314,12,0.03821656050955414,True,True,True
5ml5,326,326,5,0.015337423312883436,True,False,False
3pp7,1972,1972,7,0.0035496957403651115,True,True,False
5kz0,293,293,7,0.023890784982935155,True,True,True
5hmy,591,591,11,0.018612521150592216,True,True,False
3tvw,1422,1422,11,0.007735583684950774,True,False,False
3nx7,158,158,4,0.02531645569620253,True,True,True
5kjn,429,429,7,0.016317016317016316,True,False,False
3qpn,305,305,7,0.022950819672131147,True,True,False
2qoa,257,257,5,0.019455252918287938,True,True,False
4c4f,254,254,5,0.01968503937007874,True,False,False
6ee3,889,889,7,0.007874015748031496,True,True,False
1a4g,1560,1560,18,0.011538461538461539,True,True,False
5wex,258,258,6,0.023255813953488372,True,True,True
1bai,248,248,20,0.08064516129032258,True,True,True
4p4t,670,670,11,0.016417910447761194,True,False,False
1epq,320,320,14,0.04375,False,True,False
4bup,232,232,9,0.03879310344827586,True,True,True
3f37,4032,4032,1,0.000248015873015873,True,True,True
1rp7,1602,1602,27,0.016853932584269662,True,True,True
6r9u,164,164,6,0.036585365853658534,True,True,True
4l4m,941,941,18,0.019128586609989374,True,True,False
3o8p,336,336,7,0.020833333333333332,True,True,True
4wk1,276,276,7,0.025362318840579712,True,True,True
3d4z,1016,1016,4,0.003937007874015748,True,True,True
1ndy,349,349,6,0.017191977077363897,True,True,True
6jdi,252,252,11,0.04365079365079365,True,True,True
3ug2,598,598,4,0.006688963210702341,True,True,True
2izx,80,80,1,0.0125,True,True,False
3i97,154,154,6,0.03896103896103896,True,True,False
5fpp,540,540,7,0.012962962962962963,True,True,False
4mho,1612,1612,13,0.008064516129032258,True,True,False
3dhk,228,228,9,0.039473684210526314,False,True,False
2psj,306,306,9,0.029411764705882353,True,True,False
6b1w,268,268,6,0.022388059701492536,True,True,False
3tv5,1392,1392,18,0.01293103448275862,True,True,False
2cmo,514,514,9,0.017509727626459144,True,True,False
4he9,198,198,7,0.03535353535353535,True,True,False
6dim,437,437,8,0.018306636155606407,True,True,False
2wf2,375,375,16,0.042666666666666665,False,True,False
5nvv,329,329,8,0.0243161094224924,True,True,True
6dh7,198,198,15,0.07575757575757576,True,True,True
6dai,305,305,9,0.029508196721311476,True,True,True
2gqn,1566,1566,20,0.01277139208173691,True,True,False
2q92,262,262,3,0.011450381679389313,True,True,False
5fdd,181,181,3,0.016574585635359115,True,True,False
3fw4,174,174,5,0.028735632183908046,True,True,False
4ehz,290,290,6,0.020689655172413793,True,False,True
2oxx,325,325,1,0.003076923076923077,True,True,True
3eor,471,471,4,0.008492569002123142,True,True,False
6n92,520,520,22,0.04230769230769231,True,True,False
6htd,645,645,15,0.023255813953488372,True,True,False
4ie7,439,439,8,0.018223234624145785,True,True,False
2cn0,241,241,5,0.02074688796680498,False,True,True
6qm7,818,818,10,0.012224938875305624,True,True,False
2gbg,1460,1460,7,0.004794520547945206,True,True,False
6gi6,298,298,9,0.030201342281879196,True,True,False
1uml,349,349,8,0.022922636103151862,True,True,True
4nvp,800,800,8,0.01,True,True,True
4zk5,580,580,10,0.017241379310344827,True,True,False
1sqn,248,248,10,0.04032258064516129,True,True,False
2j6m,306,306,4,0.013071895424836602,True,False,False
2qo8,259,259,7,0.02702702702702703,True,True,False
1wu1,280,280,8,0.02857142857142857,False,False,False
2vtj,276,276,5,0.018115942028985508,True,True,False
4ptg,333,333,6,0.018018018018018018,True,True,False
3rv3,891,891,39,0.04377104377104377,False,True,False
6cqf,564,564,4,0.0070921985815602835,True,True,False
4e1e,722,722,6,0.008310249307479225,True,True,False
4x2l,371,371,4,0.01078167115902965,True,True,False
3hmv,351,351,6,0.017094017094017096,True,True,False
4tw6,128,128,7,0.0546875,True,True,False
4cd0,296,296,8,0.02702702702702703,False,True,True
6qfw,256,256,6,0.0234375,True,False,False
3owl,330,330,7,0.021212121212121213,True,False,False
5y8w,124,124,3,0.024193548387096774,True,True,False
6n7y,672,672,5,0.00744047619047619,True,True,False
2qwg,1548,1548,8,0.00516795865633075,False,True,False
5v41,272,272,6,0.022058823529411766,True,True,False
6mj7,54,54,4,0.07407407407407407,True,True,True
4z84,355,355,6,0.016901408450704224,False,True,True
3cd8,278,278,7,0.025179856115107913,True,True,False
3gst,434,434,23,0.052995391705069124,True,True,True
6pys,890,890,9,0.010112359550561797,True,True,False
6r4k,896,896,16,0.017857142857142856,True,True,True
5jxn,316,316,9,0.028481012658227847,True,True,True
3hl5,94,94,6,0.06382978723404255,True,True,True
3duy,367,367,12,0.0326975476839237,False,True,False
4xua,116,116,5,0.04310344827586207,True,True,False
6gub,554,554,5,0.009025270758122744,True,True,False
2gej,361,361,10,0.027700831024930747,True,False,False
6m8e,238,238,6,0.025210084033613446,True,True,False
4ruy,257,257,7,0.027237354085603113,True,True,True
3phe,558,558,5,0.008960573476702509,True,True,False
2c6o,290,290,8,0.027586206896551724,True,False,False
5hka,590,590,15,0.025423728813559324,True,True,False
6qgk,148,148,7,0.0472972972972973,True,True,False
2f10,349,349,6,0.017191977077363897,True,True,False
1ek1,1031,1031,19,0.01842870999030068,True,True,False
3t3i,1618,1618,9,0.005562422744128554,True,True,False
3n2c,3256,3256,31,0.009520884520884522,True,True,False
6n53,207,207,6,0.028985507246376812,True,True,False
3neg,182,182,7,0.038461538461538464,True,True,False
2nnq,131,131,9,0.06870229007633588,True,True,False
1e5a,464,464,5,0.010775862068965518,True,True,False
4m14,263,263,20,0.07604562737642585,True,True,True
1dm2,274,274,9,0.032846715328467155,True,False,False
5ti3,127,127,5,0.03937007874015748,True,True,False
3s0b,119,119,11,0.09243697478991597,True,True,True
4wsy,273,273,6,0.02197802197802198,True,False,False
3daj,245,245,5,0.02040816326530612,True,False,False
3uo9,1624,1624,13,0.008004926108374385,True,True,False
4azf,404,404,8,0.019801980198019802,True,True,False
5dg6,165,165,11,0.06666666666666667,True,True,False
2xkf,250,250,7,0.028,True,True,False
2zb0,349,349,12,0.034383954154727794,True,True,False
3itc,392,392,5,0.012755102040816327,True,True,False
1xxh,1755,1755,22,0.012535612535612535,True,True,False
5kcx,272,272,6,0.022058823529411766,True,True,False
2xc0,273,273,6,0.02197802197802198,False,True,True
2mas,1252,1252,27,0.02156549520766773,True,True,True
5xvq,252,252,6,0.023809523809523808,True,False,False
1xh8,337,337,11,0.032640949554896145,True,True,False
1lpg,227,227,9,0.039647577092511016,False,True,True
6c91,214,214,7,0.03271028037383177,True,True,False
4ymg,473,473,21,0.04439746300211417,True,True,True
2ajb,1456,1456,18,0.012362637362637362,True,True,False
2cbv,443,443,8,0.01805869074492099,True,True,True
6hvs,652,652,15,0.023006134969325152,True,True,False
3mw1,342,342,6,0.017543859649122806,True,False,False
6cvw,199,199,14,0.07035175879396985,False,True,False
1hs6,610,610,9,0.014754098360655738,True,True,False
2z1w,724,724,6,0.008287292817679558,True,False,True
6ckw,948,948,16,0.016877637130801686,True,True,True
3ekq,198,198,15,0.07575757575757576,True,True,False
1au0,215,215,8,0.037209302325581395,True,True,False
4zae,281,281,6,0.021352313167259787,False,False,True
3tdj,520,520,4,0.007692307692307693,True,True,False
6mey,263,263,13,0.049429657794676805,True,False,False
3uzj,247,247,4,0.016194331983805668,True,False,True
3r4o,210,210,8,0.0380952380952381,True,True,False
6h77,759,759,22,0.028985507246376812,True,True,True
6f4w,466,466,9,0.019313304721030045,True,False,False
1rdt,464,464,13,0.028017241379310345,True,True,False
5ghv,265,265,4,0.01509433962264151,True,True,False
6eku,755,755,8,0.010596026490066225,True,True,False
4yne,281,281,8,0.028469750889679714,True,True,False
5dqe,193,193,5,0.025906735751295335,True,True,True
5he7,385,385,6,0.015584415584415584,True,True,False
4muf,550,550,20,0.03636363636363636,True,True,True
5bwc,532,532,6,0.011278195488721804,True,True,True
5tt7,274,274,9,0.032846715328467155,True,True,False
6g9x,396,396,1,0.0025252525252525255,True,True,True
1swg,463,463,32,0.06911447084233262,True,True,True
2clm,1290,1290,11,0.008527131782945736,False,True,False
3egk,240,240,6,0.025,False,True,False
1mue,242,242,7,0.028925619834710745,False,True,True
1b4d,804,804,12,0.014925373134328358,True,True,False
6evq,140,140,4,0.02857142857142857,True,True,False
4azb,816,816,8,0.00980392156862745,True,True,True
5eek,356,356,3,0.008426966292134831,True,True,True
6ee4,889,889,6,0.006749156355455568,True,True,False
5cte,1449,1449,17,0.011732229123533472,True,False,False
4gd6,265,265,6,0.022641509433962263,True,True,False
5oah,288,288,6,0.020833333333333332,True,True,False
4k6i,214,214,10,0.04672897196261682,True,True,True
5kv8,854,854,19,0.02224824355971897,True,True,False
4fll,304,304,7,0.023026315789473683,True,True,False
4hn2,325,325,8,0.024615384615384615,True,True,False
6mjw,328,328,4,0.012195121951219513,True,False,False
2ces,440,440,7,0.015909090909090907,True,True,True
5ekh,257,257,3,0.011673151750972763,True,True,False
3hfv,405,405,7,0.01728395061728395,True,True,False
3rme,377,377,6,0.015915119363395226,True,True,False
5cy3,276,276,7,0.025362318840579712,True,True,False
3l5b,387,387,4,0.0103359173126615,True,True,False
2an5,258,258,6,0.023255813953488372,True,True,False
4djq,198,198,11,0.05555555555555555,True,True,True
6b1o,728,728,11,0.01510989010989011,True,True,False
5xpl,237,237,16,0.06751054852320675,True,True,False
4zzx,351,351,5,0.014245014245014245,True,True,True
6euz,463,463,8,0.017278617710583154,True,True,False
3rz7,257,257,6,0.023346303501945526,True,True,True
3rpy,277,277,6,0.021660649819494584,True,True,False
4ngp,1390,1390,12,0.008633093525179856,True,True,True
5ty1,258,258,4,0.015503875968992248,True,True,False
5z1t,135,135,5,0.037037037037037035,True,True,False
4mib,557,557,8,0.01436265709156194,True,True,False
4m3f,386,386,8,0.02072538860103627,False,True,False
1oir,286,286,6,0.02097902097902098,True,True,False
6nfo,347,347,9,0.025936599423631124,True,True,False
5lmb,264,264,4,0.015151515151515152,True,True,False
3k5i,757,757,17,0.022457067371202115,True,True,False
4kwf,1976,1976,18,0.009109311740890687,True,True,True
5sz2,257,257,8,0.0311284046692607,True,True,True
5dh5,321,321,9,0.028037383177570093,True,True,True
3i4y,512,512,4,0.0078125,True,True,True
5e90,303,303,8,0.026402640264026403,True,True,False
6s7z,897,897,10,0.011148272017837236,True,True,False
5twz,313,313,8,0.025559105431309903,True,False,False
3c2f,1602,1602,3,0.0018726591760299626,True,True,True
6bbx,242,242,18,0.0743801652892562,True,True,True
5jar,371,371,6,0.016172506738544475,True,True,False
2vaq,610,610,15,0.02459016393442623,True,False,False
2p4j,385,385,18,0.046753246753246755,False,True,True
4u8w,198,198,14,0.0707070707070707,True,True,True
4ojq,860,860,3,0.0034883720930232558,True,False,False
3qdd,209,209,8,0.03827751196172249,True,True,True
1i9l,258,258,10,0.03875968992248062,True,True,False
4tju,197,197,6,0.030456852791878174,True,True,False
2wzy,1052,1052,46,0.043726235741444866,True,True,False
1htg,198,198,21,0.10606060606060606,True,False,False
3rk9,294,294,6,0.02040816326530612,True,True,False
6cyg,210,210,7,0.03333333333333333,True,True,False
2e93,613,613,44,0.07177814029363784,True,True,False
3p8p,275,275,8,0.02909090909090909,True,True,True
4ko8,2700,2700,22,0.008148148148148147,True,True,True
4cfw,554,554,5,0.009025270758122744,True,False,False
4cfv,526,526,6,0.011406844106463879,True,False,False
6udx,151,151,8,0.052980132450331126,True,True,False
3f88,340,340,10,0.029411764705882353,True,True,False
6r1c,327,327,6,0.01834862385321101,True,True,False
4cig,294,294,14,0.047619047619047616,True,True,True
5g1a,738,738,4,0.005420054200542005,True,True,True
4cwo,210,210,10,0.047619047619047616,True,True,True
2lkk,126,126,13,0.10317460317460317,True,True,False
5k4z,664,664,4,0.006024096385542169,True,False,False
2c8y,246,246,6,0.024390243902439025,False,True,False
6ht1,143,143,7,0.04895104895104895,True,False,True
3r01,274,274,8,0.029197080291970802,True,True,False
6fgl,103,103,9,0.08737864077669903,True,True,False
3ms9,265,265,6,0.022641509433962263,True,True,True
1g30,243,243,10,0.0411522633744856,False,True,True
4men,127,127,7,0.05511811023622047,True,True,False
3hhm,1279,1279,10,0.007818608287724784,True,True,False
6h1h,288,288,2,0.006944444444444444,False,False,False
3rxd,223,223,3,0.013452914798206279,True,True,False
5j7w,595,595,7,0.011764705882352941,True,True,True
6s43,898,898,13,0.014476614699331848,True,True,False
2xuz,281,281,8,0.028469750889679714,True,True,False
2pow,257,257,6,0.023346303501945526,True,True,True
2ohu,377,377,9,0.023872679045092837,True,False,False
5vc3,260,260,8,0.03076923076923077,True,True,True
4obo,275,275,10,0.03636363636363636,True,True,False
4o74,127,127,8,0.06299212598425197,True,True,False
6b5i,1476,1476,21,0.014227642276422764,True,True,False
3cr5,182,182,5,0.027472527472527472,True,True,False
6p8a,1011,1011,6,0.005934718100890208,True,True,True
6qg4,272,272,3,0.011029411764705883,True,True,False
6o2p,1179,1179,4,0.0033927056827820186,True,True,False
1hti,496,496,5,0.010080645161290322,True,True,False
2zp0,554,554,13,0.023465703971119134,False,True,False
3gn7,350,350,4,0.011428571428571429,True,False,False
4bdt,1126,1126,9,0.007992895204262877,True,True,False
4mbl,274,274,10,0.0364963503649635,True,True,False
5q0d,229,229,10,0.043668122270742356,False,False,False
6hys,632,632,10,0.015822784810126583,True,True,False
5uxm,445,445,8,0.017977528089887642,True,False,False
5z1r,134,134,6,0.04477611940298507,True,True,False
6g8m,1080,1080,14,0.012962962962962963,True,True,False
2poq,662,662,3,0.004531722054380665,True,True,False
2brb,272,272,6,0.022058823529411766,True,True,True
3ti4,1528,1528,22,0.014397905759162303,False,True,False
5csd,158,158,25,0.15822784810126583,True,True,False
5wzs,123,123,11,0.08943089430894309,True,True,False
5yz2,267,267,13,0.04868913857677903,True,True,True
2gg0,262,262,3,0.011450381679389313,True,True,False
4wgi,513,513,7,0.01364522417153996,True,True,False
4uff,242,242,10,0.04132231404958678,False,True,False
6oy1,198,198,20,0.10101010101010101,True,True,False
5nzf,387,387,9,0.023255813953488372,True,True,True
2aog,198,198,19,0.09595959595959595,True,True,True
6ap6,264,264,11,0.041666666666666664,True,True,False
2wic,744,744,10,0.013440860215053764,True,False,False
2i0j,448,448,19,0.04241071428571429,True,True,False
1wbn,352,352,11,0.03125,False,False,False
4oq6,141,141,6,0.0425531914893617,True,True,False
3kb3,470,470,8,0.01702127659574468,True,True,False
4cu8,848,848,7,0.008254716981132075,True,True,True
5zg3,520,520,3,0.0057692307692307696,True,True,True
1v2r,220,220,6,0.02727272727272727,False,True,True
4kup,330,330,9,0.02727272727272727,True,False,False
5n3w,606,606,9,0.01485148514851485,True,True,False
5ap2,256,256,6,0.0234375,True,True,False
3p3s,460,460,10,0.021739130434782608,False,False,True
4bnz,976,976,7,0.007172131147540984,True,True,False
4i54,339,339,10,0.029498525073746312,True,True,True
5ehi,256,256,1,0.00390625,True,True,False
3u6h,280,280,11,0.039285714285714285,True,True,True
6f8x,646,646,17,0.02631578947368421,True,True,False
6hvw,652,652,9,0.013803680981595092,True,True,False
3zt2,298,298,30,0.10067114093959731,True,True,True
6cyh,210,210,8,0.0380952380952381,True,True,False
5drc,715,715,7,0.009790209790209791,True,False,False
2wky,508,508,16,0.031496062992125984,False,True,True
2jke,1374,1374,6,0.004366812227074236,True,True,True
5yov,126,126,10,0.07936507936507936,True,True,False
2ony,257,257,9,0.03501945525291829,True,True,False
2qpj,696,696,12,0.017241379310344827,True,True,False
1ayv,215,215,10,0.046511627906976744,True,True,False
6c7e,342,342,7,0.02046783625730994,True,True,False
5l8o,125,125,11,0.088,True,True,False
6iar,237,237,7,0.029535864978902954,True,False,False
3mf5,1114,1114,18,0.01615798922800718,True,True,True
3dp2,905,905,12,0.013259668508287293,True,True,False
3rf4,348,348,14,0.040229885057471264,True,True,True
3fv2,256,256,7,0.02734375,True,True,True
4ach,702,702,12,0.017094017094017096,False,True,False
1xos,319,319,4,0.012539184952978056,True,True,False
5auw,274,274,10,0.0364963503649635,True,True,False
1jk7,294,294,6,0.02040816326530612,True,True,False
6i0x,420,420,8,0.01904761904761905,True,True,False
4i73,645,645,9,0.013953488372093023,True,True,False
6cmj,285,285,11,0.03859649122807018,True,False,False
6fjm,2200,2200,8,0.0036363636363636364,True,True,False
3cfn,460,460,6,0.013043478260869565,True,True,True
3fhb,357,357,5,0.014005602240896359,True,True,True
5g3w,738,738,14,0.018970189701897018,True,True,False
6iin,671,671,8,0.011922503725782414,True,True,False
4o7a,127,127,9,0.07086614173228346,True,True,False
2dbl,424,424,6,0.014150943396226415,False,True,False
4rrg,276,276,14,0.050724637681159424,True,True,True
3pcg,2598,2598,32,0.012317167051578136,True,True,True
6d16,270,270,7,0.025925925925925925,True,True,True
3hrb,344,344,8,0.023255813953488372,True,False,False
6n48,574,574,6,0.010452961672473868,True,True,False
4bic,260,260,6,0.023076923076923078,True,False,False
1bnt,256,256,6,0.0234375,True,True,True
5ttv,280,280,5,0.017857142857142856,True,False,False
4ztn,286,286,5,0.017482517482517484,False,True,False
6dko,716,716,5,0.006983240223463687,True,True,False
6i3u,557,557,12,0.02154398563734291,True,True,False
5ivc,308,308,5,0.016233766233766232,True,True,True
4kyk,356,356,7,0.019662921348314606,True,True,True
5mqe,114,114,2,0.017543859649122806,True,False,True
4klb,215,215,2,0.009302325581395349,True,False,False
1ppw,356,356,10,0.028089887640449437,True,True,False
4r06,505,505,14,0.027722772277227723,False,True,True
6gu3,630,630,5,0.007936507936507936,True,True,False
1sdt,198,198,18,0.09090909090909091,True,True,True
5e1e,279,279,4,0.014336917562724014,True,False,False
2vfz,559,559,24,0.04293381037567084,True,True,False
2i7c,562,562,24,0.042704626334519574,True,True,False
5ost,762,762,8,0.010498687664041995,True,False,True
5gwa,550,550,8,0.014545454545454545,True,True,False
5j71,676,676,7,0.010355029585798817,True,True,False
3b4f,256,256,11,0.04296875,True,False,True
1fkh,107,107,8,0.07476635514018691,True,True,True
6ueg,770,770,23,0.02987012987012987,True,True,True
6oy0,198,198,16,0.08080808080808081,True,True,False
4r8y,387,387,4,0.0103359173126615,True,True,False
2cgu,263,263,7,0.026615969581749048,True,True,False
4x7i,389,389,5,0.012853470437017995,True,True,False
5afn,412,412,13,0.03155339805825243,True,True,False
3tiy,293,293,5,0.017064846416382253,True,True,False
5mwd,244,244,4,0.01639344262295082,True,True,False
6npu,521,521,12,0.023032629558541268,True,True,False
5vcw,285,285,9,0.031578947368421054,True,True,True
1k1i,220,220,7,0.031818181818181815,False,True,True
3sdi,1453,1453,11,0.007570543702684102,False,True,False
5jna,244,244,7,0.028688524590163935,False,True,False
5q19,230,230,12,0.05217391304347826,True,True,False
4g8m,260,260,8,0.03076923076923077,True,True,True
5w12,353,353,8,0.0226628895184136,True,True,False
1rv1,255,255,20,0.0784313725490196,True,True,False
1yt7,214,214,8,0.037383177570093455,True,True,False
4loq,370,370,7,0.01891891891891892,True,True,False
4ps8,843,843,8,0.009489916963226572,True,True,False
6q54,527,527,15,0.028462998102466792,True,True,True
5j75,233,233,4,0.017167381974248927,True,True,False
5l4e,1555,1555,6,0.0038585209003215433,True,True,False
4lxk,373,373,12,0.032171581769437,False,True,False
4at5,294,294,11,0.03741496598639456,True,True,False
2oym,434,434,6,0.013824884792626729,True,True,True
2qpu,404,404,10,0.024752475247524754,True,True,True
6d1j,229,229,2,0.008733624454148471,True,True,True
1nym,263,263,4,0.015209125475285171,True,True,False
2wqb,289,289,8,0.02768166089965398,True,True,False
5tri,542,542,7,0.012915129151291513,True,True,False
3h98,551,551,8,0.014519056261343012,True,True,False
6mny,252,252,9,0.03571428571428571,True,True,False
5t9z,163,163,7,0.04294478527607362,True,True,True
3sd5,817,817,8,0.009791921664626682,True,True,False
5xkm,659,659,16,0.024279210925644917,True,True,False
4i4f,255,255,8,0.03137254901960784,True,True,False
1ndz,349,349,10,0.02865329512893983,True,True,True
4zga,740,740,7,0.00945945945945946,True,True,False
3nok,234,234,6,0.02564102564102564,True,True,False
3r91,207,207,9,0.043478260869565216,True,True,False
3w33,297,297,11,0.037037037037037035,True,True,False
6htr,645,645,9,0.013953488372093023,True,True,False
2qmd,390,390,12,0.03076923076923077,True,True,False
2bve,119,119,5,0.04201680672268908,True,True,False
3pch,2598,2598,56,0.02155504234026174,True,True,False
5nk3,281,281,6,0.021352313167259787,True,True,True
5sy3,333,333,5,0.015015015015015015,True,True,False
3m6r,180,180,10,0.05555555555555555,True,True,True
4lxb,241,241,7,0.029045643153526972,False,True,False
4q99,257,257,3,0.011673151750972763,True,True,True
6fo7,239,239,15,0.06276150627615062,True,True,False
1cp6,291,291,1,0.003436426116838488,True,True,False
4bae,367,367,5,0.013623978201634877,True,False,False
2vo4,438,438,3,0.00684931506849315,True,True,True
1m5b,774,774,24,0.031007751937984496,True,True,False
6b1h,268,268,8,0.029850746268656716,True,True,False
3dx3,1015,1015,4,0.003940886699507389,True,True,True
3roc,337,337,7,0.020771513353115726,True,True,True
5cep,269,269,6,0.022304832713754646,True,True,True
4k5o,889,889,6,0.006749156355455568,True,True,False
3b7j,905,905,6,0.0066298342541436465,True,True,True
3r0i,786,786,11,0.013994910941475827,True,True,False
4jsa,257,257,5,0.019455252918287938,True,True,True
4rxa,660,660,9,0.013636363636363636,True,True,False
4lov,158,158,7,0.04430379746835443,True,True,True
2w1g,255,255,4,0.01568627450980392,False,False,False
1bcu,240,240,5,0.020833333333333332,False,True,True
2wkz,198,198,21,0.10606060606060606,True,True,True
1hsh,198,198,18,0.09090909090909091,True,True,True
3g0d,1451,1451,16,0.011026878015161957,True,True,False
5kxc,952,952,22,0.023109243697478993,True,True,False
1p1q,516,516,14,0.027131782945736434,True,True,True
6ee2,1029,1029,14,0.013605442176870748,True,True,False
2i1r,559,559,10,0.017889087656529516,True,False,False
4hwb,539,539,16,0.029684601113172542,True,True,False
2vwl,272,272,7,0.025735294117647058,False,True,True
5fh6,111,111,6,0.05405405405405406,True,True,False
1t46,297,297,12,0.04040404040404041,True,True,False
4nbk,499,499,5,0.01002004008016032,True,True,True
1hnn,261,261,6,0.022988505747126436,True,True,False
4jp9,402,402,8,0.01990049751243781,True,True,False
6d9s,720,720,26,0.03611111111111111,True,False,True
4q1a,461,461,21,0.0455531453362256,True,True,False
5lz5,371,371,11,0.029649595687331536,False,True,True
2hyy,263,263,12,0.045627376425855515,True,True,False
4ono,374,374,14,0.0374331550802139,True,True,False
2w67,642,642,10,0.01557632398753894,True,True,True
4qw1,652,652,9,0.013803680981595092,True,True,False
6oag,686,686,9,0.013119533527696793,True,True,False
3h21,526,526,11,0.02091254752851711,True,False,False
6p8z,165,165,10,0.06060606060606061,True,True,False
2xm2,635,635,9,0.014173228346456693,True,True,True
4ucd,220,220,5,0.022727272727272728,True,True,False
4b14,385,385,12,0.03116883116883117,True,True,False
5m34,228,228,16,0.07017543859649122,True,True,False
5mpn,118,118,8,0.06779661016949153,True,False,True
4lgu,90,90,6,0.06666666666666667,True,True,False
3eq8,709,709,7,0.009873060648801129,True,True,False
2who,531,531,4,0.007532956685499058,True,True,False
5t8q,323,323,6,0.018575851393188854,True,True,False
4tun,129,129,5,0.03875968992248062,True,True,True
5k1i,322,322,7,0.021739130434782608,True,True,False
2j34,279,279,5,0.017921146953405017,False,True,True
1lgw,162,162,4,0.024691358024691357,True,True,True
4j1h,370,370,7,0.01891891891891892,True,True,False
2xcn,370,370,15,0.04054054054054054,True,True,False
1y3w,220,220,7,0.031818181818181815,False,True,False
3eml,448,448,7,0.015625,True,True,False
1g7g,297,297,12,0.04040404040404041,True,True,True
6bgy,297,297,3,0.010101010101010102,True,False,False
6clv,256,256,5,0.01953125,True,False,False
4qwx,648,648,6,0.009259259259259259,True,True,False
2p3d,198,198,19,0.09595959595959595,True,True,False
6ftn,827,827,8,0.009673518742442563,True,True,False
6hv5,652,652,16,0.024539877300613498,True,True,False
5c4k,296,296,6,0.02027027027027027,True,True,False
2ans,262,262,8,0.030534351145038167,True,True,True
4ay6,698,698,12,0.017191977077363897,True,True,False
2ai7,194,194,7,0.03608247422680412,True,True,False
3cpj,602,602,12,0.019933554817275746,True,False,False
3tne,339,339,11,0.032448377581120944,True,True,False
2pvm,327,327,7,0.021406727828746176,True,False,True
3k8d,492,492,23,0.046747967479674794,True,True,False
4gtp,718,718,8,0.011142061281337047,True,True,False
3tc5,144,144,10,0.06944444444444445,True,True,False
6nsq,527,527,22,0.04174573055028463,True,True,False
6ib0,290,290,5,0.017241379310344827,True,True,False
2ok1,333,333,7,0.021021021021021023,True,False,False
6n78,275,275,9,0.03272727272727273,True,True,True
5mqv,286,286,6,0.02097902097902098,True,False,False
4bci,560,560,5,0.008928571428571428,True,True,False
4jfv,439,439,7,0.015945330296127564,True,True,False
6p8x,166,166,7,0.04216867469879518,True,True,False
6a84,209,209,9,0.0430622009569378,True,True,False
5nvz,330,330,7,0.021212121212121213,True,True,False
1k1n,220,220,9,0.04090909090909091,False,True,True
1bnv,257,257,4,0.01556420233463035,True,True,True
3fzy,216,216,11,0.05092592592592592,True,True,True
6ke0,324,324,9,0.027777777777777776,True,True,False
4uco,634,634,8,0.012618296529968454,True,False,False
6jsf,374,374,5,0.013368983957219251,True,True,False
1rtl,370,370,8,0.021621621621621623,True,True,False
3lxs,215,215,4,0.018604651162790697,True,True,False
4yhm,441,441,10,0.022675736961451247,True,True,True
4kp4,436,436,13,0.02981651376146789,True,True,False
4ddl,954,954,16,0.016771488469601678,True,True,False
2y4m,377,377,15,0.03978779840848806,True,True,False
3caj,258,258,5,0.01937984496124031,True,True,False
3jy0,275,275,4,0.014545454545454545,True,True,True
4y8c,322,322,6,0.018633540372670808,True,True,False
2pfy,295,295,9,0.030508474576271188,True,True,False
6jay,377,377,6,0.015915119363395226,True,True,True
4uns,186,186,10,0.053763440860215055,True,True,False
4ogi,127,127,9,0.07086614173228346,True,True,False
3dgq,418,418,5,0.011961722488038277,True,True,False
5all,547,547,3,0.005484460694698354,False,True,False
4og3,467,467,4,0.008565310492505354,False,True,True
2w4x,579,579,5,0.008635578583765112,True,True,True
6fac,653,653,15,0.022970903522205207,True,True,False
6hzp,487,487,2,0.004106776180698152,True,True,False
6aom,214,214,7,0.03271028037383177,True,True,False
5a6a,1217,1217,11,0.009038619556285949,True,True,False
1y6a,261,261,6,0.022988505747126436,True,True,False
5drq,296,296,6,0.02027027027027027,True,True,False
5uzj,773,773,14,0.018111254851228976,True,True,False
5e2s,258,258,6,0.023255813953488372,True,True,True
5uv1,508,508,8,0.015748031496062992,True,True,False
3wff,258,258,5,0.01937984496124031,True,True,False
4ufm,640,640,8,0.0125,True,True,True
3lhj,341,341,8,0.02346041055718475,True,True,False
3s71,258,258,9,0.03488372093023256,True,True,True
5axq,315,315,8,0.025396825396825397,True,True,False
4el9,290,290,8,0.027586206896551724,True,True,False
1h3a,620,620,6,0.00967741935483871,False,True,False
4mqp,855,855,27,0.031578947368421054,True,True,False
1oss,213,213,4,0.018779342723004695,False,True,True
4mue,552,552,21,0.03804347826086957,True,True,False
1e1y,1626,1626,7,0.004305043050430504,True,True,False
2vgo,311,311,3,0.00964630225080386,True,False,False
4ehr,139,139,12,0.08633093525179857,True,True,False
6n0j,288,288,6,0.020833333333333332,True,True,True
5tl9,441,441,5,0.011337868480725623,True,True,False
3o84,433,433,8,0.018475750577367205,True,True,True
2x8i,261,261,4,0.01532567049808429,True,False,False
1uho,313,313,7,0.022364217252396165,True,False,True
4xya,127,127,6,0.047244094488188976,True,False,True
5eu1,113,113,4,0.035398230088495575,True,True,True
6j72,561,561,13,0.023172905525846704,True,False,True
1biw,342,342,4,0.011695906432748537,True,True,False
4kwp,329,329,4,0.0121580547112462,True,True,False
4ea1,280,280,8,0.02857142857142857,True,True,False
4q1f,462,462,21,0.045454545454545456,True,True,False
3h2a,522,522,9,0.017241379310344827,True,True,False
5eij,257,257,6,0.023346303501945526,True,True,True
1tsv,632,632,6,0.00949367088607595,True,True,False
4g5f,554,554,5,0.009025270758122744,True,True,True
6q96,87,87,7,0.08045977011494253,True,True,False
4qiy,257,257,9,0.03501945525291829,True,True,False
3qvv,288,288,6,0.020833333333333332,True,True,False
6i63,450,450,7,0.015555555555555555,True,True,True
5myn,386,386,7,0.018134715025906734,True,True,False
4pin,320,320,6,0.01875,True,False,True
4alu,274,274,5,0.01824817518248175,True,True,False
4kz0,833,833,9,0.010804321728691477,True,True,False
2x97,598,598,10,0.016722408026755852,True,True,True
3qqk,294,294,5,0.017006802721088437,True,True,False
1l8g,297,297,9,0.030303030303030304,True,True,True
4rfm,249,249,8,0.0321285140562249,True,False,True
3d7f,1382,1382,9,0.006512301013024602,True,True,False
6fns,322,322,6,0.018633540372670808,True,False,False
1ppl,323,323,14,0.043343653250773995,True,True,True
5ih6,286,286,5,0.017482517482517484,True,True,False
3gpj,1215,1215,14,0.011522633744855968,False,True,False
4pd9,1212,1212,6,0.0049504950495049506,True,True,False
2qi3,198,198,14,0.0707070707070707,True,True,True
1ke5,281,281,11,0.03914590747330961,True,True,False
4rn2,349,349,3,0.008595988538681949,True,True,False
6dvo,352,352,6,0.017045454545454544,True,True,False
4mwb,1060,1060,5,0.0047169811320754715,True,True,False
3hv6,331,331,11,0.03323262839879154,True,True,False
1zgb,1056,1056,9,0.008522727272727272,True,True,False
2xsb,424,424,9,0.02122641509433962,True,True,False
3vi5,396,396,4,0.010101010101010102,True,True,False
5qal,241,241,8,0.03319502074688797,True,True,True
6hoq,328,328,7,0.021341463414634148,True,True,True
6slg,332,332,6,0.018072289156626505,True,True,False
6dgl,260,260,7,0.026923076923076925,True,True,True
4jmu,105,105,7,0.06666666666666667,True,True,False
6qls,138,138,8,0.057971014492753624,True,True,True
6ggb,198,198,5,0.025252525252525252,True,True,True
3elc,471,471,15,0.03184713375796178,True,True,True
3mle,444,444,16,0.036036036036036036,True,True,False
5q0l,221,221,12,0.05429864253393665,True,True,False
1xbc,268,268,7,0.026119402985074626,True,True,False
3zls,315,315,3,0.009523809523809525,False,False,False
4iva,290,290,8,0.027586206896551724,True,False,True
4ibg,246,246,15,0.06097560975609756,True,True,True
4drk,128,128,9,0.0703125,True,True,False
5nwe,388,388,8,0.020618556701030927,True,True,True
1xk9,204,204,4,0.0196078431372549,True,True,True
3zt4,301,301,29,0.09634551495016612,True,True,False
2r43,198,198,19,0.09595959595959595,True,True,True
4h1m,256,256,10,0.0390625,True,False,False
1g36,220,220,7,0.031818181818181815,False,True,True
4pp3,214,214,13,0.06074766355140187,True,True,True
1oxr,119,119,3,0.025210084033613446,True,True,True
6qhb,220,220,11,0.05,False,True,False
4tmn,632,632,8,0.012658227848101266,True,True,True
5wfc,1229,1229,6,0.004882017900732303,True,True,False
6q8c,832,832,8,0.009615384615384616,True,True,False
3mna,257,257,5,0.019455252918287938,True,True,True
6pnn,476,476,1,0.0021008403361344537,True,True,False
2osc,255,255,10,0.0392156862745098,True,True,False
2vl4,836,836,5,0.005980861244019139,True,True,True
6rne,347,347,5,0.01440922190201729,True,True,False
3poz,293,293,7,0.023890784982935155,True,True,False
4p0w,692,692,8,0.011560693641618497,True,True,False
4zb8,440,440,8,0.01818181818181818,True,True,True
4bcm,552,552,8,0.014492753623188406,True,True,True
2xdx,214,214,7,0.03271028037383177,False,True,True
5gsw,181,181,5,0.027624309392265192,True,True,False
4o04,208,208,10,0.04807692307692308,True,True,True
4deb,264,264,7,0.026515151515151516,True,True,False
5ntw,245,245,11,0.044897959183673466,True,True,False
5yg3,884,884,13,0.014705882352941176,True,False,False
4dhu,454,454,6,0.013215859030837005,True,True,False
3oaf,186,186,4,0.021505376344086023,True,True,True
2yim,710,710,25,0.035211267605633804,True,True,False
3wab,303,303,6,0.019801980198019802,False,True,False
4y0a,179,179,6,0.0335195530726257,True,True,True
1dqx,534,534,26,0.04868913857677903,True,True,False
6no9,273,273,5,0.018315018315018316,True,True,True
4p4e,694,694,10,0.01440922190201729,True,True,False
6aqf,390,390,6,0.015384615384615385,True,True,False
1tom,241,241,8,0.03319502074688797,False,True,True
5hx6,259,259,10,0.03861003861003861,True,True,False
3dwb,660,660,7,0.010606060606060607,True,False,False
6f2n,219,219,6,0.0273972602739726,True,True,False
4qab,1040,1040,21,0.020192307692307693,True,True,False
5ul1,1000,1000,4,0.004,True,True,False
4wkn,460,460,3,0.006521739130434782,True,False,True
4oon,502,502,9,0.017928286852589643,True,True,False
6n3l,231,231,10,0.04329004329004329,True,True,False
4zzz,692,692,9,0.01300578034682081,True,True,True
6dl9,716,716,6,0.008379888268156424,True,True,False
6ce2,242,242,15,0.06198347107438017,True,True,False
6py0,299,299,4,0.013377926421404682,True,True,True
4ixh,1340,1340,33,0.024626865671641792,True,True,False
6h4z,458,458,10,0.021834061135371178,False,True,False
6b7h,441,441,10,0.022675736961451247,True,True,False
2q95,263,263,3,0.011406844106463879,True,True,False
6op9,276,276,7,0.025362318840579712,True,True,False
3ay0,320,320,5,0.015625,True,True,False
2zx8,2646,2646,19,0.007180650037792895,True,True,True
5dv2,335,335,9,0.026865671641791045,True,False,False
6gj6,163,163,6,0.03680981595092025,True,False,True
1b11,226,226,7,0.030973451327433628,True,True,False
1fta,1271,1271,30,0.023603461841070025,True,True,False
5yun,411,411,12,0.029197080291970802,True,True,False
2ank,242,242,9,0.0371900826446281,False,True,False
5otr,327,327,10,0.03058103975535168,True,True,True
3f3u,261,261,11,0.0421455938697318,True,True,False
1bxr,1073,1073,28,0.0260950605778192,True,True,True
1tqf,367,367,9,0.02452316076294278,False,True,False
6cq5,602,602,4,0.006644518272425249,True,True,False
4r4q,121,121,8,0.06611570247933884,True,True,False
4op1,585,585,10,0.017094017094017096,True,True,False
2uxi,411,411,18,0.043795620437956206,True,True,True
4wbo,497,497,8,0.01609657947686117,True,True,False
2r4b,292,292,8,0.0273972602739726,True,True,False
1kvo,248,248,19,0.07661290322580645,True,True,False
4zh2,2506,2506,6,0.0023942537909018356,True,True,False
3gb2,340,340,7,0.020588235294117647,True,True,False
1x8r,427,427,15,0.0351288056206089,True,True,True
2xkc,244,244,4,0.01639344262295082,True,True,False
4io3,484,484,15,0.030991735537190084,True,True,True
4ztm,287,287,5,0.017421602787456445,False,True,False
6ncj,284,284,5,0.017605633802816902,True,True,False
4dgm,326,326,9,0.027607361963190184,True,True,False
4rx7,272,272,7,0.025735294117647058,True,True,False
3fa3,1205,1205,31,0.025726141078838173,True,True,False
2iw6,549,549,6,0.01092896174863388,True,True,False
2bbb,198,198,20,0.10101010101010101,True,True,False
5l30,287,287,9,0.0313588850174216,False,False,True
2vgp,308,308,3,0.00974025974025974,True,True,False
5n9t,357,357,8,0.022408963585434174,True,True,False
3vjl,1458,1458,13,0.008916323731138546,True,True,False
4bo1,949,949,7,0.007376185458377239,True,True,False
3l0k,513,513,30,0.05847953216374269,True,True,False
4his,460,460,2,0.004347826086956522,False,True,False
6a9o,308,308,3,0.00974025974025974,True,True,False
6skb,220,220,9,0.04090909090909091,False,False,False
5m57,261,261,4,0.01532567049808429,True,False,False
6hhj,410,410,11,0.026829268292682926,True,True,False
6jon,280,280,7,0.025,True,True,True
2uvm,116,116,5,0.04310344827586207,False,True,False
3fjz,427,427,8,0.01873536299765808,True,True,False
5h8b,331,331,9,0.027190332326283987,True,True,False
3tz0,604,604,7,0.011589403973509934,True,True,True
4b05,371,371,6,0.016172506738544475,True,True,False
5nwc,208,208,6,0.028846153846153848,True,True,False
1ke8,282,282,7,0.024822695035460994,True,True,False
3as0,570,570,5,0.008771929824561403,True,True,False
4kpz,1350,1350,7,0.005185185185185185,True,True,False
4yyt,257,257,15,0.058365758754863814,True,True,True
1t5a,2076,2076,13,0.006262042389210019,True,True,False
1mu8,241,241,6,0.024896265560165973,False,True,True
4mse,330,330,6,0.01818181818181818,True,True,False
6fgy,379,379,5,0.013192612137203167,True,True,False
6nzv,191,191,14,0.07329842931937172,True,True,True
6q5b,474,474,11,0.023206751054852322,True,True,False
4e5g,174,174,3,0.017241379310344827,False,True,False
2e9a,432,432,19,0.04398148148148148,True,True,False
5eps,113,113,4,0.035398230088495575,True,True,False
4m48,961,961,5,0.005202913631633715,True,True,False
1xbo,299,299,12,0.04013377926421405,False,True,True
5x28,310,310,5,0.016129032258064516,True,True,False
6d3q,876,876,18,0.02054794520547945,True,True,True
5drr,296,296,7,0.02364864864864865,True,True,True
4b70,372,372,8,0.021505376344086023,True,True,False
4ce3,428,428,5,0.011682242990654205,True,True,False
6dhc,378,378,14,0.037037037037037035,True,True,False
5f74,249,249,6,0.024096385542168676,True,True,True
1h3c,620,620,10,0.016129032258064516,False,True,False
6oja,241,241,5,0.02074688796680498,True,True,True
5yof,195,195,7,0.035897435897435895,True,True,False
5msb,522,522,5,0.009578544061302681,True,True,True
3bwf,273,273,9,0.03296703296703297,True,False,False
5c28,325,325,8,0.024615384615384615,True,True,True
1kpm,121,121,5,0.04132231404958678,True,True,True
6sal,242,242,12,0.049586776859504134,True,False,False
4ynd,428,428,9,0.02102803738317757,True,True,False
1b74,504,504,4,0.007936507936507936,True,True,False
3pyy,265,265,8,0.03018867924528302,True,True,True
5lwn,290,290,5,0.017241379310344827,True,True,False
4r5x,888,888,8,0.009009009009009009,True,True,False
3e6v,942,942,16,0.016985138004246284,True,False,False
3fal,874,874,21,0.02402745995423341,True,True,False
6i3s,94,94,10,0.10638297872340426,True,True,False
3sym,1612,1612,10,0.00620347394540943,True,True,False
5n2f,250,250,8,0.032,True,True,False
3cd5,1684,1684,46,0.027315914489311165,True,True,True
2r3w,198,198,19,0.09595959595959595,True,True,True
6iae,155,155,7,0.04516129032258064,True,False,False
1svh,354,354,15,0.0423728813559322,True,True,False
4rj4,299,299,7,0.023411371237458192,True,False,False
2a5u,839,839,7,0.00834326579261025,True,True,False
4rab,803,803,37,0.0460772104607721,True,True,False
2yoj,563,563,8,0.014209591474245116,True,True,False
4l4z,499,499,28,0.056112224448897796,True,True,True
5tv3,444,444,8,0.018018018018018018,True,True,False
2uzo,290,290,7,0.02413793103448276,True,True,False
5tcc,228,228,7,0.03070175438596491,True,True,False
2fq6,1566,1566,22,0.0140485312899106,True,True,False
3t60,419,419,16,0.03818615751789976,True,True,True
6nyw,279,279,7,0.025089605734767026,True,False,False
4ddk,570,570,9,0.015789473684210527,True,True,True
5op8,670,670,3,0.004477611940298508,True,True,False
3wf7,288,288,5,0.017361111111111112,True,False,False
4dhf,258,258,7,0.027131782945736434,True,True,False
1kv5,498,498,18,0.03614457831325301,True,True,True
4a4e,64,64,4,0.0625,True,True,False
4yuy,586,586,9,0.015358361774744027,True,True,False
2y7x,281,281,9,0.03202846975088968,False,True,True
1l5q,3162,3162,8,0.002530044275774826,True,True,False
5ljt,258,258,6,0.023255813953488372,True,True,True
5ijr,154,154,9,0.05844155844155844,True,True,True
1laf,238,238,7,0.029411764705882353,True,True,True
4m2r,257,257,4,0.01556420233463035,True,True,True
4i0t,266,266,5,0.018796992481203006,True,False,False
6oh3,304,304,9,0.029605263157894735,True,True,False
6g7a,524,524,12,0.022900763358778626,True,True,True
1pxn,294,294,8,0.027210884353741496,True,True,True
3kw9,215,215,7,0.03255813953488372,True,True,False
2pax,350,350,6,0.017142857142857144,True,True,False
1xpc,490,490,13,0.026530612244897958,True,True,False
5c4s,241,241,13,0.05394190871369295,True,True,False
2zz6,430,430,20,0.046511627906976744,True,True,False
4ijh,123,123,9,0.07317073170731707,True,True,False
1nox,400,400,9,0.0225,True,True,False
5loh,248,248,4,0.016129032258064516,True,True,False
6c5f,339,339,5,0.014749262536873156,True,True,False
1awf,244,244,8,0.03278688524590164,False,True,False
1ke6,280,280,10,0.03571428571428571,True,True,False
4avj,158,158,10,0.06329113924050633,True,True,True
4avh,158,158,8,0.05063291139240506,True,True,True
1mmr,166,166,7,0.04216867469879518,False,True,True
4kz4,358,358,9,0.025139664804469275,True,True,True
5fs5,158,158,7,0.04430379746835443,True,True,True
3erd,484,484,19,0.03925619834710744,False,True,False
1z6e,279,279,8,0.02867383512544803,False,True,True
2i6b,329,329,8,0.0243161094224924,True,True,True
2zu3,180,180,11,0.06111111111111111,True,True,False
3sm0,728,728,11,0.01510989010989011,True,False,False
2gg9,263,263,7,0.026615969581749048,True,True,False
6ahi,610,610,1,0.001639344262295082,True,True,False
4w9c,327,327,7,0.021406727828746176,True,True,True
6b95,285,285,2,0.007017543859649123,True,True,False
3upf,476,476,9,0.018907563025210083,True,True,False
2qi5,198,198,17,0.08585858585858586,True,True,True
3gpo,158,158,13,0.08227848101265822,True,True,False
1z3j,159,159,6,0.03773584905660377,True,True,False
4tqn,112,112,6,0.05357142857142857,True,True,True
1pr5,1402,1402,12,0.008559201141226819,True,True,True
1v41,864,864,3,0.003472222222222222,True,False,False
3l2y,1030,1030,8,0.007766990291262136,True,True,False
6n7z,672,672,8,0.011904761904761904,True,True,False
1u33,495,495,12,0.024242424242424242,True,True,True
6czc,453,453,16,0.03532008830022075,True,True,True
1zd5,1090,1090,7,0.006422018348623854,False,True,False
4i8n,298,298,7,0.02348993288590604,True,True,True
6q35,267,267,8,0.0299625468164794,True,False,False
5n4s,232,232,5,0.021551724137931036,False,False,False
5jal,371,371,5,0.013477088948787063,True,True,False
3ips,480,480,14,0.029166666666666667,True,True,False
4hnf,289,289,6,0.020761245674740483,True,True,False
3dv1,374,374,13,0.034759358288770054,False,True,False
2w1f,254,254,3,0.011811023622047244,False,False,False
5z95,267,267,1,0.003745318352059925,True,True,False
1xsc,153,153,4,0.026143790849673203,True,True,False
6f5u,505,505,6,0.011881188118811881,True,True,False
1q84,1067,1067,22,0.020618556701030927,True,False,True
1rhu,432,432,9,0.020833333333333332,False,True,False
4ph4,529,529,8,0.015122873345935728,True,True,False
5db2,468,468,6,0.01282051282051282,False,True,False
4m5h,159,159,8,0.050314465408805034,True,False,False
2ito,303,303,3,0.009900990099009901,True,True,False
1uy8,208,208,7,0.03365384615384615,False,True,False
6npt,287,287,6,0.020905923344947737,True,True,False
4wa9,276,276,7,0.025362318840579712,True,False,True
5yqx,126,126,9,0.07142857142857142,True,True,True
6qaa,526,526,10,0.019011406844106463,True,False,False
5izq,207,207,14,0.06763285024154589,True,False,False
1lhv,346,346,4,0.011560693641618497,True,True,False
2cf8,241,241,7,0.029045643153526972,False,True,True
4f39,516,516,5,0.009689922480620155,True,True,True
6gop,652,652,5,0.007668711656441718,True,True,False
1sr7,498,498,17,0.03413654618473896,True,True,True
1nfu,279,279,10,0.035842293906810034,False,True,True
4gfn,193,193,9,0.046632124352331605,True,False,False
4nxo,958,958,6,0.006263048016701462,True,True,False
6n19,438,438,8,0.0182648401826484,True,True,False
5c7b,106,106,3,0.02830188679245283,True,True,False
5o91,266,266,7,0.02631578947368421,True,True,False
3mz3,357,357,3,0.008403361344537815,True,True,False
3zll,1181,1181,20,0.01693480101608806,True,True,True
2bdj,254,254,9,0.03543307086614173,True,True,False
4cwn,414,414,8,0.01932367149758454,True,True,True
4q4e,866,866,3,0.003464203233256351,True,True,False
6u9v,560,560,6,0.010714285714285714,True,False,False
1z5m,275,275,5,0.01818181818181818,True,True,False
4ynb,460,460,4,0.008695652173913044,True,False,True
4qkd,189,189,5,0.026455026455026454,True,True,False
3fk1,427,427,8,0.01873536299765808,True,True,False
4e5d,425,425,3,0.007058823529411765,True,True,False
2zx9,2652,2652,20,0.007541478129713424,True,True,False
3e6k,308,308,7,0.022727272727272728,True,False,False
2vj1,600,600,3,0.005,True,True,False
2gj5,161,161,14,0.08695652173913043,True,True,True
4qvv,652,652,9,0.013803680981595092,True,True,False
3si3,242,242,5,0.02066115702479339,False,True,True
2xas,799,799,7,0.008760951188986232,True,True,False
2nns,258,258,9,0.03488372093023256,True,True,False
3clp,265,265,13,0.04905660377358491,True,True,False
5cxa,159,159,7,0.0440251572327044,True,True,True
5nxv,258,258,7,0.027131782945736434,True,True,False
6chm,954,954,10,0.010482180293501049,True,False,False
3suu,504,504,10,0.01984126984126984,True,True,True
5cf5,287,287,6,0.020905923344947737,True,True,False
4m5g,159,159,7,0.0440251572327044,True,False,False
6qh9,219,219,9,0.0410958904109589,False,True,False
2uy0,198,198,21,0.10606060606060606,True,True,True
5u5h,355,355,5,0.014084507042253521,True,True,False
3rmf,278,278,7,0.025179856115107913,True,True,False
6gxy,291,291,8,0.027491408934707903,True,True,False
3mxf,127,127,9,0.07086614173228346,True,True,False
4z90,1545,1545,2,0.0012944983818770227,True,True,False
5dcz,203,203,7,0.034482758620689655,True,True,False
4k77,280,280,6,0.02142857142857143,True,True,True
2wuu,402,402,19,0.0472636815920398,True,True,False
6mln,235,235,6,0.02553191489361702,True,True,True
1ebw,198,198,22,0.1111111111111111,True,True,True
4det,450,450,7,0.015555555555555555,True,True,True
2i4p,540,540,11,0.020370370370370372,True,True,False
2pvw,1380,1380,5,0.0036231884057971015,True,True,False
5c91,375,375,3,0.008,True,True,False
4mm9,499,499,8,0.01603206412825651,True,True,False
3sap,257,257,7,0.027237354085603113,True,True,False
6aji,873,873,9,0.010309278350515464,True,True,False
3fck,222,222,9,0.04054054054054054,True,True,False
5klp,302,302,10,0.033112582781456956,True,True,False
6ezq,563,563,17,0.03019538188277087,False,True,True
4cfl,127,127,7,0.05511811023622047,True,True,True
3adv,519,519,9,0.017341040462427744,True,False,False
4gah,367,367,27,0.07356948228882834,True,True,True
4z46,129,129,1,0.007751937984496124,True,True,False
6h1d,322,322,10,0.031055900621118012,True,True,True
2wmx,248,248,5,0.020161290322580645,True,False,False
6j8q,265,265,4,0.01509433962264151,False,False,False
3idp,256,256,10,0.0390625,True,False,False
3arb,832,832,15,0.018028846153846152,True,True,False
6c4g,394,394,12,0.030456852791878174,True,True,False
4c35,337,337,12,0.03560830860534125,True,False,False
4q0l,521,521,8,0.015355086372360844,True,True,False
2gbf,1460,1460,6,0.00410958904109589,True,True,False
3rtn,367,367,7,0.01907356948228883,True,True,False
1my8,358,358,7,0.019553072625698324,True,True,False
2ykj,207,207,11,0.05314009661835749,True,False,False
2vtr,290,290,5,0.017241379310344827,True,True,False
5l4j,462,462,5,0.010822510822510822,True,True,True
1efi,515,515,30,0.05825242718446602,True,True,False
4k5p,889,889,7,0.007874015748031496,True,True,True
4yik,402,402,13,0.03233830845771144,True,True,False
3gy2,220,220,10,0.045454545454545456,False,True,True
3ant,628,628,14,0.022292993630573247,True,True,False
1wug,118,118,5,0.0423728813559322,True,True,False
4pd7,1212,1212,9,0.007425742574257425,True,True,False
3k5x,391,391,5,0.01278772378516624,True,True,True
5ipa,386,386,8,0.02072538860103627,True,True,False
5aep,287,287,8,0.027874564459930314,True,True,False
1n3z,117,117,5,0.042735042735042736,True,True,False
5eh8,258,258,5,0.01937984496124031,True,True,True
6ixd,198,198,12,0.06060606060606061,True,True,True
5i83,114,114,7,0.06140350877192982,True,True,False
2vi5,742,742,49,0.0660377358490566,True,True,False
4l7o,354,354,6,0.01694915254237288,True,True,False
4p02,1383,1383,10,0.0072306579898770785,True,False,False
2bq6,276,276,5,0.018115942028985508,False,True,False
6gji,165,165,6,0.03636363636363636,True,True,True
2z7h,605,605,16,0.026446280991735537,True,True,False
3v51,459,459,11,0.023965141612200435,True,True,True
4q1e,462,462,11,0.023809523809523808,True,True,False
5n34,316,316,8,0.02531645569620253,True,True,True
2itz,303,303,4,0.013201320132013201,False,True,False
1fzq,176,176,12,0.06818181818181818,True,True,True
5h17,384,384,5,0.013020833333333334,True,True,False
1ps3,1014,1014,5,0.004930966469428008,True,True,True
4uwh,554,554,8,0.01444043321299639,True,False,False
3kfn,198,198,17,0.08585858585858586,True,True,False
4abd,220,220,4,0.01818181818181818,False,True,True
2wbb,1274,1274,33,0.025902668759811617,False,True,False
6g29,121,121,5,0.04132231404958678,True,True,True
2xyf,198,198,16,0.08080808080808081,True,True,True
5zu0,390,390,7,0.017948717948717947,True,True,False
4bo4,977,977,15,0.015353121801432957,True,True,False
5ohy,660,660,6,0.00909090909090909,True,True,True
2yof,200,200,9,0.045,True,True,False
5i2e,226,226,9,0.03982300884955752,True,False,True
1iky,962,962,7,0.007276507276507277,True,True,False
1oiu,552,552,5,0.009057971014492754,True,False,False
1cil,256,256,4,0.015625,True,True,False
6ooy,414,414,8,0.01932367149758454,True,True,True
2x7s,256,256,11,0.04296875,True,True,False
2xu3,220,220,7,0.031818181818181815,True,True,False
4c68,383,383,10,0.02610966057441253,True,True,False
5mno,220,220,4,0.01818181818181818,False,True,False
1o7o,287,287,11,0.03832752613240418,True,True,True
6fyp,348,348,9,0.02586206896551724,True,True,False
4qw5,648,648,11,0.016975308641975308,True,True,False
5ih9,308,308,11,0.03571428571428571,True,True,True
1ylv,2728,2728,7,0.002565982404692082,True,True,False
6bmx,488,488,10,0.020491803278688523,True,True,False
6fu1,395,395,6,0.015189873417721518,True,True,False
3gbb,255,255,7,0.027450980392156862,True,True,True
1vcj,1556,1556,9,0.005784061696658098,True,True,False
4o4k,331,331,4,0.012084592145015106,True,False,False
3u15,164,164,12,0.07317073170731707,True,False,False
4hw7,289,289,5,0.01730103806228374,True,False,False
6ten,318,318,11,0.03459119496855346,True,True,False
4hcv,263,263,15,0.057034220532319393,True,True,False
6ps0,440,440,11,0.025,True,False,False
3d6q,124,124,4,0.03225806451612903,True,True,False
1k6c,198,198,14,0.0707070707070707,True,True,True
3k4q,438,438,7,0.01598173515981735,True,True,True
3w5e,345,345,8,0.02318840579710145,True,True,False
4pvo,231,231,2,0.008658008658008658,True,True,False
6cje,272,272,3,0.011029411764705883,True,False,False
6ink,641,641,7,0.0109204368174727,True,False,False
5f1j,388,388,14,0.03608247422680412,True,True,False
4hlh,208,208,7,0.03365384615384615,True,True,False
3pax,350,350,3,0.008571428571428572,True,True,False
2xc4,281,281,7,0.02491103202846975,False,True,True
5a5r,260,260,6,0.023076923076923078,True,True,False
4k42,360,360,6,0.016666666666666666,True,True,False
6m87,419,419,11,0.026252983293556086,False,True,False
1n5r,1070,1070,4,0.003738317757009346,True,False,True
4poh,214,214,11,0.0514018691588785,True,True,True
6ayi,324,324,16,0.04938271604938271,True,True,True
3q2h,284,284,4,0.014084507042253521,True,True,False
5abw,209,209,6,0.028708133971291867,False,True,False
6fsd,535,535,6,0.011214953271028037,True,True,False
3llm,460,460,15,0.03260869565217391,True,True,False
4yat,173,173,2,0.011560693641618497,True,True,False
3wc7,303,303,12,0.039603960396039604,False,True,False
4v24,351,351,8,0.022792022792022793,True,True,True
1m7y,848,848,14,0.01650943396226415,True,True,True
6c3l,124,124,2,0.016129032258064516,True,False,False
4azt,435,435,6,0.013793103448275862,True,True,False
5ot9,254,254,7,0.027559055118110236,True,False,True
4cwf,416,416,5,0.01201923076923077,True,True,True
4ona,465,465,9,0.01935483870967742,True,True,False
5b5b,249,249,14,0.05622489959839357,True,True,False
3kwb,215,215,3,0.013953488372093023,True,True,False
3uxk,714,714,10,0.014005602240896359,True,True,True
2g78,137,137,6,0.043795620437956206,True,True,False
3chp,608,608,11,0.018092105263157895,True,True,False
2uyw,476,476,25,0.052521008403361345,True,True,False
1uz1,439,439,4,0.009111617312072893,True,True,True
5vgi,345,345,6,0.017391304347826087,True,True,False
5eth,218,218,4,0.01834862385321101,True,True,False
5dht,522,522,15,0.028735632183908046,True,True,False
1tkc,1356,1356,20,0.014749262536873156,True,True,False
5n2t,316,316,11,0.03481012658227848,True,True,True
5nn6,844,844,5,0.005924170616113744,True,True,True
6ma2,697,697,8,0.011477761836441894,True,True,True
6gmx,325,325,3,0.009230769230769232,True,True,False
1li2,162,162,9,0.05555555555555555,True,True,True
1hdq,307,307,8,0.026058631921824105,True,True,True
5bot,332,332,9,0.02710843373493976,True,False,False
2waj,348,348,8,0.022988505747126436,True,True,False
4eoh,610,610,7,0.011475409836065573,True,False,True
3pjg,778,778,18,0.02313624678663239,True,True,False
3r5n,256,256,14,0.0546875,True,True,False
3mtb,1620,1620,17,0.010493827160493827,True,True,False
1kel,435,435,6,0.013793103448275862,True,True,True
2vc9,884,884,9,0.010180995475113122,False,True,True
5mhp,768,768,7,0.009114583333333334,True,True,False
2gbi,1460,1460,7,0.004794520547945206,True,True,False
3liw,278,278,10,0.03597122302158273,False,True,True
1qy2,157,157,1,0.006369426751592357,True,True,True
1pxk,290,290,6,0.020689655172413793,True,True,False
5hk2,641,641,15,0.0234009360374415,True,True,False
5wjj,338,338,9,0.026627218934911243,True,True,False
3t2c,3112,3112,5,0.0016066838046272494,True,True,False
1g2a,164,164,7,0.042682926829268296,True,True,False
4ymx,224,224,8,0.03571428571428571,True,True,True
6o50,1080,1080,15,0.013888888888888888,True,True,False
4gj6,327,327,15,0.045871559633027525,False,True,False
5tku,229,229,10,0.043668122270742356,False,False,False
3bqc,328,328,10,0.03048780487804878,True,True,True
5v7t,173,173,4,0.023121387283236993,True,True,False
5xyx,337,337,4,0.011869436201780416,True,False,False
6gu2,631,631,5,0.00792393026941363,True,True,False
4qjw,522,522,8,0.01532567049808429,True,True,True
1ct8,858,858,13,0.015151515151515152,False,True,False
4aj4,1321,1321,27,0.02043906131718395,False,True,True
5mgi,264,264,7,0.026515151515151516,True,False,False
5m7u,896,896,14,0.015625,True,True,True
6sfc,694,694,5,0.007204610951008645,True,True,False
2xnm,258,258,8,0.031007751937984496,True,True,False
4b2i,220,220,3,0.013636363636363636,True,False,True
6p88,1011,1011,7,0.006923837784371909,True,True,True
5ia3,275,275,7,0.025454545454545455,True,True,True
3kiv,79,79,4,0.05063291139240506,True,True,True
5my8,355,355,6,0.016901408450704224,True,True,True
4lqy,379,379,7,0.018469656992084433,True,True,False
4zv2,225,225,8,0.035555555555555556,True,True,True
6chl,951,951,15,0.015772870662460567,True,True,False
4g55,358,358,6,0.01675977653631285,True,True,False
4uj9,359,359,6,0.016713091922005572,True,True,False
2yix,351,351,16,0.045584045584045586,True,True,True
1q3d,678,678,18,0.02654867256637168,True,True,False
5aqh,492,492,3,0.006097560975609756,True,False,False
4jsr,274,274,9,0.032846715328467155,True,True,False
5ai5,547,547,6,0.010968921389396709,False,True,False
4x1f,542,542,7,0.012915129151291513,True,True,False
5lj0,130,130,8,0.06153846153846154,True,True,False
2v96,528,528,3,0.005681818181818182,True,True,False
4ju3,559,559,7,0.012522361359570662,True,True,False
4lar,219,219,4,0.0182648401826484,False,True,True
6kla,618,618,5,0.008090614886731391,True,True,False
3uzp,292,292,6,0.02054794520547945,True,True,False
4k1b,273,273,2,0.007326007326007326,True,False,False
3ti3,1528,1528,20,0.013089005235602094,False,True,False
1xqc,445,445,21,0.04719101123595506,True,True,False
5aml,257,257,7,0.027237354085603113,True,True,True
2off,1618,1618,6,0.003708281829419036,True,True,False
3zc6,277,277,5,0.018050541516245487,True,False,False
5vii,546,546,10,0.018315018315018316,True,True,False
2wzs,736,736,3,0.004076086956521739,True,True,True
4w9o,123,123,9,0.07317073170731707,True,True,True
2vw5,214,214,11,0.0514018691588785,True,True,True
5btx,132,132,5,0.03787878787878788,True,True,True
5mra,334,334,3,0.008982035928143712,True,True,False
2feq,242,242,7,0.028925619834710745,False,True,False
1db1,250,250,12,0.048,True,True,False
3eko,217,217,8,0.03686635944700461,True,True,True
3w2o,305,305,7,0.022950819672131147,True,True,False
2x5o,438,438,7,0.01598173515981735,True,True,False
2c9d,733,733,58,0.0791268758526603,True,True,False
5mge,116,116,3,0.02586206896551724,True,True,True
6pt3,753,753,23,0.03054448871181939,False,True,False
1vyf,135,135,5,0.037037037037037035,True,True,True
1fjs,279,279,10,0.035842293906810034,False,True,True
5nhj,345,345,7,0.020289855072463767,True,False,False
3ubd,287,287,11,0.03832752613240418,True,True,True
1hty,988,988,5,0.005060728744939271,True,True,False
3n87,1692,1692,160,0.09456264775413711,True,True,False
2qch,510,510,19,0.03725490196078431,True,True,False
4rvr,117,117,6,0.05128205128205128,True,True,True
2agv,1988,1988,11,0.005533199195171026,True,True,False
2g19,216,216,4,0.018518518518518517,True,True,False
2p83,368,368,12,0.03260869565217391,False,True,False
4np3,150,150,3,0.02,True,False,True
3uxd,247,247,3,0.012145748987854251,True,False,True
3ehy,158,158,2,0.012658227848101266,True,True,True
2zg1,208,208,3,0.014423076923076924,True,True,False
4k10,716,716,9,0.012569832402234637,True,False,False
4u73,304,304,5,0.01644736842105263,True,True,True
5hz9,135,135,9,0.06666666666666667,True,True,True
4re3,483,483,8,0.016563146997929608,True,True,False
6aej,421,421,9,0.021377672209026127,True,True,False
5mxq,231,231,5,0.021645021645021644,True,True,False
4qps,270,270,8,0.02962962962962963,True,True,False
4c6u,828,828,4,0.004830917874396135,True,True,True
3d51,1016,1016,5,0.004921259842519685,True,True,True
5jq5,287,287,9,0.0313588850174216,True,True,True
6b8y,305,305,6,0.019672131147540985,False,False,False
3arn,375,375,20,0.05333333333333334,True,True,False
2xz5,1035,1035,12,0.011594202898550725,False,True,False
5idn,603,603,9,0.014925373134328358,True,False,False
6ntj,267,267,9,0.033707865168539325,True,True,False
1czc,792,792,3,0.003787878787878788,True,True,False
4bty,1416,1416,14,0.009887005649717515,True,False,False
3sl5,328,328,7,0.021341463414634148,True,True,False
4w9i,327,327,7,0.021406727828746176,True,True,True
6hsk,364,364,4,0.01098901098901099,True,True,False
1dhi,318,318,16,0.050314465408805034,True,True,True
3lw0,292,292,10,0.03424657534246575,True,False,False
4bgh,275,275,7,0.025454545454545455,True,True,False
5nk4,290,290,7,0.02413793103448276,True,True,True
1xff,477,477,12,0.025157232704402517,True,True,True
2g79,137,137,7,0.051094890510948905,True,True,False
3fej,258,258,7,0.027131782945736434,True,True,False
1ws4,598,598,14,0.023411371237458192,True,True,True
1utr,136,136,6,0.04411764705882353,True,True,False
4m3m,1532,1532,6,0.0039164490861618795,False,True,False
5mnr,316,316,10,0.03164556962025317,True,True,True
2bdl,215,215,10,0.046511627906976744,True,True,False
6pg3,300,300,4,0.013333333333333334,True,False,True
2c93,246,246,7,0.028455284552845527,False,True,False
2aac,326,326,16,0.049079754601226995,True,True,True
2vvn,648,648,7,0.010802469135802469,True,True,True
4li5,306,306,5,0.016339869281045753,True,False,False
1w5v,198,198,20,0.10101010101010101,True,True,True
5m6h,104,104,8,0.07692307692307693,True,True,False
3zpq,287,287,8,0.027874564459930314,True,False,False
4jve,92,92,6,0.06521739130434782,True,True,False
3pa5,257,257,9,0.03501945525291829,False,True,False
3mam,270,270,2,0.007407407407407408,True,True,True
1mjj,419,419,9,0.021479713603818614,False,True,True
4wks,711,711,3,0.004219409282700422,True,True,False
4q3u,1008,1008,18,0.017857142857142856,True,True,True
1csi,870,870,9,0.010344827586206896,True,True,False
1wok,1400,1400,20,0.014285714285714285,True,True,False
4e3o,358,358,6,0.01675977653631285,True,True,False
5thn,257,257,2,0.007782101167315175,True,True,False
5j3l,386,386,5,0.012953367875647668,True,True,True
6eq5,155,155,6,0.03870967741935484,True,False,True
1fsw,716,716,11,0.015363128491620111,True,True,False
4ij1,671,671,14,0.020864381520119227,False,True,True
2g6p,304,304,6,0.019736842105263157,True,True,False
5ylj,865,865,6,0.006936416184971098,True,True,False
1dtt,952,952,7,0.007352941176470588,True,True,False
5k8s,146,146,6,0.0410958904109589,True,True,True
5lxd,385,385,5,0.012987012987012988,True,True,False
4uzh,252,252,4,0.015873015873015872,False,False,False
2hzl,671,671,14,0.020864381520119227,True,True,True
5n18,106,106,9,0.08490566037735849,True,True,True
3d94,576,576,10,0.017361111111111112,True,True,False
1p6d,245,245,3,0.012244897959183673,True,True,False
2e91,579,579,11,0.018998272884283247,True,True,True
6bid,173,173,11,0.06358381502890173,True,True,False
5a7j,309,309,2,0.006472491909385114,True,True,False
4lj8,323,323,9,0.02786377708978328,True,True,True
4bde,284,284,7,0.02464788732394366,False,True,False
3sh0,428,428,32,0.07476635514018691,True,True,False
3gww,501,501,3,0.005988023952095809,True,True,False
2r5p,198,198,18,0.09090909090909091,True,True,True
5d9p,347,347,6,0.01729106628242075,True,True,False
3sjf,1388,1388,11,0.00792507204610951,True,True,True
5wre,868,868,49,0.056451612903225805,True,True,False
4tw7,128,128,9,0.0703125,True,True,False
5akg,547,547,4,0.007312614259597806,False,True,False
5x9h,853,853,12,0.01406799531066823,True,True,False
4obq,568,568,9,0.01584507042253521,True,True,False
1bzj,297,297,10,0.03367003367003367,True,True,True
4wf2,304,304,11,0.03618421052631579,True,True,False
6bhv,238,238,12,0.05042016806722689,True,True,True
2yex,269,269,5,0.01858736059479554,True,False,False
4gui,502,502,14,0.027888446215139442,True,True,False
2r3i,290,290,6,0.020689655172413793,False,True,False
5l4m,462,462,1,0.0021645021645021645,True,True,True
6g3o,369,369,4,0.01084010840108401,True,True,False
4dhq,460,460,8,0.017391304347826087,True,True,False
5g17,736,736,6,0.008152173913043478,True,True,True
3pcj,2598,2598,32,0.012317167051578136,True,True,True
4ruz,257,257,4,0.01556420233463035,True,True,True
3eql,3338,3338,10,0.0029958058717795086,True,True,False
6aak,558,558,12,0.021505376344086023,True,False,False
1pxh,297,297,12,0.04040404040404041,True,True,False
2q9n,359,359,5,0.013927576601671309,True,True,False
3g2y,262,262,7,0.026717557251908396,True,False,True
1ms0,623,623,6,0.009630818619582664,True,True,False
4r6v,273,273,9,0.03296703296703297,True,True,False
5w4w,291,291,6,0.020618556701030927,True,True,False
2azb,194,194,5,0.02577319587628866,True,True,False
4msn,330,330,5,0.015151515151515152,True,True,True
5xva,292,292,8,0.0273972602739726,True,False,True
1k1j,220,220,9,0.04090909090909091,False,True,True
5dkr,179,179,5,0.027932960893854747,True,False,False
6ds0,368,368,8,0.021739130434782608,True,False,False
6fni,261,261,9,0.034482758620689655,True,True,True
5d3x,151,151,4,0.026490066225165563,True,True,True
6hgy,215,215,8,0.037209302325581395,True,True,False
1wbw,352,352,8,0.022727272727272728,False,True,False
1lhc,240,240,14,0.058333333333333334,False,True,False
4oti,303,303,6,0.019801980198019802,True,False,False
3qk5,1095,1095,20,0.0182648401826484,True,True,False
6gvg,910,910,8,0.008791208791208791,True,True,False
6saf,128,128,9,0.0703125,True,True,False
5j8m,418,418,15,0.03588516746411483,True,True,True
2osm,258,258,2,0.007751937984496124,True,True,False
5l0c,176,176,2,0.011363636363636364,True,True,False
1fkb,107,107,9,0.08411214953271028,True,True,True
2j9l,1010,1010,41,0.040594059405940595,True,True,False
2j4k,1282,1282,58,0.0452418096723869,True,True,False
1xug,220,220,6,0.02727272727272727,False,False,True
5enk,359,359,6,0.016713091922005572,True,True,False
1wbs,352,352,11,0.03125,False,False,False
4pvv,642,642,8,0.012461059190031152,True,True,False
5dnu,267,267,7,0.026217228464419477,True,True,True
1r1h,696,696,13,0.01867816091954023,True,True,True
5jzy,242,242,8,0.03305785123966942,False,True,False
5d75,120,120,8,0.06666666666666667,True,True,False
5ioy,386,386,16,0.04145077720207254,True,True,False
4bb9,596,596,12,0.020134228187919462,True,True,True
4n4t,212,212,8,0.03773584905660377,True,True,False
4zj8,503,503,6,0.011928429423459244,True,True,False
1ua4,454,454,13,0.028634361233480177,True,True,True
4eyr,198,198,17,0.08585858585858586,True,True,False
3dgo,138,138,6,0.043478260869565216,True,True,True
1e06,149,149,4,0.026845637583892617,True,True,False
5wpb,102,102,8,0.0784313725490196,False,True,False
4ehv,337,337,15,0.04451038575667656,True,True,False
6gr7,464,464,4,0.008620689655172414,True,True,False
5d7c,192,192,7,0.036458333333333336,True,True,False
2k4i,134,134,5,0.03731343283582089,True,True,False
1wva,927,927,13,0.014023732470334413,True,False,False
1rsd,968,968,3,0.0030991735537190084,True,True,False
2wq4,390,390,15,0.038461538461538464,False,True,False
6ccy,325,325,5,0.015384615384615385,True,True,False
5vqw,948,948,12,0.012658227848101266,True,True,False
4qoc,92,92,6,0.06521739130434782,True,True,False
5za2,354,354,8,0.022598870056497175,True,True,False
3u10,808,808,7,0.008663366336633664,True,True,True
5dqc,372,372,21,0.056451612903225805,True,True,True
5fsl,154,154,2,0.012987012987012988,True,True,False
5c4t,241,241,12,0.04979253112033195,True,True,False
6cus,87,87,1,0.011494252873563218,True,True,False
3ftu,606,606,11,0.018151815181518153,True,True,False
6fmi,327,327,8,0.024464831804281346,True,True,False
4a9s,566,566,8,0.014134275618374558,False,False,False
5fp0,544,544,6,0.011029411764705883,False,False,False
4py2,495,495,7,0.014141414141414142,True,True,False
1rt1,953,953,8,0.008394543546694649,True,True,False
4bi1,252,252,3,0.011904761904761904,True,True,False
5dlv,781,781,6,0.0076824583866837385,True,True,False
3cpb,285,285,12,0.042105263157894736,True,True,False
6ftf,291,291,21,0.07216494845360824,True,True,True
3zm4,309,309,7,0.022653721682847898,False,True,False
5m4q,962,962,4,0.004158004158004158,True,True,False
2qyk,334,334,7,0.020958083832335328,True,True,False
6cb5,342,342,16,0.04678362573099415,True,False,False
4ivs,373,373,7,0.01876675603217158,True,True,False
4kz7,358,358,9,0.025139664804469275,True,True,True
4hvh,278,278,7,0.025179856115107913,True,False,False
3qts,282,282,7,0.024822695035460994,True,True,False
5orw,264,264,3,0.011363636363636364,True,True,True
1sgu,198,198,17,0.08585858585858586,True,True,True
6d1d,229,229,2,0.008733624454148471,True,True,True
6qs5,325,325,8,0.024615384615384615,True,True,False
5in9,217,217,6,0.027649769585253458,True,True,False
2og8,246,246,9,0.036585365853658534,True,True,False
5fdr,155,155,11,0.07096774193548387,True,False,False
1c88,297,297,10,0.03367003367003367,True,True,True
5vsb,669,669,16,0.02391629297458894,True,True,False
3lj7,545,545,6,0.011009174311926606,True,True,False
2vvs,580,580,11,0.01896551724137931,True,True,True
5q0w,228,228,9,0.039473684210526314,True,True,False
6j0g,190,190,7,0.03684210526315789,True,True,True
4h5d,692,692,14,0.02023121387283237,True,True,False
1it6,293,293,8,0.027303754266211604,True,True,False
5kqf,358,358,5,0.013966480446927373,True,True,False
5qtu,229,229,12,0.05240174672489083,False,True,False
3qto,242,242,7,0.028925619834710745,False,False,True
3ebl,323,323,9,0.02786377708978328,True,True,True
4kzc,821,821,9,0.010962241169305725,True,True,False
4p6e,219,219,3,0.0136986301369863,True,True,False
3sl4,329,329,7,0.02127659574468085,True,True,False
4msu,585,585,5,0.008547008547008548,True,True,False
4keq,540,540,9,0.016666666666666666,True,True,True
4pqn,240,240,9,0.0375,True,False,False
1yms,263,263,8,0.030418250950570342,True,True,False
5kpk,346,346,9,0.02601156069364162,True,False,False
4pzv,413,413,13,0.031476997578692496,True,True,True
5qck,229,229,10,0.043668122270742356,False,True,False
4lsj,488,488,10,0.020491803278688523,True,True,False
6exi,936,936,24,0.02564102564102564,True,True,True
4c1d,232,232,4,0.017241379310344827,False,True,False
5dgm,686,686,8,0.011661807580174927,True,True,False
2vd1,396,396,7,0.017676767676767676,True,True,False
6pg9,304,304,5,0.01644736842105263,True,False,True
5ovx,286,286,7,0.024475524475524476,True,True,True
3qc9,972,972,13,0.013374485596707819,True,True,False
6aaj,553,553,9,0.0162748643761302,True,False,False
5kgw,268,268,3,0.011194029850746268,True,True,False
5os2,261,261,4,0.01532567049808429,True,True,True
4p5z,267,267,10,0.03745318352059925,True,True,True
2a3b,394,394,7,0.017766497461928935,True,True,False
4op3,585,585,11,0.018803418803418803,True,True,False
1lvc,628,628,6,0.009554140127388535,True,True,False
5wei,180,180,3,0.016666666666666666,True,True,False
4q83,257,257,1,0.0038910505836575876,True,True,True
4b7r,1548,1548,32,0.020671834625323,True,True,True
3f66,288,288,7,0.024305555555555556,True,True,False
5kap,318,318,7,0.0220125786163522,True,True,False
3qyy,309,309,16,0.05177993527508091,True,False,False
5dhu,517,517,14,0.027079303675048357,True,False,True
2byh,215,215,9,0.04186046511627907,True,False,False
2r5a,212,212,4,0.018867924528301886,True,True,True
5wmg,127,127,5,0.03937007874015748,True,True,True
2aux,213,213,9,0.04225352112676056,True,True,False
1w31,2720,2720,7,0.002573529411764706,True,True,False
4pvy,692,692,15,0.02167630057803468,True,True,True
5bnm,634,634,12,0.01892744479495268,True,True,False
1tnk,220,220,2,0.00909090909090909,False,True,False
5aeh,208,208,10,0.04807692307692308,True,True,False
2p59,202,202,11,0.054455445544554455,True,False,False
2p0x,64,64,6,0.09375,True,True,False
4zjr,217,217,8,0.03686635944700461,True,True,False
3kid,225,225,1,0.0044444444444444444,False,True,False
4e3d,257,257,9,0.03501945525291829,True,True,False
1xoz,325,325,8,0.024615384615384615,False,False,False
1tys,526,526,7,0.013307984790874524,True,True,False
5lmk,554,554,5,0.009025270758122744,True,True,False
2d0k,159,159,9,0.05660377358490566,True,True,True
2ael,353,353,5,0.014164305949008499,True,True,False
1ld7,720,720,6,0.008333333333333333,True,True,False
1i1e,1287,1287,9,0.006993006993006993,True,True,True
4ufg,243,243,12,0.04938271604938271,False,True,False
2o48,662,662,4,0.006042296072507553,True,True,False
4aje,1317,1317,26,0.019741837509491267,True,True,True
3qvu,288,288,4,0.013888888888888888,True,True,False
1yq7,668,668,9,0.01347305389221557,True,True,True
5xaf,860,860,10,0.011627906976744186,True,True,False
4psq,175,175,4,0.022857142857142857,True,True,False
5c1w,325,325,5,0.015384615384615385,True,True,True
5aan,183,183,5,0.0273224043715847,True,True,True
3imy,248,248,14,0.056451612903225805,True,True,False
6miy,809,809,27,0.03337453646477132,True,True,False
4n5d,500,500,4,0.008,True,True,True
5fky,644,644,8,0.012422360248447204,True,True,False
5ai8,539,539,6,0.011131725417439703,True,True,False
2ylo,250,250,5,0.02,True,True,False
3o0g,413,413,5,0.012106537530266344,True,True,False
1ppm,323,323,14,0.043343653250773995,True,True,True
5y62,301,301,3,0.009966777408637873,True,False,False
6nsp,293,293,5,0.017064846416382253,True,True,False
2etm,262,262,6,0.022900763358778626,True,True,False
6gjd,341,341,14,0.04105571847507331,True,False,False
4zuq,682,682,8,0.011730205278592375,True,True,False
6g2r,158,158,10,0.06329113924050633,True,True,True
4cqe,250,250,15,0.06,True,True,False
1bjv,220,220,5,0.022727272727272728,False,True,True
1dud,408,408,6,0.014705882352941176,True,True,True
4xir,208,208,10,0.04807692307692308,True,True,True
3mjl,942,942,6,0.006369426751592357,True,False,True
6b98,344,344,5,0.014534883720930232,True,True,True
5o1a,196,196,5,0.025510204081632654,True,True,False
4m0f,1065,1065,13,0.012206572769953052,True,True,True
6q3y,124,124,10,0.08064516129032258,True,True,True
6czi,109,109,7,0.06422018348623854,True,True,False
2byi,215,215,12,0.05581395348837209,True,False,False
4ww6,257,257,6,0.023346303501945526,True,True,False
4s3f,800,800,7,0.00875,True,True,False
4fil,256,256,12,0.046875,True,True,False
6ma5,697,697,8,0.011477761836441894,True,True,True
3da9,278,278,9,0.03237410071942446,True,True,True
6d56,801,801,7,0.008739076154806492,True,False,True
6c7b,710,710,6,0.008450704225352112,True,True,False
2gst,434,434,28,0.06451612903225806,True,True,True
6oxq,198,198,15,0.07575757575757576,True,True,False
5wg6,872,872,10,0.011467889908256881,True,True,False
2g97,926,926,16,0.017278617710583154,True,True,False
4afh,1064,1064,49,0.046052631578947366,True,True,False
6pg6,301,301,4,0.013289036544850499,True,False,True
5d2r,420,420,11,0.02619047619047619,True,True,True
4ppb,239,239,11,0.04602510460251046,True,False,False
4u7v,198,198,12,0.06060606060606061,True,True,False
2b5j,979,979,8,0.008171603677221655,True,True,False
3cpc,284,284,11,0.03873239436619718,True,True,False
4b4m,1178,1178,38,0.03225806451612903,True,True,False
3vqu,258,258,8,0.031007751937984496,True,True,False
2f3r,1200,1200,27,0.0225,True,True,False
6b41,481,481,7,0.014553014553014554,True,True,False
4qfr,799,799,8,0.010012515644555695,True,True,False
2igx,329,329,14,0.0425531914893617,True,True,False
6mjq,812,812,19,0.023399014778325122,True,True,False
4abg,219,219,2,0.0091324200913242,False,True,True
2qnz,645,645,19,0.02945736434108527,False,True,False
4g8y,124,124,5,0.04032258064516129,True,True,True
3jwq,324,324,3,0.009259259259259259,True,True,False
4btt,279,279,7,0.025089605734767026,False,True,False
2f4j,287,287,9,0.0313588850174216,True,False,False
6fgq,229,229,13,0.056768558951965066,True,True,False
4qgg,388,388,13,0.03350515463917526,True,True,False
6itj,290,290,10,0.034482758620689655,False,True,False
2e9v,536,536,13,0.024253731343283583,True,True,False
3btj,372,372,13,0.03494623655913978,True,True,False
1z2b,1816,1816,9,0.004955947136563877,True,False,False
4fnn,684,684,2,0.0029239766081871343,True,True,True
3hk1,131,131,9,0.06870229007633588,True,True,True
4ge9,856,856,34,0.0397196261682243,True,True,False
4wxi,229,229,9,0.039301310043668124,False,False,False
3iu9,284,284,6,0.02112676056338028,True,False,False
6ej3,368,368,4,0.010869565217391304,True,True,True
4rj8,298,298,5,0.016778523489932886,True,True,True
6mla,238,238,7,0.029411764705882353,True,True,True
4bb4,265,265,9,0.033962264150943396,True,True,False
4zsj,344,344,7,0.020348837209302327,True,True,False
5ftg,706,706,7,0.009915014164305949,True,True,True
5upf,928,928,22,0.023706896551724137,True,True,True
5vdk,260,260,11,0.04230769230769231,True,True,False
5ohj,336,336,5,0.01488095238095238,True,True,False
3ens,315,315,7,0.022222222222222223,False,False,False
2w1d,252,252,3,0.011904761904761904,False,False,False
1ogu,549,549,7,0.012750455373406194,True,True,False
5tzz,342,342,9,0.02631578947368421,True,True,False
2ccc,768,768,3,0.00390625,True,False,True
4y2v,546,546,5,0.009157509157509158,True,True,False
2ya7,469,469,11,0.023454157782515993,True,True,True
5o48,385,385,8,0.02077922077922078,True,False,False
5e73,116,116,6,0.05172413793103448,True,True,True
3f81,358,358,10,0.027932960893854747,True,True,False
2hiz,368,368,12,0.03260869565217391,False,True,False
5cqu,328,328,6,0.018292682926829267,True,True,True
1qkt,496,496,7,0.014112903225806451,True,True,True
3uo4,266,266,10,0.03759398496240601,True,True,True
2p95,279,279,6,0.021505376344086023,False,True,True
5qai,241,241,4,0.016597510373443983,True,True,False
1yk7,215,215,7,0.03255813953488372,True,True,False
6g9n,344,344,12,0.03488372093023256,True,True,False
4mgd,474,474,14,0.029535864978902954,True,True,True
4rgd,140,140,3,0.02142857142857143,True,True,False
4wmy,849,849,4,0.004711425206124852,True,True,False
3moh,604,604,5,0.008278145695364239,True,True,False
5h3q,303,303,11,0.036303630363036306,False,True,False
4qxq,364,364,12,0.03296703296703297,True,True,False
2uxu,411,411,13,0.031630170316301706,True,True,False
4w9p,120,120,9,0.075,True,True,True
5twj,314,314,14,0.044585987261146494,True,True,True
5ylv,986,986,10,0.010141987829614604,True,True,False
1vij,198,198,17,0.08585858585858586,True,True,False
4kby,351,351,5,0.014245014245014245,True,True,False
2pym,198,198,12,0.06060606060606061,True,True,True
6r49,260,260,7,0.026923076923076925,True,True,False
5ey0,505,505,19,0.03762376237623762,True,False,True
4azg,411,411,8,0.019464720194647202,True,True,True
4hzz,1536,1536,6,0.00390625,False,True,False
6ftp,369,369,3,0.008130081300813009,True,True,True
5niy,300,300,10,0.03333333333333333,True,False,False
6h50,456,456,5,0.010964912280701754,True,True,False
6ary,537,537,5,0.00931098696461825,True,True,False
1e6s,998,998,6,0.006012024048096192,True,True,True
3rth,371,371,6,0.016172506738544475,True,True,False
3vd4,4060,4060,15,0.003694581280788177,True,True,True
5mwz,114,114,7,0.06140350877192982,True,True,False
3n0h,186,186,8,0.043010752688172046,True,True,False
5wbm,598,598,11,0.01839464882943144,True,False,True
4o2b,2162,2162,15,0.006938020351526364,True,True,True
6b4d,257,257,4,0.01556420233463035,True,True,True
2bts,274,274,9,0.032846715328467155,True,True,False
4lil,370,370,4,0.010810810810810811,True,True,False
1csh,870,870,11,0.01264367816091954,True,True,False
1nmk,165,165,10,0.06060606060606061,True,True,False
5el9,597,597,4,0.006700167504187605,True,True,True
1dfo,833,833,24,0.028811524609843937,True,True,False
2o5k,350,350,10,0.02857142857142857,True,False,False
4i9o,76,76,3,0.039473684210526314,True,True,False
4xjt,241,241,9,0.03734439834024896,True,True,False
5fol,548,548,11,0.020072992700729927,True,True,True
1dtq,926,926,8,0.008639308855291577,True,True,False
4ei4,289,289,6,0.020761245674740483,True,False,True
3m6f,180,180,8,0.044444444444444446,True,True,False
1xge,684,684,5,0.007309941520467836,True,True,False
6p1d,300,300,8,0.02666666666666667,True,True,False
6mlj,237,237,7,0.029535864978902954,True,True,True
4l19,166,166,9,0.05421686746987952,True,True,True
6oe3,955,955,11,0.011518324607329843,True,True,False
4ymh,474,474,20,0.04219409282700422,True,True,True
6k4t,260,260,2,0.007692307692307693,True,True,False
6h7m,518,518,12,0.023166023166023165,True,True,False
3pwk,716,716,8,0.0111731843575419,True,True,True
5alw,546,546,11,0.020146520146520148,True,True,False
2vwv,255,255,8,0.03137254901960784,True,True,False
1ero,263,263,8,0.030418250950570342,True,True,False
3f69,552,552,16,0.028985507246376812,True,True,False
3ivi,380,380,13,0.034210526315789476,True,False,False
3cdb,1653,1653,41,0.024803387779794312,True,True,True
4mdq,86,86,10,0.11627906976744186,True,False,False
3qd4,276,276,7,0.025362318840579712,True,False,False
4i7l,176,176,7,0.03977272727272727,True,True,True
4url,364,364,8,0.02197802197802198,True,False,False
6hky,328,328,6,0.018292682926829267,True,True,False
3s3q,254,254,9,0.03543307086614173,True,True,False
6hgx,319,319,5,0.01567398119122257,True,True,False
5cei,613,613,4,0.0065252854812398045,True,True,False
5lav,93,93,8,0.08602150537634409,True,True,False
4rj6,297,297,4,0.013468013468013467,True,False,False
3mke,265,265,8,0.03018867924528302,True,True,False
5wqa,334,334,12,0.03592814371257485,True,True,False
4g2r,881,881,29,0.032917139614074914,True,True,False
4lkq,330,330,4,0.012121212121212121,True,False,True
6dj1,198,198,11,0.05555555555555555,True,True,True
4pkb,357,357,3,0.008403361344537815,True,True,False
4pte,688,688,13,0.0188953488372093,True,True,False
6gf9,161,161,10,0.062111801242236024,True,True,True
2ohr,377,377,6,0.015915119363395226,True,True,False
5nzn,387,387,9,0.023255813953488372,True,True,True
1zc9,431,431,12,0.027842227378190254,True,True,True
6h1i,287,287,9,0.0313588850174216,True,True,False
5un9,844,844,14,0.016587677725118485,True,True,False
5mkr,385,385,4,0.01038961038961039,False,True,True
3rkz,208,208,11,0.052884615384615384,True,True,False
4o9s,175,175,4,0.022857142857142857,True,True,False
2gl0,976,976,50,0.05122950819672131,True,True,True
5zla,876,876,15,0.017123287671232876,True,True,False
3ivh,379,379,12,0.0316622691292876,True,True,False
4loj,359,359,12,0.033426183844011144,True,False,False
5etp,160,160,7,0.04375,True,False,False
1gt5,315,315,16,0.050793650793650794,False,True,False
2i4u,198,198,14,0.0707070707070707,True,True,True
5v37,424,424,8,0.018867924528301886,True,True,False
4zek,490,490,7,0.014285714285714285,True,True,True
4u82,236,236,13,0.05508474576271186,True,True,False
5cxh,277,277,7,0.02527075812274368,True,True,False
6eir,675,675,13,0.01925925925925926,True,True,True
5eds,823,823,9,0.010935601458080195,True,True,False
1ew8,898,898,6,0.0066815144766146995,True,True,True
3jy9,282,282,9,0.031914893617021274,True,False,False
1rbo,4720,4720,64,0.013559322033898305,True,True,False
6f8u,647,647,13,0.02009273570324575,True,True,False
3mhc,257,257,5,0.019455252918287938,True,True,True
1zzl,351,351,9,0.02564102564102564,True,True,False
2e2r,456,456,9,0.019736842105263157,False,True,True
1w4q,124,124,6,0.04838709677419355,True,True,True
6bfa,464,464,8,0.017241379310344827,True,True,False
5yfs,322,322,17,0.052795031055900624,True,True,True
2v0c,810,810,8,0.009876543209876543,True,True,False
5ncy,827,827,7,0.008464328899637243,True,True,False
4btx,1413,1413,14,0.009907997169143666,True,False,False
3rcd,281,281,11,0.03914590747330961,True,True,False
6hu1,399,399,5,0.012531328320802004,True,True,False
4eeh,207,207,8,0.03864734299516908,True,False,False
2oax,233,233,13,0.055793991416309016,True,True,True
4byj,246,246,5,0.02032520325203252,True,False,False
3veh,435,435,10,0.022988505747126436,True,True,True
2hwh,559,559,8,0.014311270125223614,True,True,False
5eob,288,288,7,0.024305555555555556,True,True,False
2ews,518,518,24,0.04633204633204633,True,True,True
2lh8,104,104,4,0.038461538461538464,True,True,False
3vdc,4060,4060,21,0.005172413793103448,True,True,False
4ha5,390,390,5,0.01282051282051282,True,True,True
2ojj,344,344,10,0.029069767441860465,True,False,True
6cv8,87,87,2,0.022988505747126436,True,True,False
3ui7,315,315,5,0.015873015873015872,True,False,True
5zg0,520,520,3,0.0057692307692307696,True,True,True
4gcj,304,304,9,0.029605263157894735,True,True,False
5m53,255,255,6,0.023529411764705882,True,False,False
6g2l,396,396,16,0.04040404040404041,True,True,True
6aeh,329,329,8,0.0243161094224924,True,True,False
3qj0,395,395,4,0.010126582278481013,True,True,False
4cjn,1284,1284,4,0.003115264797507788,True,True,False
4edz,395,395,12,0.030379746835443037,True,True,False
5f1v,295,295,10,0.03389830508474576,True,True,True
2c8x,246,246,9,0.036585365853658534,False,True,False
3p3t,460,460,5,0.010869565217391304,False,False,True
4uy1,122,122,11,0.09016393442622951,True,False,False
2e98,443,443,43,0.09706546275395034,True,True,False
1lhw,348,348,7,0.020114942528735632,True,True,False
6om8,463,463,25,0.05399568034557235,True,True,True
6fgg,101,101,5,0.04950495049504951,True,True,True
4q4r,728,728,8,0.01098901098901099,True,False,True
3n9s,602,602,22,0.036544850498338874,True,True,True
1h60,364,364,6,0.016483516483516484,True,True,False
1a7t,454,454,5,0.011013215859030838,True,True,False
4w9e,327,327,7,0.021406727828746176,True,True,False
3a1t,254,254,10,0.03937007874015748,True,False,False
5nra,377,377,7,0.01856763925729443,True,False,False
5ewj,710,710,11,0.015492957746478873,True,True,False
2fl6,330,330,8,0.024242424242424242,True,True,False
3ppm,1091,1091,20,0.01833180568285976,True,True,True
4ycv,971,971,10,0.010298661174047374,True,True,False
1d3p,278,278,8,0.02877697841726619,True,True,True
4aq4,418,418,7,0.01674641148325359,True,True,True
3d1y,198,198,13,0.06565656565656566,True,True,True
4cgj,298,298,19,0.06375838926174497,True,True,False
1erb,174,174,6,0.034482758620689655,False,True,True
3v6r,350,350,9,0.025714285714285714,False,True,False
2cet,435,435,9,0.020689655172413793,True,True,True
6fe1,482,482,11,0.022821576763485476,False,True,True
5n8v,63,63,7,0.1111111111111111,True,True,False
4f6s,594,594,7,0.011784511784511785,True,True,False
1lf2,329,329,13,0.03951367781155015,True,True,True
5ji6,368,368,3,0.008152173913043478,True,False,False
6bw2,150,150,10,0.06666666666666667,True,True,False
6afc,374,374,5,0.013368983957219251,True,True,False
4bo6,957,957,9,0.009404388714733543,True,True,False
4mmp,308,308,13,0.04220779220779221,True,True,True
1njj,698,698,13,0.01862464183381089,True,True,False
4msa,330,330,6,0.01818181818181818,True,False,True
5f00,371,371,8,0.0215633423180593,True,True,False
6dh2,198,198,14,0.0707070707070707,True,True,True
3b2q,867,867,7,0.008073817762399077,True,True,True
3e81,656,656,20,0.03048780487804878,True,True,False
2p15,484,484,22,0.045454545454545456,True,True,True
4bdj,564,564,7,0.012411347517730497,True,False,False
3iu8,284,284,4,0.014084507042253521,True,False,False
4uv9,799,799,20,0.025031289111389236,True,True,False
5q0u,230,230,12,0.05217391304347826,True,True,False
2jdt,354,354,8,0.022598870056497175,True,True,False
4xbd,163,163,11,0.06748466257668712,True,True,False
3cf8,901,901,14,0.01553829078801332,True,True,True
5jox,502,502,7,0.013944223107569721,True,True,True
6imd,648,648,6,0.009259259259259259,True,True,False
5il1,486,486,11,0.02263374485596708,True,True,False
4jql,215,215,10,0.046511627906976744,True,True,False
2l98,72,72,5,0.06944444444444445,True,True,False
6bmr,489,489,6,0.012269938650306749,True,True,False
6otg,198,198,16,0.08080808080808081,True,True,True
6nd3,795,795,2,0.0025157232704402514,True,True,False
3g4l,327,327,4,0.012232415902140673,True,True,False
1w76,1044,1044,22,0.0210727969348659,True,True,False
4xcu,288,288,5,0.017361111111111112,True,True,False
5kbf,282,282,13,0.04609929078014184,True,True,False
5ldm,174,174,5,0.028735632183908046,True,True,True
5zqo,209,209,8,0.03827751196172249,True,True,False
5kat,165,165,7,0.04242424242424243,True,True,True
1aq1,277,277,9,0.032490974729241874,True,True,False
2g94,385,385,15,0.03896103896103896,False,True,True
4bhz,251,251,5,0.0199203187250996,True,True,False
5dpa,181,181,10,0.055248618784530384,True,True,False
5iw0,306,306,5,0.016339869281045753,True,True,False
4io8,377,377,7,0.01856763925729443,True,True,False
5wzt,123,123,10,0.08130081300813008,True,True,False
5a3u,616,616,8,0.012987012987012988,True,True,False
5dwr,273,273,9,0.03296703296703297,True,True,True
4bny,969,969,8,0.008255933952528379,True,True,True
2nn7,258,258,3,0.011627906976744186,True,True,True
5ml6,145,145,19,0.1310344827586207,True,True,False
3uo6,264,264,7,0.026515151515151516,True,True,False
3o57,336,336,6,0.017857142857142856,True,True,False
2ew5,166,166,10,0.060240963855421686,True,True,False
2np8,256,256,9,0.03515625,True,True,False
5e28,257,257,3,0.011673151750972763,True,True,True
2wxi,815,815,12,0.014723926380368098,True,True,False
4ark,582,582,6,0.010309278350515464,True,True,False
5v7i,922,922,12,0.013015184381778741,True,False,False
5y7j,725,725,6,0.008275862068965517,True,True,False
1ke9,281,281,9,0.03202846975088968,True,True,False
1rmz,159,159,5,0.031446540880503145,True,True,True
3ryy,257,257,6,0.023346303501945526,True,True,True
4c1m,571,571,4,0.0070052539404553416,False,True,False
2qe4,411,411,16,0.038929440389294405,True,True,True
5nud,267,267,3,0.011235955056179775,True,True,False
5ne5,432,432,5,0.011574074074074073,True,True,True
4uiv,101,101,4,0.039603960396039604,True,True,False
2jkm,260,260,8,0.03076923076923077,True,True,False
6me3,482,482,10,0.02074688796680498,True,False,False
5k5e,527,527,5,0.009487666034155597,True,True,False
5upe,928,928,24,0.02586206896551724,True,True,True
5nlk,115,115,10,0.08695652173913043,True,True,True
1li3,162,162,7,0.043209876543209874,True,True,True
2amv,1658,1658,6,0.0036188178528347406,True,True,False
6ps9,126,126,8,0.06349206349206349,True,True,False
5tzo,185,185,9,0.04864864864864865,True,True,False
3fuh,607,607,5,0.008237232289950576,True,False,False
3d6p,124,124,6,0.04838709677419355,True,True,True
3kaf,145,145,7,0.04827586206896552,True,False,False
4y3j,330,330,2,0.006060606060606061,True,True,True
2glp,905,905,10,0.011049723756906077,True,True,True
5v8o,700,700,15,0.02142857142857143,True,True,False
6dak,304,304,8,0.02631578947368421,True,True,True
6cgp,357,357,4,0.011204481792717087,True,True,False
4dhp,454,454,8,0.01762114537444934,True,True,False
3rxa,223,223,3,0.013452914798206279,True,True,False
5nvf,208,208,8,0.038461538461538464,True,True,False
4l0i,208,208,8,0.038461538461538464,True,True,False
3cho,610,610,10,0.01639344262295082,True,True,False
3zxz,290,290,9,0.03103448275862069,False,True,True
5a6x,456,456,12,0.02631578947368421,True,True,True
3kyq,193,193,3,0.015544041450777202,True,True,True
3kpv,525,525,11,0.02095238095238095,True,False,False
5cap,303,303,4,0.013201320132013201,True,True,True
4hdb,198,198,14,0.0707070707070707,True,True,True
3atu,379,379,12,0.0316622691292876,True,True,False
5hfj,395,395,16,0.04050632911392405,True,True,False
2obj,272,272,8,0.029411764705882353,True,True,False
6pgb,305,305,6,0.019672131147540985,True,False,True
1nde,231,231,9,0.03896103896103896,True,True,False
5qb0,241,241,8,0.03319502074688797,True,True,False
1g7f,297,297,11,0.037037037037037035,True,True,True
6eis,344,344,7,0.020348837209302327,True,False,True
1gnj,582,582,52,0.08934707903780069,True,True,False
1ggn,1660,1660,11,0.006626506024096385,True,True,False
5csx,261,261,13,0.04980842911877394,True,True,False
6dne,124,124,9,0.07258064516129033,True,True,False
4bo2,958,958,14,0.014613778705636743,True,True,False
2e9o,269,269,8,0.02973977695167286,True,False,False
6gxe,257,257,11,0.042801556420233464,True,True,True
3rey,291,291,6,0.020618556701030927,True,False,False
4dcs,406,406,11,0.027093596059113302,True,False,True
1cgl,168,168,11,0.06547619047619048,True,True,True
2wf0,373,373,16,0.04289544235924933,False,True,False
3bex,496,496,20,0.04032258064516129,True,True,True
4jss,257,257,3,0.011673151750972763,True,True,True
5i7y,101,101,5,0.04950495049504951,True,False,True
6r8o,164,164,10,0.06097560975609756,True,True,True
4uye,109,109,5,0.045871559633027525,True,True,True
1l5s,3168,3168,9,0.002840909090909091,True,True,False
3i51,512,512,3,0.005859375,True,True,True
3m8q,952,952,9,0.009453781512605041,True,True,False
3iad,340,340,6,0.01764705882352941,True,True,False
4pkt,499,499,8,0.01603206412825651,True,True,False
1way,242,242,3,0.012396694214876033,False,False,False
4u0s,647,647,17,0.02627511591962906,True,True,False
3krl,281,281,8,0.028469750889679714,True,True,False
3bi1,1388,1388,12,0.008645533141210375,True,True,False
4nym,801,801,5,0.006242197253433208,True,False,False
5edl,197,197,9,0.04568527918781726,True,True,True
4qhc,265,265,6,0.022641509433962263,True,True,False
6qha,219,219,9,0.0410958904109589,False,True,False
3ztc,330,330,9,0.02727272727272727,True,True,False
1d2s,340,340,5,0.014705882352941176,True,True,False
5cas,299,299,7,0.023411371237458192,True,True,True
5oje,330,330,9,0.02727272727272727,True,False,False
5qcn,229,229,12,0.05240174672489083,False,True,False
2x2l,574,574,8,0.013937282229965157,True,True,False
3a4o,259,259,7,0.02702702702702703,True,True,False
6bkh,262,262,14,0.05343511450381679,True,True,False
5jhb,811,811,6,0.007398273736128237,True,True,True
3t07,2332,2332,8,0.003430531732418525,True,False,False
2bv4,226,226,5,0.022123893805309734,True,True,False
2y76,408,408,9,0.022058823529411766,True,True,False
3ooz,368,368,5,0.01358695652173913,True,True,False
5oui,205,205,3,0.014634146341463415,True,True,False
1c5q,219,219,4,0.0182648401826484,False,True,True
6hx1,387,387,6,0.015503875968992248,True,False,False
3rl3,276,276,6,0.021739130434782608,True,False,False
2oc9,834,834,5,0.005995203836930456,True,False,False
6q73,863,863,8,0.009269988412514484,True,True,False
5tt8,422,422,7,0.016587677725118485,True,True,False
1hrn,654,654,31,0.047400611620795105,False,True,False
3db6,287,287,9,0.0313588850174216,True,False,False
2v11,334,334,9,0.02694610778443114,False,True,False
4kza,358,358,21,0.05865921787709497,True,True,False
1yvz,548,548,5,0.009124087591240875,True,True,False
4aw5,261,261,7,0.02681992337164751,True,False,False
3i0r,950,950,10,0.010526315789473684,True,True,False
6ghh,162,162,8,0.04938271604938271,True,True,True
2wtc,284,284,8,0.028169014084507043,True,True,False
4jwk,193,193,3,0.015544041450777202,True,False,True
2yjw,207,207,9,0.043478260869565216,True,True,False
1f0t,220,220,6,0.02727272727272727,False,True,True
1sqb,4206,4206,7,0.0016642891107941037,True,True,False
6oxp,198,198,18,0.09090909090909091,True,True,False
5kr8,359,359,7,0.019498607242339833,True,True,False
2jkq,258,258,5,0.01937984496124031,True,True,False
2i0v,303,303,10,0.033003300330033,True,True,False
4bgm,768,768,4,0.005208333333333333,True,True,False
6d1a,229,229,2,0.008733624454148471,True,True,True
1dx6,1056,1056,10,0.00946969696969697,True,True,False
4zy0,1029,1029,14,0.013605442176870748,True,True,False
4w7t,207,207,9,0.043478260869565216,True,True,False
2bu5,712,712,5,0.007022471910112359,False,True,False
5uyu,370,370,10,0.02702702702702703,True,True,False
1zsb,257,257,3,0.011673151750972763,True,True,False
4ufy,208,208,7,0.03365384615384615,True,True,False
6un1,502,502,10,0.0199203187250996,True,True,False
4oq3,93,93,9,0.0967741935483871,True,True,False
4qwg,648,648,12,0.018518518518518517,True,True,False
3suv,504,504,10,0.01984126984126984,True,True,True
2qtu,441,441,15,0.034013605442176874,True,True,False
5hja,909,909,10,0.011001100110011002,True,False,False
4lp6,257,257,11,0.042801556420233464,True,True,False
4ght,181,181,9,0.049723756906077346,True,True,False
3skf,387,387,15,0.03875968992248062,True,True,False
3kjf,484,484,11,0.022727272727272728,True,True,False
4ps5,127,127,9,0.07086614173228346,True,True,False
4att,158,158,9,0.056962025316455694,True,True,True
3sx9,457,457,11,0.024070021881838075,True,True,False
2ddf,253,253,6,0.023715415019762844,True,True,False
3s77,258,258,5,0.01937984496124031,True,True,True
4d2w,640,640,8,0.0125,True,True,False
2rk7,1223,1223,3,0.0024529844644317253,True,True,False
3mi3,739,739,11,0.014884979702300407,True,True,True
3e7b,294,294,12,0.04081632653061224,True,True,False
2ydf,569,569,16,0.028119507908611598,True,True,False
4qxr,364,364,13,0.03571428571428571,True,True,False
1a52,479,479,17,0.03549060542797495,True,True,False
1kwr,258,258,4,0.015503875968992248,True,True,False
2w26,277,277,4,0.01444043321299639,False,True,True
2b52,283,283,8,0.028268551236749116,True,False,False
5egs,669,669,13,0.01943198804185351,True,True,False
4jvq,560,560,10,0.017857142857142856,True,True,False
3bgc,198,198,15,0.07575757575757576,True,True,True
2evm,259,259,3,0.011583011583011582,True,True,False
5tg4,242,242,8,0.03305785123966942,True,True,False
4aa0,329,329,10,0.030395136778115502,False,True,False
5t4e,728,728,12,0.016483516483516484,True,True,False
3qtq,294,294,5,0.017006802721088437,True,True,False
2yig,333,333,16,0.04804804804804805,True,True,False
1k1p,220,220,10,0.045454545454545456,False,True,False
5vc4,261,261,8,0.03065134099616858,True,True,True
4yay,393,393,9,0.022900763358778626,True,False,False
5kjm,429,429,9,0.02097902097902098,True,False,False
1d8f,173,173,4,0.023121387283236993,True,True,False
5vqx,948,948,7,0.007383966244725738,True,True,False
1h62,364,364,5,0.013736263736263736,True,True,False
3ha6,598,598,5,0.008361204013377926,True,True,False
4mbc,193,193,8,0.04145077720207254,True,True,False
2wi4,209,209,7,0.03349282296650718,False,True,False
3pj3,240,240,13,0.05416666666666667,True,False,False
5mm9,232,232,6,0.02586206896551724,True,True,False
1vrt,925,925,7,0.0075675675675675675,True,True,False
2erz,354,354,7,0.01977401129943503,True,True,True
4eh7,337,337,6,0.017804154302670624,True,True,False
4i7j,174,174,8,0.04597701149425287,True,True,True
3qkm,329,329,13,0.03951367781155015,True,True,False
5ai4,547,547,5,0.009140767824497258,False,True,False
2i47,1018,1018,18,0.01768172888015717,True,True,False
3dd0,258,258,4,0.015503875968992248,True,True,True
3pty,568,568,4,0.007042253521126761,True,True,False
6o4w,1080,1080,12,0.011111111111111112,True,True,False
1lpk,227,227,10,0.04405286343612335,False,True,True
3p8e,272,272,5,0.01838235294117647,True,True,False
4uoh,860,860,13,0.015116279069767442,True,True,True
6d3g,271,271,6,0.02214022140221402,False,True,False
4odf,99,99,9,0.09090909090909091,True,True,False
1j15,220,220,7,0.031818181818181815,False,True,False
5fdo,142,142,10,0.07042253521126761,True,False,False
4wp7,1482,1482,3,0.0020242914979757085,True,True,False
6f6r,536,536,9,0.016791044776119403,True,True,False
5zg1,516,516,3,0.005813953488372093,True,True,True
2vx1,274,274,5,0.01824817518248175,True,True,False
1hk2,560,560,17,0.030357142857142857,True,True,False
5sz1,257,257,3,0.011673151750972763,True,True,True
5oa6,430,430,11,0.02558139534883721,True,True,True
3zvv,829,829,5,0.006031363088057901,True,True,False
1mn9,900,900,24,0.02666666666666667,True,True,False
2c80,416,416,21,0.05048076923076923,True,True,True
6pl1,289,289,7,0.02422145328719723,True,True,True
6fa2,167,167,6,0.03592814371257485,True,True,False
5ia2,287,287,9,0.0313588850174216,True,True,True
6g3c,272,272,9,0.03308823529411765,True,True,False
1b9v,1560,1560,9,0.0057692307692307696,True,True,False
4kqr,520,520,15,0.028846153846153848,True,True,False
4l09,208,208,7,0.03365384615384615,True,True,False
5dt2,311,311,9,0.028938906752411574,True,True,False
3wtm,414,414,9,0.021739130434782608,True,True,True
5ddd,466,466,3,0.006437768240343348,True,True,False
1tou,131,131,5,0.03816793893129771,True,True,False
1a5g,241,241,11,0.04564315352697095,False,True,False
3tct,458,458,3,0.006550218340611353,False,True,False
4h3a,415,415,8,0.01927710843373494,True,True,False
3zos,301,301,14,0.046511627906976744,True,True,False
6chq,954,954,6,0.006289308176100629,True,True,False
5wp5,463,463,15,0.032397408207343416,True,True,True
4xyf,290,290,8,0.027586206896551724,True,True,False
4avg,780,780,17,0.021794871794871794,True,True,False
4j3i,127,127,6,0.047244094488188976,True,True,False
8gpb,1664,1664,8,0.004807692307692308,True,True,False
1pxi,294,294,4,0.013605442176870748,True,True,False
5ism,728,728,10,0.013736263736263736,True,True,False
4dzy,618,618,8,0.012944983818770227,True,True,True
3olf,230,230,12,0.05217391304347826,True,True,False
3s78,258,258,5,0.01937984496124031,True,True,True
5zhn,474,474,19,0.04008438818565401,True,True,False
4ec4,214,214,21,0.09813084112149532,True,True,False
2f6z,297,297,13,0.04377104377104377,True,True,False
4mvx,1060,1060,10,0.009433962264150943,True,True,False
5ety,207,207,9,0.043478260869565216,True,True,False
4qg7,395,395,12,0.030379746835443037,True,True,False
5dtw,730,730,11,0.015068493150684932,True,True,False
6t1n,141,141,8,0.05673758865248227,True,False,True
5w2q,828,828,8,0.00966183574879227,True,True,False
5uhi,223,223,9,0.04035874439461883,True,True,False
3i7e,198,198,13,0.06565656565656566,True,True,True
3nzs,828,828,4,0.004830917874396135,True,True,False
3b7i,291,291,3,0.010309278350515464,True,True,True
4g0y,147,147,9,0.061224489795918366,True,True,True
3ioi,548,548,13,0.023722627737226276,True,True,False
2b8v,367,367,16,0.043596730245231606,False,True,False
3uuo,305,305,4,0.013114754098360656,True,False,True
5eef,354,354,4,0.011299435028248588,True,True,False
5x79,420,420,17,0.04047619047619048,True,True,False
1f7b,1156,1156,7,0.006055363321799308,True,True,False
6dqa,297,297,5,0.016835016835016835,True,True,False
6e7j,198,198,14,0.0707070707070707,True,True,True
3e0q,831,831,15,0.018050541516245487,True,True,False
4eny,261,261,8,0.03065134099616858,True,True,False
4u5j,267,267,5,0.018726591760299626,True,False,False
3lhg,369,369,7,0.018970189701897018,True,True,False
5a69,1170,1170,9,0.007692307692307693,True,True,False
3fue,607,607,4,0.006589785831960461,True,False,False
1kf6,1069,1069,7,0.006548175865294668,True,True,False
4u54,425,425,3,0.007058823529411765,True,True,True
3f80,939,939,12,0.012779552715654952,True,True,True
3ans,628,628,16,0.025477707006369428,True,True,False
3sfi,386,386,5,0.012953367875647668,False,True,False
4o0j,280,280,2,0.007142857142857143,True,True,False
4e93,361,361,4,0.0110803324099723,True,True,False
4aoc,237,237,7,0.029535864978902954,True,True,False
3u4r,558,558,9,0.016129032258064516,True,True,False
6ft9,336,336,3,0.008928571428571428,True,False,False
1u1b,124,124,6,0.04838709677419355,True,True,True
4s1g,339,339,9,0.02654867256637168,True,True,True
4xe1,258,258,4,0.015503875968992248,True,True,False
6h78,561,561,21,0.0374331550802139,True,True,False
6itp,250,250,16,0.064,True,True,False
5un1,840,840,4,0.004761904761904762,True,True,False
5b5o,167,167,5,0.029940119760479042,True,False,False
5xmv,884,884,17,0.019230769230769232,True,False,False
4bda,284,284,3,0.01056338028169014,True,False,False
3lbk,85,85,5,0.058823529411764705,True,False,False
5iha,303,303,6,0.019801980198019802,True,True,False
5mqy,216,216,7,0.032407407407407406,True,True,False
5k0j,220,220,8,0.03636363636363636,True,False,False
4je7,382,382,18,0.04712041884816754,True,True,True
6qra,418,418,9,0.0215311004784689,True,False,False
6f9v,605,605,14,0.023140495867768594,True,True,True
3frg,670,670,7,0.010447761194029851,True,True,False
5vs6,676,676,21,0.03106508875739645,True,True,False
1hi5,135,135,8,0.05925925925925926,True,True,True
4nrb,114,114,4,0.03508771929824561,True,True,False
6udv,155,155,11,0.07096774193548387,True,True,True
3oui,190,190,6,0.031578947368421054,True,False,False
2qcd,515,515,22,0.04271844660194175,True,True,False
3i5n,280,280,6,0.02142857142857143,True,True,False
3lxg,924,924,4,0.004329004329004329,True,True,False
1dgm,346,346,7,0.02023121387283237,True,True,True
3vp3,1244,1244,2,0.001607717041800643,True,True,False
3ru1,363,363,7,0.01928374655647383,True,True,True
1bl4,214,214,15,0.07009345794392523,True,True,False
2clf,1296,1296,18,0.013888888888888888,False,True,False
3eq7,707,707,4,0.005657708628005658,True,True,False
4zfi,95,95,5,0.05263157894736842,True,False,False
4pd5,1209,1209,8,0.006617038875103391,True,True,False
6qyo,513,513,5,0.009746588693957114,True,True,False
2xel,776,776,2,0.002577319587628866,True,False,False
6bx6,243,243,3,0.012345679012345678,True,True,False
2wr8,774,774,6,0.007751937984496124,True,True,True
5ne1,270,270,7,0.025925925925925925,True,True,False
3ta0,293,293,25,0.08532423208191127,True,True,True
5kab,282,282,8,0.028368794326241134,True,True,True
3f15,158,158,5,0.03164556962025317,True,True,True
4q18,461,461,31,0.06724511930585683,True,True,False
6h33,260,260,7,0.026923076923076925,True,True,True
5f91,895,895,11,0.012290502793296089,True,True,False
3ee2,396,396,4,0.010101010101010102,True,False,False
5k51,334,334,19,0.05688622754491018,True,True,False
2exc,335,335,6,0.01791044776119403,True,True,False
6jn3,265,265,7,0.026415094339622643,False,False,False
4cq0,256,256,3,0.01171875,True,True,False
6g38,327,327,7,0.021406727828746176,True,True,True
3u8d,124,124,15,0.12096774193548387,True,True,False
3ddq,535,535,11,0.020560747663551402,True,True,False
3e16,212,212,12,0.05660377358490566,False,True,False
4m8e,214,214,12,0.056074766355140186,True,True,True
4xtv,264,264,14,0.05303030303030303,True,True,True
3ex2,514,514,25,0.048638132295719845,True,True,False
5a81,130,130,5,0.038461538461538464,True,True,True
5m4k,336,336,7,0.020833333333333332,True,True,False
1e4h,464,464,1,0.0021551724137931034,True,True,True
5lt6,234,234,11,0.04700854700854701,True,True,False
2vx9,756,756,2,0.0026455026455026454,True,True,False
3ttz,194,194,7,0.03608247422680412,True,False,False
4rcg,592,592,11,0.018581081081081082,True,False,False
4xrq,430,430,7,0.01627906976744186,True,False,False
4hdf,198,198,14,0.0707070707070707,True,True,True
4mm7,499,499,6,0.012024048096192385,True,True,False
1els,872,872,10,0.011467889908256881,True,True,False
3tz4,620,620,5,0.008064516129032258,True,True,False
2obo,375,375,10,0.02666666666666667,True,True,False
1xh6,331,331,13,0.03927492447129909,True,True,False
4pg3,970,970,13,0.013402061855670102,True,True,False
6iiu,460,460,10,0.021739130434782608,True,True,True
4a6c,198,198,16,0.08080808080808081,True,True,True
6if0,229,229,9,0.039301310043668124,True,True,True
5fdi,258,258,5,0.01937984496124031,True,True,True
4f9v,307,307,4,0.013029315960912053,True,True,False
4xwk,1182,1182,4,0.00338409475465313,True,True,False
5opb,262,262,9,0.03435114503816794,True,False,False
5gj9,298,298,1,0.003355704697986577,True,True,True
2foy,256,256,13,0.05078125,True,False,False
6dki,279,279,8,0.02867383512544803,True,True,False
5u11,537,537,12,0.0223463687150838,True,False,True
3rdo,128,128,5,0.0390625,True,True,True
3wch,2004,2004,61,0.030439121756487025,True,True,False
5diq,690,690,8,0.011594202898550725,True,True,False
2zga,198,198,5,0.025252525252525252,True,True,False
1a28,251,251,10,0.0398406374501992,True,True,True
1k4h,372,372,6,0.016129032258064516,True,True,True
4wzv,158,158,8,0.05063291139240506,True,True,False
1gyx,152,152,4,0.02631578947368421,True,True,True
5om9,788,788,11,0.013959390862944163,True,True,False
3hxb,632,632,9,0.014240506329113924,True,True,False
4uiy,127,127,6,0.047244094488188976,True,True,False
3g0i,770,770,17,0.02207792207792208,True,True,True
2gnf,359,359,9,0.025069637883008356,True,True,False
5dw2,127,127,5,0.03937007874015748,True,True,True
1om1,325,325,12,0.036923076923076927,True,True,True
3uf9,626,626,10,0.01597444089456869,True,True,False
4x24,474,474,6,0.012658227848101266,True,False,True
4r3c,335,335,12,0.03582089552238806,True,True,False
1mnc,158,158,6,0.0379746835443038,True,True,False
5ii1,112,112,7,0.0625,True,False,False
4j5c,164,164,9,0.054878048780487805,True,True,False
2l8r,150,150,12,0.08,True,True,False
4x7j,257,257,9,0.03501945525291829,True,True,False
6nvg,272,272,5,0.01838235294117647,True,True,False
6mju,331,331,4,0.012084592145015106,True,False,False
1h3b,620,620,8,0.012903225806451613,False,True,False
5x5o,291,291,14,0.048109965635738834,True,False,False
4f49,300,300,8,0.02666666666666667,True,True,False
4bqx,217,217,3,0.013824884792626729,True,True,False
5ur1,278,278,4,0.014388489208633094,True,True,False
5u7k,340,340,9,0.026470588235294117,True,True,False
1v2n,220,220,9,0.04090909090909091,False,True,True
5fom,548,548,7,0.012773722627737226,True,False,False
6f8b,298,298,5,0.016778523489932886,True,True,False
3mt7,1618,1618,19,0.011742892459826947,True,True,False
1qiw,288,288,14,0.04861111111111111,True,True,False
2giu,450,450,5,0.011111111111111112,True,True,False
4djv,390,390,8,0.020512820512820513,True,True,True
2oz5,265,265,19,0.07169811320754717,True,True,False
6n3z,336,336,11,0.03273809523809524,True,True,False
4rj5,296,296,5,0.016891891891891893,True,False,False
4ke0,375,375,11,0.029333333333333333,True,True,False
1fq6,326,326,14,0.04294478527607362,False,True,False
5a4q,341,341,5,0.01466275659824047,True,True,False
5a46,290,290,6,0.020689655172413793,False,False,False
1uk1,350,350,7,0.02,True,True,False
4xar,445,445,5,0.011235955056179775,True,True,True
6oxx,198,198,15,0.07575757575757576,True,True,False
6cjh,271,271,2,0.007380073800738007,True,False,False
3gk4,180,180,1,0.005555555555555556,True,True,False
4xx4,339,339,8,0.02359882005899705,True,True,False
6dz2,805,805,25,0.031055900621118012,True,False,True
3hig,1423,1423,18,0.012649332396345749,True,True,True
6af9,374,374,14,0.0374331550802139,True,True,False
4ngt,1384,1384,13,0.00939306358381503,True,True,False
4f9g,339,339,5,0.014749262536873156,True,True,False
5vnd,302,302,6,0.019867549668874173,True,True,False
4r6e,350,350,6,0.017142857142857144,True,True,False
3nnu,348,348,10,0.028735632183908046,True,True,False
4ps7,843,843,9,0.010676156583629894,True,True,False
5kau,165,165,8,0.048484848484848485,True,True,False
5hd0,387,387,8,0.020671834625323,True,True,False
4ewn,243,243,9,0.037037037037037035,True,True,True
4l8m,339,339,14,0.04129793510324484,True,True,False
4ezl,834,834,5,0.005995203836930456,True,True,False
6pii,336,336,5,0.01488095238095238,True,False,False
4bjc,197,197,4,0.02030456852791878,True,False,False
5epn,197,197,13,0.06598984771573604,True,True,True
1p17,398,398,19,0.04773869346733668,True,True,False
4whs,1312,1312,29,0.022103658536585365,True,True,True
4rkx,254,254,8,0.031496062992125984,True,True,False
1pi5,358,358,7,0.019553072625698324,True,True,False
6mul,822,822,9,0.010948905109489052,False,True,False
3myg,252,252,7,0.027777777777777776,True,False,True
1ypj,242,242,7,0.028925619834710745,False,True,True
2z52,592,592,18,0.030405405405405407,True,True,False
3blr,551,551,6,0.010889292196007259,True,True,False
3cl0,1516,1516,8,0.005277044854881266,False,True,True
4m6p,943,943,21,0.022269353128313893,True,False,False
3fxw,271,271,7,0.025830258302583026,True,False,False
4an3,280,280,7,0.025,True,True,False
5gjg,289,289,7,0.02422145328719723,True,True,False
5kew,221,221,9,0.04072398190045249,True,True,False
5xs2,629,629,7,0.011128775834658187,True,False,False
4efs,159,159,4,0.025157232704402517,True,True,True
6qef,365,365,7,0.019178082191780823,True,True,False
6bh2,295,295,6,0.020338983050847456,True,False,False
5x74,150,150,13,0.08666666666666667,True,True,True
1csr,870,870,10,0.011494252873563218,True,True,False
4fiv,226,226,10,0.04424778761061947,True,True,False
3apc,839,839,6,0.007151370679380214,True,True,False
5jgq,154,154,6,0.03896103896103896,True,True,True
6ow7,196,196,7,0.03571428571428571,True,True,False
6hot,328,328,9,0.027439024390243903,True,True,False
5y8c,134,134,4,0.029850746268656716,True,True,False
6gxw,397,397,2,0.005037783375314861,True,True,False
3eou,698,698,7,0.01002865329512894,True,False,False
6afh,374,374,7,0.01871657754010695,True,True,False
1izh,198,198,18,0.09090909090909091,True,True,True
6e0r,279,279,4,0.014336917562724014,True,False,False
4jda,348,348,14,0.040229885057471264,True,True,False
6gla,288,288,4,0.013888888888888888,True,False,True
3pp0,286,286,13,0.045454545454545456,True,True,False
4rrn,393,393,7,0.017811704834605598,True,True,False
3dxg,124,124,7,0.056451612903225805,True,True,False
2a0c,294,294,8,0.027210884353741496,True,True,False
4j8m,265,265,13,0.04905660377358491,True,False,False
3zdg,994,994,22,0.022132796780684104,True,True,True
4wk7,209,209,4,0.019138755980861243,True,True,False
3qk0,820,820,11,0.013414634146341463,True,True,False
4dvi,206,206,12,0.05825242718446602,True,True,False
4fs3,1024,1024,9,0.0087890625,True,True,False
4wx4,201,201,10,0.04975124378109453,True,True,False
2a3w,2040,2040,22,0.010784313725490196,True,True,False
6dkb,272,272,10,0.03676470588235294,True,True,False
2zb1,345,345,10,0.028985507246376812,True,True,True
3kck,285,285,8,0.028070175438596492,True,False,False
4ivt,375,375,6,0.016,True,True,False
2xj0,275,275,3,0.01090909090909091,False,True,False
4nw7,344,344,11,0.03197674418604651,True,True,False
1uwh,528,528,21,0.03977272727272727,True,True,False
3pvu,1008,1008,9,0.008928571428571428,True,True,False
2w3k,277,277,7,0.02527075812274368,False,True,False
3cgf,346,346,6,0.017341040462427744,True,True,False
5nve,209,209,6,0.028708133971291867,True,True,False
1ek2,1028,1028,17,0.016536964980544747,True,True,False
1mdl,2856,2856,5,0.0017507002801120449,True,True,False
2bt9,266,266,32,0.12030075187969924,True,True,True
1c4y,244,244,9,0.036885245901639344,False,False,False
3asx,335,335,8,0.023880597014925373,True,True,False
2f7o,1014,1014,5,0.004930966469428008,True,True,True
1swi,91,91,4,0.04395604395604396,True,True,False
1xd0,495,495,14,0.028282828282828285,True,True,True
2ay5,782,782,5,0.00639386189258312,True,False,False
2aeb,942,942,17,0.018046709129511677,True,True,False
1w5x,198,198,21,0.10606060606060606,True,True,True
4bo7,950,950,15,0.015789473684210527,True,True,False
5o1f,196,196,6,0.030612244897959183,True,True,True
3el7,254,254,7,0.027559055118110236,True,True,False
5gid,237,237,11,0.046413502109704644,True,True,False
4mb9,198,198,9,0.045454545454545456,True,True,False
6ajy,133,133,7,0.05263157894736842,True,True,True
2hwp,245,245,4,0.0163265306122449,True,True,False
2x95,598,598,10,0.016722408026755852,True,False,True
4cra,220,220,10,0.045454545454545456,False,True,True
4std,492,492,31,0.06300813008130081,True,True,True
5l7g,247,247,12,0.048582995951417005,True,True,True
4fny,273,273,9,0.03296703296703297,True,True,False
4iqu,358,358,6,0.01675977653631285,True,True,False
6j7l,383,383,12,0.031331592689295036,True,True,False
4bcq,546,546,6,0.01098901098901099,True,True,False
5wij,274,274,6,0.021897810218978103,True,False,True
1ctt,588,588,4,0.006802721088435374,True,True,True
1iyl,384,384,7,0.018229166666666668,True,True,False
5c2o,432,432,18,0.041666666666666664,True,True,True
1tq4,396,396,13,0.03282828282828283,True,True,True
4mjr,725,725,3,0.004137931034482759,True,False,False
5a6k,1251,1251,12,0.009592326139088728,True,True,True
6h36,259,259,8,0.03088803088803089,True,True,True
4qvy,652,652,9,0.013803680981595092,True,True,False
1s9t,1004,1004,17,0.01693227091633466,True,True,False
1bzy,856,856,53,0.06191588785046729,True,False,True
4gto,723,723,8,0.011065006915629323,True,True,False
2zft,220,220,7,0.031818181818181815,False,True,True
4d1s,280,280,8,0.02857142857142857,True,True,False
5uov,198,198,17,0.08585858585858586,True,True,True
2zir,716,716,5,0.006983240223463687,True,True,False
4zud,376,376,11,0.02925531914893617,True,False,False
6fnj,262,262,9,0.03435114503816794,True,True,True
5muc,158,158,8,0.05063291139240506,True,True,False
3a29,1273,1273,31,0.024351924587588374,True,True,False
1zyr,3409,3409,5,0.0014667057788207685,True,True,False
5hm0,125,125,7,0.056,True,True,False
3ecn,338,338,6,0.01775147928994083,True,False,False
4c6v,830,830,3,0.0036144578313253013,True,True,False
4au7,243,243,7,0.02880658436213992,True,True,False
5jf8,202,202,8,0.039603960396039604,True,True,False
3uz5,247,247,3,0.012145748987854251,True,False,True
5ant,155,155,8,0.05161290322580645,True,True,True
4zx1,257,257,5,0.019455252918287938,True,True,True
4g3e,314,314,8,0.025477707006369428,True,True,False
3kvx,327,327,7,0.021406727828746176,True,True,False
6f1n,209,209,10,0.04784688995215311,True,True,True
3m36,279,279,8,0.02867383512544803,False,True,True
5th4,257,257,2,0.007782101167315175,True,True,True
4bcj,561,561,7,0.012477718360071301,True,True,False
4cpu,198,198,12,0.06060606060606061,True,True,False
4zls,198,198,14,0.0707070707070707,True,True,True
1jld,198,198,17,0.08585858585858586,True,True,False
4qtn,683,683,23,0.03367496339677892,True,True,False
4m2w,257,257,1,0.0038910505836575876,True,True,True
5e91,297,297,7,0.02356902356902357,True,True,False
1oim,443,443,6,0.013544018058690745,True,True,False
3r4p,222,222,9,0.04054054054054054,True,True,True
4yoi,612,612,9,0.014705882352941176,True,True,False
6htt,397,397,6,0.015113350125944584,True,True,False
3zo4,355,355,4,0.011267605633802818,True,False,False
2opb,257,257,5,0.019455252918287938,True,True,False
5arg,426,426,9,0.02112676056338028,True,True,False
4pnr,200,200,6,0.03,True,True,False
4o0y,290,290,6,0.020689655172413793,True,True,True
1cx9,1302,1302,13,0.009984639016897081,True,True,False
3unj,294,294,9,0.030612244897959183,True,True,False
5q0h,229,229,9,0.039301310043668124,False,False,False
6n7b,278,278,6,0.02158273381294964,True,False,True
6dyo,213,213,5,0.023474178403755867,True,True,False
2ycr,564,564,9,0.015957446808510637,True,True,False
2f6y,297,297,9,0.030303030303030304,True,True,False
5etb,112,112,5,0.044642857142857144,True,False,True
4nus,301,301,7,0.023255813953488372,True,True,False
2hm1,372,372,13,0.03494623655913978,False,True,False
8cpa,307,307,10,0.03257328990228013,True,True,True
4bah,283,283,13,0.045936395759717315,False,True,True
4hxs,124,124,5,0.04032258064516129,True,True,False
5zz2,299,299,6,0.020066889632107024,True,False,False
4xg6,271,271,5,0.01845018450184502,True,True,False
4a4h,64,64,2,0.03125,True,True,False
2pzi,654,654,5,0.00764525993883792,True,True,False
5u14,537,537,14,0.0260707635009311,True,False,True
5n0f,332,332,6,0.018072289156626505,True,True,True
3kag,145,145,8,0.05517241379310345,True,False,False
5igk,127,127,8,0.06299212598425197,True,True,False
5ivs,198,198,14,0.0707070707070707,True,True,False
2zxa,2652,2652,15,0.005656108597285068,True,True,False
3e93,346,346,11,0.031791907514450865,True,True,True
4no9,1272,1272,9,0.007075471698113208,True,True,False
5f08,386,386,8,0.02072538860103627,True,True,True
1tl1,916,916,9,0.009825327510917031,True,True,False
4n99,721,721,3,0.004160887656033287,True,False,False
3r8v,294,294,6,0.02040816326530612,True,True,False
4n7e,653,653,4,0.006125574272588055,True,True,False
3n51,448,448,9,0.020089285714285716,True,True,False
3juo,313,313,11,0.03514376996805112,True,True,True
6m8b,238,238,10,0.04201680672268908,True,True,False
6hv4,652,652,7,0.010736196319018405,True,True,False
5op5,259,259,8,0.03088803088803089,True,False,True
5zah,226,226,5,0.022123893805309734,False,True,False
1hgi,1509,1509,24,0.015904572564612324,True,True,False
4k8o,508,508,9,0.017716535433070866,True,True,False
4f6x,281,281,10,0.03558718861209965,True,True,False
5n31,316,316,10,0.03164556962025317,True,True,True
6nu1,515,515,3,0.005825242718446602,True,True,True
3zmj,178,178,7,0.03932584269662921,True,True,False
2bal,337,337,5,0.01483679525222552,True,True,True
2v5a,447,447,6,0.013422818791946308,False,True,False
2on3,784,784,11,0.01403061224489796,True,True,False
1xka,318,318,9,0.02830188679245283,False,True,True
4myh,1196,1196,2,0.0016722408026755853,True,True,False
5ia4,269,269,11,0.040892193308550186,True,True,True
5flp,257,257,3,0.011673151750972763,True,False,False
3qqu,285,285,5,0.017543859649122806,True,True,False
4us3,441,441,5,0.011337868480725623,True,False,True
4g16,302,302,11,0.03642384105960265,True,False,False
2wi6,209,209,8,0.03827751196172249,False,True,False
2vtn,274,274,4,0.014598540145985401,True,False,False
3okc,378,378,8,0.021164021164021163,True,False,False
6as8,153,153,8,0.05228758169934641,True,True,True
5doh,516,516,13,0.025193798449612403,True,True,False
4riu,258,258,6,0.023255813953488372,True,True,True
5t9w,164,164,9,0.054878048780487805,True,True,True
1k2v,262,262,10,0.03816793893129771,True,True,False
3shc,242,242,5,0.02066115702479339,False,True,True
6iyw,266,266,4,0.015037593984962405,True,True,False
1fkf,214,214,8,0.037383177570093455,True,True,True
1zge,256,256,3,0.01171875,True,True,True
3x1k,472,472,37,0.07838983050847458,True,True,False
4rhy,700,700,57,0.08142857142857143,True,True,False
2cvd,396,396,17,0.04292929292929293,True,False,False
3tam,956,956,9,0.009414225941422594,True,False,False
5tw3,957,957,10,0.01044932079414838,True,True,False
1xh7,337,337,13,0.03857566765578635,True,True,False
4ivb,291,291,9,0.030927835051546393,True,False,True
6bic,162,162,6,0.037037037037037035,True,True,False
2vyt,214,214,4,0.018691588785046728,True,True,True
1zz3,367,367,3,0.008174386920980926,True,True,False
6qqt,418,418,15,0.03588516746411483,True,False,False
5z4h,186,186,8,0.043010752688172046,True,True,False
3jxw,274,274,6,0.021897810218978103,True,True,False
5lj2,127,127,8,0.06299212598425197,True,True,False
5ni0,230,230,9,0.0391304347826087,True,True,False
3cm2,102,102,8,0.0784313725490196,True,True,True
4zqt,889,889,7,0.007874015748031496,True,True,False
1a69,1414,1414,19,0.013437057991513438,True,False,True
4e9u,284,284,10,0.035211267605633804,True,True,True
2doo,432,432,11,0.02546296296296296,True,True,True
4cp7,198,198,13,0.06565656565656566,True,True,True
3otq,545,545,10,0.01834862385321101,True,True,False
4ncn,344,344,16,0.046511627906976744,True,False,True
5kax,158,158,9,0.056962025316455694,True,True,True
2ypi,494,494,17,0.03441295546558704,True,True,True
5y2f,297,297,3,0.010101010101010102,True,True,False
4nnn,648,648,9,0.013888888888888888,True,True,False
6chh,269,269,20,0.07434944237918216,True,True,False
2euf,526,526,8,0.015209125475285171,True,True,False
4u5v,426,426,6,0.014084507042253521,True,True,False
2y8l,478,478,12,0.02510460251046025,False,True,False
4l7l,353,353,9,0.025495750708215296,True,True,False
1o6h,620,620,9,0.014516129032258065,False,True,False
6faf,257,257,7,0.027237354085603113,True,True,True
2w87,139,139,4,0.02877697841726619,False,True,False
2lbv,157,157,9,0.05732484076433121,True,True,False
3jzi,891,891,17,0.019079685746352413,True,True,False
3su5,201,201,15,0.07462686567164178,True,True,True
5auz,274,274,7,0.025547445255474453,True,True,False
5etn,159,159,8,0.050314465408805034,True,False,False
6pg4,305,305,3,0.009836065573770493,True,False,True
1xpz,258,258,4,0.015503875968992248,True,True,True
3d9v,798,798,9,0.011278195488721804,True,True,False
2ceo,367,367,6,0.01634877384196185,True,True,False
5iq6,576,576,2,0.003472222222222222,True,True,False
4ogn,100,100,8,0.08,True,True,False
2rfh,307,307,8,0.026058631921824105,True,True,True
3ncq,339,339,43,0.12684365781710916,True,True,False
3if7,142,142,8,0.056338028169014086,True,True,False
2j62,1170,1170,25,0.021367521367521368,True,True,True
4nj9,417,417,7,0.016786570743405275,False,True,True
4j2t,994,994,12,0.012072434607645875,True,True,False
6ios,474,474,6,0.012658227848101266,True,True,True
6dgr,515,515,3,0.005825242718446602,True,True,True
2bdf,261,261,10,0.038314176245210725,True,True,False
3vrt,238,238,11,0.046218487394957986,True,True,False
4xty,264,264,14,0.05303030303030303,True,True,True
6nzg,837,837,7,0.008363201911589008,True,True,False
1n4k,292,292,9,0.030821917808219176,True,True,True
4avt,1020,1020,17,0.016666666666666666,True,True,False
4jz1,227,227,10,0.04405286343612335,False,True,True
1cbx,307,307,6,0.019543973941368076,True,True,True
5byy,338,338,3,0.008875739644970414,True,True,False
6c0r,968,968,10,0.010330578512396695,True,True,False
3nyx,287,287,10,0.03484320557491289,True,True,True
4tw8,235,235,9,0.03829787234042553,True,True,False
2p94,279,279,7,0.025089605734767026,False,False,False
3gp0,333,333,11,0.03303303303303303,True,True,False
5xmr,884,884,16,0.01809954751131222,True,False,False
5bms,290,290,4,0.013793103448275862,True,False,False
4bi0,254,254,4,0.015748031496062992,True,False,False
5xvf,289,289,4,0.01384083044982699,True,True,False
4de7,562,562,7,0.012455516014234875,True,True,False
3oeu,1214,1214,12,0.009884678747940691,False,True,False
6g02,387,387,10,0.025839793281653745,True,True,False
4raq,797,797,54,0.06775407779171895,True,True,False
5aom,195,195,6,0.03076923076923077,True,True,False
1eix,462,462,23,0.049783549783549784,True,True,False
3ioe,566,566,12,0.02120141342756184,True,True,True
6ftw,331,331,6,0.01812688821752266,True,True,True
1kfy,1069,1069,6,0.005612722170252572,True,True,False
3o9e,198,198,15,0.07575757575757576,True,True,True
2vtl,290,290,6,0.020689655172413793,True,False,False
6dzy,537,537,5,0.00931098696461825,True,False,False
1kmv,186,186,5,0.026881720430107527,False,True,False
2eep,1318,1318,8,0.006069802731411229,True,False,False
5mn1,220,220,5,0.022727272727272728,False,True,True
1q1g,1458,1458,25,0.017146776406035666,True,False,True
4jyt,227,227,8,0.03524229074889868,False,True,True
3ern,465,465,26,0.05591397849462366,True,True,False
4kfq,289,289,7,0.02422145328719723,True,True,True
5lli,330,330,8,0.024242424242424242,True,True,True
6dge,275,275,4,0.014545454545454545,True,True,False
5kre,224,224,6,0.026785714285714284,True,True,False
4pv5,352,352,5,0.014204545454545454,True,True,True
2oc0,370,370,13,0.03513513513513514,True,True,False
5dhr,525,525,15,0.02857142857142857,True,False,False
1okl,255,255,5,0.0196078431372549,True,True,True
1jj9,158,158,4,0.02531645569620253,True,True,False
4kql,1350,1350,13,0.00962962962962963,True,True,False
5uwl,160,160,10,0.0625,True,True,False
3ffp,256,256,3,0.01171875,True,False,True
2uue,554,554,9,0.016245487364620937,True,True,False
4i10,390,390,8,0.020512820512820513,True,True,False
3h9o,275,275,8,0.02909090909090909,True,True,False
6a1c,334,334,7,0.020958083832335328,True,True,False
3sl1,924,924,7,0.007575757575757576,True,True,False
2wzm,274,274,10,0.0364963503649635,True,True,True
1skj,102,102,7,0.06862745098039216,True,True,False
2evc,259,259,4,0.015444015444015444,True,True,False
6qz6,151,151,8,0.052980132450331126,True,False,False
5mja,271,271,10,0.03690036900369004,True,True,False
5upj,198,198,8,0.04040404040404041,True,True,True
3atp,302,302,7,0.023178807947019868,True,True,False
4zwx,257,257,7,0.027237354085603113,True,True,True
5opu,261,261,4,0.01532567049808429,True,False,False
4trc,418,418,6,0.014354066985645933,True,False,True
4ygf,449,449,4,0.008908685968819599,True,True,True
3pd8,520,520,13,0.025,True,True,True
6dnp,712,712,5,0.007022471910112359,True,True,False
3cbs,137,137,7,0.051094890510948905,True,True,False
5ktw,114,114,10,0.08771929824561403,True,True,False
4n70,274,274,9,0.032846715328467155,True,True,False
3ehx,158,158,7,0.04430379746835443,True,True,True
3t9t,263,263,7,0.026615969581749048,True,True,False
4km2,159,159,6,0.03773584905660377,True,True,True
5ene,123,123,5,0.04065040650406504,True,True,False
3vjk,1458,1458,17,0.011659807956104253,True,True,False
4xv9,522,522,8,0.01532567049808429,True,False,False
4erk,350,350,3,0.008571428571428572,True,True,False
5sz4,257,257,5,0.019455252918287938,True,True,True
4qac,1046,1046,32,0.030592734225621414,True,True,True
6o9x,503,503,3,0.005964214711729622,True,False,False
3uod,266,266,7,0.02631578947368421,True,True,True
1b2i,83,83,4,0.04819277108433735,True,True,False
4cg8,706,706,7,0.009915014164305949,True,True,True
5o1h,196,196,5,0.025510204081632654,True,True,True
5t4h,728,728,11,0.01510989010989011,True,True,False
1n8v,101,101,13,0.12871287128712872,True,True,False
3ipa,348,348,6,0.017241379310344827,True,True,False
1em6,1574,1574,12,0.007623888182973317,True,False,False
1qj7,246,246,10,0.04065040650406504,False,True,False
5oax,138,138,3,0.021739130434782608,True,True,False
6ic7,348,348,8,0.022988505747126436,True,True,False
6qed,365,365,9,0.024657534246575342,True,True,False
1xoe,387,387,8,0.020671834625323,True,True,False
6eq8,670,670,12,0.01791044776119403,True,True,True
5a5q,130,130,6,0.046153846153846156,True,True,True
1hk5,582,582,5,0.00859106529209622,True,True,False
4no8,638,638,11,0.017241379310344827,True,True,False
5bqg,444,444,3,0.006756756756756757,True,True,False
5vt4,648,648,13,0.020061728395061727,True,True,False
4o5b,278,278,3,0.01079136690647482,True,False,False
3jq8,985,985,22,0.02233502538071066,False,True,False
6gbx,328,328,3,0.009146341463414634,True,True,False
3jya,274,274,6,0.021897810218978103,True,True,True
4eev,283,283,11,0.038869257950530034,True,False,False
3kvw,403,403,8,0.019851116625310174,True,False,False
5zqu,789,789,37,0.046894803548795945,True,True,False
2ypo,1830,1830,14,0.007650273224043716,True,True,True
5dda,465,465,4,0.008602150537634409,True,True,False
6md0,255,255,6,0.023529411764705882,True,True,True
2q55,198,198,16,0.08080808080808081,True,True,True
1il9,267,267,4,0.0149812734082397,True,True,False
1bqn,988,988,5,0.005060728744939271,True,True,False
4oq5,150,150,9,0.06,True,True,False
1d3q,278,278,7,0.025179856115107913,True,True,False
1ctr,142,142,4,0.028169014084507043,False,True,False
6gjw,156,156,7,0.04487179487179487,True,True,True
5fnd,418,418,6,0.014354066985645933,False,True,True
3ia6,509,509,12,0.023575638506876228,True,True,False
5a6i,456,456,4,0.008771929824561403,True,True,False
4w9g,327,327,8,0.024464831804281346,True,True,False
1rne,648,648,12,0.018518518518518517,False,False,False
4ode,105,105,7,0.06666666666666667,True,True,False
3q3b,344,344,8,0.023255813953488372,True,True,False
1gpy,1656,1656,2,0.0012077294685990338,True,True,False
4a9m,226,226,19,0.084070796460177,True,True,False
4pzw,397,397,8,0.020151133501259445,True,True,False
4ykj,502,502,11,0.021912350597609563,True,True,True
5or9,116,116,7,0.0603448275862069,True,True,False
5dqf,580,580,5,0.008620689655172414,True,True,True
2ycm,426,426,11,0.025821596244131457,True,True,False
5ota,254,254,9,0.03543307086614173,True,True,True
1qf0,316,316,7,0.022151898734177215,True,True,True
6m7h,136,136,14,0.10294117647058823,True,True,False
2won,971,971,9,0.009268795056642637,False,True,False
1lrh,640,640,28,0.04375,True,True,True
3c72,630,630,7,0.011111111111111112,True,False,False
3d83,347,347,10,0.02881844380403458,True,True,True
1sh9,198,198,14,0.0707070707070707,True,True,True
2wer,428,428,16,0.037383177570093455,True,True,True
3zov,371,371,2,0.005390835579514825,True,True,False
5g22,385,385,11,0.02857142857142857,True,True,False
2wgs,926,926,10,0.01079913606911447,True,True,False
5sz9,334,334,6,0.017964071856287425,True,True,False
5fh7,115,115,6,0.05217391304347826,True,True,True
6qau,552,552,18,0.03260869565217391,True,True,True
2v13,330,330,10,0.030303030303030304,False,True,False
1ezf,323,323,11,0.034055727554179564,True,True,False
2ha0,1071,1071,11,0.01027077497665733,True,True,False
5g45,244,244,5,0.020491803278688523,True,True,True
5l9l,323,323,11,0.034055727554179564,True,True,True
6fba,638,638,10,0.01567398119122257,True,True,True
1nqc,217,217,6,0.027649769585253458,True,True,False
3thb,287,287,7,0.024390243902439025,True,True,False
2g9x,560,560,4,0.007142857142857143,True,False,False
4k3h,210,210,6,0.02857142857142857,False,True,True
5g1c,740,740,8,0.010810810810810811,True,True,False
6fex,289,289,8,0.02768166089965398,True,False,False
5knt,680,680,26,0.03823529411764706,True,True,False
5x4n,130,130,2,0.015384615384615385,True,True,False
5zh4,472,472,6,0.012711864406779662,True,True,False
4nzm,325,325,8,0.024615384615384615,True,True,False
2hwo,251,251,4,0.01593625498007968,True,True,False
4ci3,1461,1461,7,0.004791238877481177,True,True,False
1jqe,280,280,9,0.03214285714285714,True,True,False
3isj,287,287,4,0.013937282229965157,True,False,True
3ao1,283,283,7,0.024734982332155476,True,True,False
1y2f,139,139,3,0.02158273381294964,True,True,False
1gfw,238,238,7,0.029411764705882353,True,True,False
5vsc,541,541,11,0.02033271719038817,True,True,False
2wyi,1792,1792,9,0.005022321428571429,True,True,False
3oyq,257,257,5,0.019455252918287938,True,True,True
4hct,265,265,10,0.03773584905660377,True,True,False
4fxq,445,445,4,0.008988764044943821,True,True,True
4n4v,211,211,6,0.02843601895734597,True,True,False
5ow8,123,123,7,0.056910569105691054,True,True,False
2cma,297,297,13,0.04377104377104377,False,True,False
4wt2,105,105,10,0.09523809523809523,True,True,True
5b0x,329,329,7,0.02127659574468085,True,True,False
6eo0,274,274,25,0.09124087591240876,True,False,False
4bds,524,524,5,0.009541984732824428,True,True,False
2i0e,326,326,10,0.03067484662576687,True,False,False
5xpm,239,239,10,0.04184100418410042,True,True,False
5hbj,609,609,10,0.016420361247947456,True,True,False
4owm,693,693,11,0.015873015873015872,True,True,True
6gg8,242,242,8,0.03305785123966942,True,True,False
2jdo,314,314,7,0.022292993630573247,True,True,False
5f8y,298,298,33,0.11073825503355705,True,True,True
5tq6,274,274,5,0.01824817518248175,True,False,False
2e5y,266,266,19,0.07142857142857142,True,True,False
1d7i,107,107,1,0.009345794392523364,True,True,True
3vf3,375,375,10,0.02666666666666667,True,True,False
5fb7,612,612,87,0.14215686274509803,True,True,False
5itd,995,995,7,0.007035175879396985,True,True,False
2yiq,560,560,7,0.0125,True,False,False
5oss,886,886,6,0.006772009029345372,True,False,True
1qbq,713,713,9,0.012622720897615708,True,True,True
1tmm,158,158,9,0.056962025316455694,True,True,False
4pow,254,254,12,0.047244094488188976,True,True,True
4b12,385,385,14,0.03636363636363636,True,True,False
3otx,338,338,20,0.05917159763313609,True,True,False
6p3v,788,788,6,0.007614213197969543,True,True,True
1err,446,446,27,0.06053811659192825,True,True,False
5ap4,257,257,10,0.038910505836575876,True,True,False
3qox,326,326,8,0.024539877300613498,True,True,True
3chc,395,395,6,0.015189873417721518,True,True,False
5tvn,393,393,7,0.017811704834605598,True,False,False
2ihq,248,248,9,0.036290322580645164,True,True,True
5ie1,361,361,7,0.019390581717451522,True,True,True
5hl9,695,695,10,0.014388489208633094,True,True,False
2o63,274,274,8,0.029197080291970802,True,True,False
5ggn,153,153,6,0.0392156862745098,True,True,False
3e3b,334,334,9,0.02694610778443114,True,True,False
6q9w,86,86,4,0.046511627906976744,True,True,False
3ixg,358,358,5,0.013966480446927373,True,True,False
1wzy,350,350,8,0.022857142857142857,True,False,False
4rfz,263,263,9,0.034220532319391636,True,True,False
6enm,152,152,3,0.019736842105263157,True,True,False
2p8n,258,258,5,0.01937984496124031,True,False,False
4o3b,518,518,7,0.013513513513513514,True,True,False
4qq5,275,275,11,0.04,True,True,False
1o79,620,620,9,0.014516129032258065,False,True,False
3p3h,258,258,4,0.015503875968992248,True,True,False
6hti,399,399,6,0.015037593984962405,True,True,False
3sdg,368,368,4,0.010869565217391304,False,True,False
1yds,354,354,7,0.01977401129943503,True,True,True
5ybi,331,331,11,0.03323262839879154,True,True,False
2bmc,514,514,11,0.021400778210116732,True,True,False
2r3n,277,277,8,0.02888086642599278,False,True,False
4dlj,336,336,25,0.0744047619047619,True,True,False
5tho,667,667,48,0.07196401799100449,True,True,False
5myd,160,160,4,0.025,True,True,False
6d5g,801,801,7,0.008739076154806492,True,True,True
4qzs,120,120,9,0.075,True,True,False
4yc8,259,259,9,0.03474903474903475,True,True,False
6gcx,258,258,8,0.031007751937984496,True,True,False
6e5l,140,140,11,0.07857142857142857,True,True,True
4ui4,209,209,10,0.04784688995215311,True,True,False
3gc7,349,349,7,0.02005730659025788,True,True,False
4wmc,472,472,11,0.023305084745762712,True,True,False
3f34,4032,4032,2,0.000496031746031746,True,True,True
4eft,207,207,7,0.033816425120772944,True,False,False
4yog,612,612,9,0.014705882352941176,True,True,False
2izl,486,486,14,0.02880658436213992,True,True,True
3kjd,350,350,4,0.011428571428571429,True,False,True
5lyx,363,363,5,0.013774104683195593,True,True,False
5l2z,289,289,11,0.03806228373702422,False,True,False
5t23,804,804,5,0.006218905472636816,True,True,False
1b38,290,290,9,0.03103448275862069,True,True,True
6fii,2197,2197,7,0.0031861629494765588,True,True,False
5wb6,229,229,11,0.048034934497816595,False,False,False
3rz8,257,257,6,0.023346303501945526,True,True,True
3el9,198,198,15,0.07575757575757576,True,True,True
2wxn,822,822,8,0.009732360097323601,True,True,False
4w57,164,164,9,0.054878048780487805,True,True,False
3a2c,3311,3311,105,0.03171247357293869,True,True,False
4ly9,585,585,8,0.013675213675213675,True,True,True
4fod,308,308,8,0.025974025974025976,True,True,False
6g9s,538,538,10,0.01858736059479554,True,True,False
5l9o,241,241,11,0.04564315352697095,True,True,True
1uyi,209,209,9,0.0430622009569378,False,True,False
2qiq,602,602,8,0.013289036544850499,True,True,False
3bcn,208,208,9,0.04326923076923077,True,True,False
4bps,327,327,8,0.024464831804281346,False,True,True
3o9d,198,198,16,0.08080808080808081,True,True,True
3otf,788,788,6,0.007614213197969543,True,True,False
6n3n,242,242,10,0.04132231404958678,True,True,False
5vm0,127,127,8,0.06299212598425197,True,True,True
4c1g,219,219,4,0.0182648401826484,True,True,False
3ibi,257,257,3,0.011673151750972763,True,True,True
5wg5,617,617,6,0.009724473257698542,True,False,False
4ijl,122,122,7,0.05737704918032787,True,True,False
5ucj,218,218,7,0.03211009174311927,True,True,True
5bvf,327,327,8,0.024464831804281346,True,True,False
5tw5,369,369,13,0.03523035230352303,True,True,False
3piz,245,245,7,0.02857142857142857,True,True,False
1bv7,198,198,21,0.10606060606060606,True,True,True
4avi,158,158,7,0.04430379746835443,True,True,True
1fo2,456,456,4,0.008771929824561403,True,True,False
5xbt,542,542,18,0.033210332103321034,True,False,False
4aze,348,348,6,0.017241379310344827,True,True,False
4nh9,214,214,6,0.028037383177570093,True,True,False
4lh2,1078,1078,14,0.012987012987012988,True,True,False
6d9x,305,305,4,0.013114754098360656,True,False,True
1f3e,372,372,8,0.021505376344086023,True,True,True
5n24,258,258,8,0.031007751937984496,True,True,True
7std,492,492,31,0.06300813008130081,True,True,True
2ym6,253,253,5,0.019762845849802372,True,False,False
3cz1,232,232,16,0.06896551724137931,True,True,True
1h1d,214,214,4,0.018691588785046728,False,True,False
3gvb,358,358,8,0.0223463687150838,True,True,True
3zh8,318,318,8,0.025157232704402517,True,True,False
3vp2,1244,1244,2,0.001607717041800643,True,True,False
4j3l,209,209,7,0.03349282296650718,True,True,True
1wbv,352,352,7,0.019886363636363636,False,False,False
5etv,157,157,8,0.050955414012738856,True,False,False
6mhm,367,367,4,0.010899182561307902,True,True,False
4yml,462,462,5,0.010822510822510822,True,False,True
3p8o,182,182,12,0.06593406593406594,True,True,True
1o5b,226,226,4,0.017699115044247787,False,True,False
4x6k,485,485,10,0.020618556701030927,True,True,False
6g1u,532,532,8,0.015037593984962405,True,False,False
3u7n,184,184,7,0.03804347826086957,True,True,False
3pww,330,330,16,0.048484848484848485,True,True,True
4kax,306,306,14,0.0457516339869281,True,False,True
4dho,456,456,8,0.017543859649122806,True,True,False
4ekg,319,319,8,0.025078369905956112,True,True,False
2vtt,272,272,8,0.029411764705882353,False,False,False
3mfw,945,945,16,0.016931216931216932,False,False,True
4qls,1263,1263,10,0.00791765637371338,False,True,False
4x8o,214,214,20,0.09345794392523364,False,True,True
3dek,466,466,5,0.01072961373390558,False,True,False
2gmv,602,602,5,0.008305647840531562,False,False,False
5ejl,235,235,14,0.059574468085106386,False,True,False
6pvx,124,124,14,0.11290322580645161,False,True,False
2z4r,240,240,9,0.0375,False,True,False
5z7b,393,393,7,0.017811704834605598,False,True,True
3q32,291,291,7,0.024054982817869417,False,False,False
2fky,330,330,11,0.03333333333333333,False,True,False
5ko1,265,265,8,0.03018867924528302,False,True,True
2qzk,376,376,12,0.031914893617021274,False,True,False
6glb,288,288,6,0.020833333333333332,False,False,True
5vd3,293,293,3,0.010238907849829351,False,True,True
6bny,609,609,4,0.006568144499178982,False,False,False
3u81,218,218,14,0.06422018348623854,False,True,True
1w5w,198,198,23,0.11616161616161616,False,True,True
4a7c,273,273,6,0.02197802197802198,False,True,False
6i97,763,763,8,0.010484927916120577,False,True,False
4yl0,441,441,3,0.006802721088435374,False,False,False
2hb3,198,198,13,0.06565656565656566,False,True,True
5am2,537,537,17,0.03165735567970205,False,True,False
6d5h,801,801,6,0.00749063670411985,False,True,True
4or6,163,163,7,0.04294478527607362,False,False,True
4qmq,289,289,8,0.02768166089965398,False,True,False
5l8t,116,116,6,0.05172413793103448,False,True,False
4u0u,657,657,16,0.0243531202435312,False,True,False
5zaf,226,226,6,0.02654867256637168,False,True,True
1llb,358,358,13,0.036312849162011177,False,True,False
4n9d,939,939,20,0.021299254526091587,False,True,False
3vi2,636,636,17,0.026729559748427674,False,True,False
3qiy,391,391,4,0.010230179028132993,False,True,False
6aqo,419,419,26,0.06205250596658711,False,False,False
5h5o,238,238,19,0.07983193277310924,False,False,False
4g3g,312,312,7,0.022435897435897436,False,True,False
2v58,447,447,7,0.015659955257270694,False,True,True
4d1c,456,456,6,0.013157894736842105,False,True,False
1h23,528,528,11,0.020833333333333332,False,True,True
2a14,257,257,11,0.042801556420233464,False,True,True
4dwk,955,955,1,0.0010471204188481676,False,False,False
4bkj,295,295,11,0.03728813559322034,False,True,False
5etr,157,157,10,0.06369426751592357,False,False,False
3fsj,2100,2100,14,0.006666666666666667,False,True,False
1xm4,321,321,6,0.018691588785046728,False,True,False
5uk8,1008,1008,8,0.007936507936507936,False,False,True
5t28,822,822,9,0.010948905109489052,False,True,False
2xct,1338,1338,3,0.002242152466367713,False,False,False
6i5y,826,826,23,0.02784503631961259,False,True,False
2jaj,272,272,6,0.022058823529411766,False,True,False
5jnn,175,175,5,0.02857142857142857,False,True,False
5ei4,127,127,7,0.05511811023622047,False,True,False
6cn5,231,231,12,0.05194805194805195,False,True,True
1aht,242,242,8,0.03305785123966942,False,True,False
6eq3,154,154,4,0.025974025974025976,False,False,True
5ctc,1382,1382,15,0.01085383502170767,False,False,False
3at3,332,332,8,0.024096385542168676,False,True,False
4io4,487,487,12,0.024640657084188913,False,True,True
2avo,198,198,15,0.07575757575757576,False,True,True
5o22,555,555,15,0.02702702702702703,False,True,False
5ovf,472,472,6,0.012711864406779662,False,False,False
5e89,137,137,8,0.058394160583941604,False,True,True
6csr,357,357,4,0.011204481792717087,False,True,True
4mmf,504,504,5,0.00992063492063492,False,True,False
2c68,290,290,9,0.03103448275862069,False,True,False
1r5y,361,361,7,0.019390581717451522,False,True,True
2qp6,258,258,2,0.007751937984496124,False,True,False
1alw,346,346,6,0.017341040462427744,False,True,True
1cps,307,307,9,0.029315960912052116,False,True,True
3img,560,560,7,0.0125,False,False,False
3s73,257,257,4,0.01556420233463035,False,True,True
4lpg,682,682,4,0.005865102639296188,False,True,False
5ngb,816,816,7,0.00857843137254902,False,True,False
3g2h,806,806,9,0.011166253101736972,False,True,False
1lkx,650,650,11,0.016923076923076923,False,True,False
4r76,3077,3077,49,0.015924601884952875,False,True,True
5nk2,290,290,9,0.03103448275862069,False,True,True
5otz,327,327,10,0.03058103975535168,False,True,True
6die,437,437,9,0.020594965675057208,False,True,False
3wyx,258,258,8,0.031007751937984496,False,True,False
2v16,1959,1959,21,0.010719754977029096,False,True,False
4i71,650,650,8,0.012307692307692308,False,False,True
4nhx,457,457,3,0.006564551422319475,False,True,False
6g1v,532,532,5,0.009398496240601503,False,False,False
3lxl,281,281,6,0.021352313167259787,False,False,False
5orl,264,264,5,0.01893939393939394,False,True,False
1zaj,1452,1452,45,0.030991735537190084,False,True,False
5l87,62,62,8,0.12903225806451613,False,False,False
6e1z,307,307,5,0.016286644951140065,False,True,True
2vb8,808,808,10,0.012376237623762377,False,True,True
5l3e,799,799,8,0.010012515644555695,False,True,False
3qtf,207,207,10,0.04830917874396135,False,True,False
5o55,112,112,5,0.044642857142857144,False,True,False
1o2h,219,219,10,0.045662100456621,False,False,True
4u1b,304,304,9,0.029605263157894735,False,True,True
3gwu,509,509,8,0.015717092337917484,False,True,False
6eiq,341,341,5,0.01466275659824047,False,True,True
6f8t,652,652,10,0.015337423312883436,False,True,False
4qgi,198,198,16,0.08080808080808081,False,True,True
3r6c,346,346,11,0.031791907514450865,False,True,False
3uxl,714,714,13,0.018207282913165267,False,True,True
5zyl,235,235,11,0.04680851063829787,False,True,True
2tsr,562,562,11,0.019572953736654804,False,True,False
5ut6,272,272,9,0.03308823529411765,False,True,True
5x27,302,302,5,0.016556291390728478,False,True,False
6szp,275,275,5,0.01818181818181818,False,True,True
3nht,295,295,7,0.023728813559322035,False,True,True
2p99,261,261,7,0.02681992337164751,False,True,False
5k1v,900,900,6,0.006666666666666667,False,True,False
5d26,127,127,8,0.06299212598425197,False,False,True
3n2e,168,168,9,0.05357142857142857,False,True,False
3bm8,282,282,4,0.014184397163120567,False,True,False
2gdo,269,269,7,0.026022304832713755,False,False,False
2vmf,835,835,5,0.005988023952095809,False,True,True
2cli,1306,1306,10,0.007656967840735069,False,True,True
1ewj,238,238,28,0.11764705882352941,False,False,False
1npw,198,198,18,0.09090909090909091,False,True,False
6jid,583,583,14,0.024013722126929673,False,True,False
5tef,680,680,5,0.007352941176470588,False,False,True
3g2k,809,809,13,0.016069221260815822,False,True,False
2h5a,454,454,9,0.019823788546255508,False,True,False
3wmb,572,572,4,0.006993006993006993,False,True,False
2hiw,274,274,8,0.029197080291970802,False,True,False
6qfe,223,223,12,0.053811659192825115,False,False,False
4mw9,1064,1064,9,0.008458646616541353,False,True,False
2aei,558,558,7,0.012544802867383513,False,True,False
1jqd,286,286,9,0.03146853146853147,False,True,False
5qil,303,303,7,0.0231023102310231,False,False,False
5kde,644,644,3,0.004658385093167702,False,True,False
5f95,345,345,6,0.017391304347826087,False,True,False
2wxo,822,822,7,0.00851581508515815,False,True,False
5u3b,297,297,8,0.026936026936026935,False,True,False
2oxd,325,325,1,0.003076923076923077,False,True,True
5d7r,193,193,9,0.046632124352331605,False,False,False
3wfg,249,249,10,0.040160642570281124,False,True,False
3ewh,300,300,13,0.043333333333333335,False,False,False
4gmc,541,541,8,0.014787430683918669,False,True,False
6ebe,257,257,8,0.0311284046692607,False,True,True
6huq,645,645,12,0.018604651162790697,False,True,False
5zdc,253,253,16,0.06324110671936758,False,True,False
5fcz,499,499,9,0.018036072144288578,False,True,True
4myq,345,345,6,0.017391304347826087,False,True,False
5akk,541,541,5,0.009242144177449169,False,True,False
6nrh,240,240,5,0.020833333333333332,False,True,False
5exx,768,768,7,0.009114583333333334,False,False,False
3g5d,256,256,6,0.0234375,False,True,False
1nl4,713,713,7,0.009817671809256662,False,True,False
4qsu,130,130,4,0.03076923076923077,False,True,True
2vew,297,297,10,0.03367003367003367,False,True,False
4unq,186,186,6,0.03225806451612903,False,True,False
3tmk,432,432,34,0.0787037037037037,False,True,True
4aaw,1365,1365,4,0.0029304029304029304,False,True,False
6pz4,380,380,10,0.02631578947368421,False,True,False
1lag,238,238,4,0.01680672268907563,False,False,True
5kk8,298,298,10,0.03355704697986577,False,True,False
4eo6,557,557,8,0.01436265709156194,False,True,True
6evr,257,257,5,0.019455252918287938,False,True,True
4nld,500,500,10,0.02,False,True,False
2v54,407,407,18,0.044226044226044224,False,True,True
6c3e,258,258,8,0.031007751937984496,False,False,False
4rro,393,393,7,0.017811704834605598,False,True,False
6d1l,259,259,10,0.03861003861003861,False,True,False
2ha4,1072,1072,6,0.005597014925373134,False,True,False
2pu0,862,862,7,0.008120649651972157,False,True,False
6fu5,568,568,18,0.03169014084507042,False,True,False
4ipi,702,702,11,0.01566951566951567,False,True,True
4a4v,264,264,5,0.01893939393939394,False,True,True
5hu0,390,390,6,0.015384615384615385,False,True,False
4qsv,130,130,6,0.046153846153846156,False,True,True
3el1,198,198,11,0.05555555555555555,False,True,True
1sdv,198,198,17,0.08585858585858586,False,True,True
2rka,611,611,4,0.006546644844517185,False,True,True
5wi1,464,464,7,0.015086206896551725,False,True,False
5aqg,494,494,6,0.012145748987854251,False,True,False
1ypg,242,242,9,0.0371900826446281,False,True,True
5mkx,106,106,2,0.018867924528301886,False,True,False
5u4b,462,462,6,0.012987012987012988,False,True,True
2gg3,263,263,5,0.019011406844106463,False,False,False
3lok,248,248,5,0.020161290322580645,False,True,False
3t0t,2332,2332,14,0.006003430531732418,False,False,False
4o76,127,127,9,0.07086614173228346,False,True,False
4ivc,291,291,8,0.027491408934707903,False,False,True
3dnt,405,405,12,0.02962962962962963,False,True,False
2q5k,198,198,17,0.08585858585858586,False,True,True
3s9y,654,654,27,0.04128440366972477,False,True,False
3msc,1618,1618,13,0.008034610630407911,False,True,False
4bck,555,555,5,0.009009009009009009,False,True,True
5mxv,386,386,6,0.015544041450777202,False,True,False
6pvs,270,270,17,0.06296296296296296,False,True,False
3mv5,315,315,3,0.009523809523809525,False,False,False
6eij,341,341,11,0.03225806451612903,False,True,True
4tki,199,199,11,0.05527638190954774,False,True,False
3g15,660,660,11,0.016666666666666666,False,True,False
1x6u,1088,1088,8,0.007352941176470588,False,True,False
3qxp,294,294,8,0.027210884353741496,False,True,False
4d62,414,414,5,0.012077294685990338,False,True,False
1zxv,728,728,2,0.0027472527472527475,False,True,False
3u8h,124,124,13,0.10483870967741936,False,True,False
5klz,228,228,9,0.039473684210526314,False,True,False
6ffi,409,409,7,0.017114914425427872,False,True,False
3cj4,558,558,8,0.014336917562724014,False,True,True
2vqj,402,402,3,0.007462686567164179,False,True,False
1ybg,1672,1672,38,0.022727272727272728,False,True,False
5f3c,343,343,7,0.02040816326530612,False,True,False
4d0w,289,289,9,0.031141868512110725,False,False,False
5htz,388,388,7,0.01804123711340206,False,True,True
2c3k,262,262,9,0.03435114503816794,False,False,False
2imd,394,394,3,0.007614213197969543,False,True,False
4fea,366,366,3,0.00819672131147541,False,False,False
6g2e,121,121,4,0.03305785123966942,False,True,True
1g42,293,293,2,0.006825938566552901,False,False,False
6gnr,458,458,6,0.013100436681222707,False,True,True
3sur,504,504,6,0.011904761904761904,False,True,True
5ihc,305,305,5,0.01639344262295082,False,True,False
2hdq,358,358,14,0.03910614525139665,False,True,False
4c72,826,826,14,0.01694915254237288,False,True,False
4ht0,257,257,7,0.027237354085603113,False,True,True
5dhj,273,273,4,0.014652014652014652,False,False,False
1iew,602,602,5,0.008305647840531562,False,True,False
6g4z,322,322,11,0.034161490683229816,False,True,False
3pd9,518,518,11,0.021235521235521235,False,True,True
5q0e,229,229,12,0.05240174672489083,False,False,False
6hqy,397,397,3,0.007556675062972292,False,True,True
1j16,220,220,9,0.04090909090909091,False,True,True
6bw5,747,747,28,0.03748326639892905,False,True,False
3dba,684,684,19,0.027777777777777776,False,False,False
3b5j,243,243,11,0.04526748971193416,False,True,False
1amn,526,526,5,0.009505703422053232,False,True,False
6fs1,150,150,7,0.04666666666666667,True,False,True
3gy4,220,220,6,0.02727272727272727,False,True,True
3mvl,339,339,10,0.029498525073746312,True,True,False
5jnc,244,244,4,0.01639344262295082,False,True,False
4de3,260,260,20,0.07692307692307693,True,False,False
3q8h,464,464,30,0.06465517241379311,True,False,False
2vt3,393,393,11,0.027989821882951654,True,True,True
2bub,728,728,6,0.008241758241758242,True,True,False
3qfv,791,791,13,0.01643489254108723,True,True,False
5u8c,567,567,11,0.019400352733686066,True,True,True
6nzr,519,519,16,0.030828516377649325,True,True,False
4zba,443,443,26,0.05869074492099323,True,True,True
4w9x,300,300,9,0.03,True,False,False
2yfx,293,293,6,0.020477815699658702,False,True,True
3ppq,271,271,1,0.0036900369003690036,True,True,True
1ms6,217,217,9,0.041474654377880185,True,True,False
4u0n,373,373,7,0.01876675603217158,True,True,False
2r3h,291,291,5,0.01718213058419244,False,True,False
3aru,570,570,15,0.02631578947368421,True,True,False
5xzr,519,519,6,0.011560693641618497,True,True,False
1ett,246,246,8,0.032520325203252036,False,True,False
6ql3,257,257,5,0.019455252918287938,True,True,False
2wzz,360,360,9,0.025,True,True,False
5fgk,597,597,6,0.010050251256281407,True,False,False
4unp,183,183,7,0.03825136612021858,True,True,True
2y3p,2004,2004,13,0.006487025948103792,True,True,False
1wax,298,298,11,0.03691275167785235,False,True,False
4dds,260,260,10,0.038461538461538464,True,False,False
2uw0,354,354,4,0.011299435028248588,True,False,False
5olk,395,395,10,0.02531645569620253,True,True,False
4an9,281,281,8,0.028469750889679714,True,True,False
1qxl,349,349,9,0.025787965616045846,True,True,True
6u8l,304,304,11,0.03618421052631579,True,True,False
4u6w,304,304,6,0.019736842105263157,True,True,True
3ivx,563,563,23,0.04085257548845471,True,True,True
2e27,223,223,7,0.03139013452914798,True,True,True
3gm0,237,237,8,0.03375527426160337,True,True,True
5uz0,1178,1178,22,0.01867572156196944,True,True,False
5cj6,244,244,8,0.03278688524590164,True,True,True
5tgy,109,109,10,0.09174311926605505,True,True,False
4amx,1024,1024,3,0.0029296875,True,True,False
5h9q,268,268,6,0.022388059701492536,True,True,False
5dhq,523,523,13,0.0248565965583174,True,True,False
4qht,491,491,24,0.048879837067209775,True,True,False
6aam,269,269,7,0.026022304832713755,True,False,False
5oh3,105,105,6,0.05714285714285714,True,True,True
4uwk,544,544,8,0.014705882352941176,True,False,False
1bo5,996,996,3,0.0030120481927710845,True,True,False
6n5g,336,336,13,0.03869047619047619,True,True,False
5g43,252,252,2,0.007936507936507936,True,True,False
3e9i,968,968,23,0.023760330578512397,True,True,False
5y5t,263,263,6,0.022813688212927757,True,True,False
5ea7,435,435,1,0.0022988505747126436,True,True,False
4yti,284,284,7,0.02464788732394366,True,False,False
4zij,188,188,4,0.02127659574468085,True,True,False
4x63,934,934,6,0.006423982869379015,True,True,False
5zxi,496,496,22,0.04435483870967742,True,True,False
6p10,281,281,6,0.021352313167259787,True,True,False
4dt6,187,187,8,0.0427807486631016,True,False,False
6f9t,585,585,10,0.017094017094017096,True,True,False
4de1,262,262,11,0.04198473282442748,True,False,True
3bgz,267,267,11,0.04119850187265917,True,False,True
5mjn,257,257,3,0.011673151750972763,True,True,True
3inf,367,367,8,0.021798365122615803,True,True,False
4euc,1008,1008,28,0.027777777777777776,True,True,False
3t2p,4059,4059,22,0.005420054200542005,True,True,False
1swr,471,471,36,0.07643312101910828,True,True,True
4yp8,284,284,4,0.014084507042253521,False,True,False
6akw,434,434,9,0.020737327188940093,True,True,False
6oxt,198,198,18,0.09090909090909091,True,True,False
1ong,265,265,4,0.01509433962264151,True,True,False
1bap,305,305,6,0.019672131147540985,True,True,False
4jh0,1456,1456,10,0.006868131868131868,True,True,True
1ao0,1820,1820,24,0.013186813186813187,True,True,False
1v3x,278,278,5,0.017985611510791366,False,True,False
3ikg,113,113,9,0.07964601769911504,True,True,True
3hqw,303,303,7,0.0231023102310231,True,False,False
1np0,960,960,0,0.0,True,True,True
2oyk,434,434,6,0.013824884792626729,True,True,False
5eb2,301,301,3,0.009966777408637873,True,False,False
6ba7,709,709,6,0.00846262341325811,True,True,False
4d1d,456,456,7,0.015350877192982455,True,True,False
2xfi,373,373,13,0.03485254691689008,False,True,False
5a0b,209,209,5,0.023923444976076555,False,True,False
5boj,464,464,4,0.008620689655172414,True,True,True
5u7i,338,338,7,0.020710059171597635,True,True,False
2w97,364,364,6,0.016483516483516484,True,True,False
2xj7,1272,1272,24,0.018867924528301886,True,True,True
6db3,275,275,6,0.02181818181818182,True,False,False
1me3,204,204,8,0.0392156862745098,False,True,False
4pyx,257,257,5,0.019455252918287938,True,True,False
6mll,268,268,8,0.029850746268656716,True,False,True
5tg2,162,162,8,0.04938271604938271,True,True,False
3qx5,242,242,6,0.024793388429752067,False,False,True
6da4,281,281,6,0.021352313167259787,True,False,False
3bar,645,645,24,0.037209302325581395,True,True,False
3t03,265,265,8,0.03018867924528302,True,True,False
5waf,353,353,11,0.031161473087818695,True,False,False
2j27,498,498,14,0.028112449799196786,True,True,True
4oru,159,159,6,0.03773584905660377,True,True,False
4mwe,1053,1053,9,0.008547008547008548,True,True,False
3s9z,715,715,7,0.009790209790209791,True,True,False
1sqa,245,245,8,0.0326530612244898,True,True,True
4fxf,2009,2009,46,0.022896963663514187,True,True,False
4i7k,175,175,9,0.05142857142857143,True,True,True
5ak4,547,547,16,0.029250457038391225,False,False,False
3bgb,198,198,17,0.08585858585858586,True,True,True
5egu,121,121,5,0.04132231404958678,True,True,True
5typ,566,566,8,0.014134275618374558,True,True,False
2jdp,456,456,6,0.013157894736842105,True,True,True
4mme,504,504,4,0.007936507936507936,True,True,True
2o4l,198,198,9,0.045454545454545456,True,True,True
5kj0,127,127,9,0.07086614173228346,True,True,False
3k83,1091,1091,27,0.02474793767186068,True,True,False
4emf,246,246,9,0.036585365853658534,True,False,True
5t92,366,366,24,0.06557377049180328,True,True,False
6gon,458,458,2,0.004366812227074236,True,True,True
2z3z,1302,1302,9,0.0069124423963133645,True,False,False
3hv3,335,335,11,0.03283582089552239,True,True,False
1ibg,422,422,8,0.018957345971563982,False,True,False
4bfy,612,612,15,0.024509803921568627,True,True,False
3iaf,2212,2212,51,0.02305605786618445,True,True,False
2jko,256,256,6,0.0234375,True,True,False
4xaq,443,443,6,0.013544018058690745,True,True,True
6o5g,143,143,2,0.013986013986013986,True,False,True
3ddp,566,566,12,0.02120141342756184,True,True,False
3mww,541,541,2,0.0036968576709796672,True,True,False
5olb,785,785,4,0.005095541401273885,True,True,False
2zdx,681,681,18,0.02643171806167401,True,False,False
1t5f,942,942,22,0.02335456475583864,True,True,True
6o0m,141,141,10,0.07092198581560284,True,False,True
3oe8,1287,1287,13,0.010101010101010102,True,True,False
4l53,296,296,5,0.016891891891891893,True,True,False
3lp7,939,939,17,0.01810436634717785,True,True,True
2qtg,491,491,13,0.026476578411405296,True,True,True
5enb,123,123,6,0.04878048780487805,True,True,False
4d52,314,314,5,0.01592356687898089,True,True,False
1aj6,194,194,7,0.03608247422680412,True,True,False
1zz1,367,367,5,0.013623978201634877,True,True,False
4wpf,246,246,6,0.024390243902439025,True,True,False
4kxm,262,262,22,0.08396946564885496,True,True,False
6e2m,508,508,12,0.023622047244094488,True,True,False
1odj,1404,1404,48,0.03418803418803419,True,True,True
5a1f,450,450,2,0.0044444444444444444,True,True,False
1gvw,328,328,13,0.039634146341463415,True,False,True
3hky,564,564,6,0.010638297872340425,True,True,True
6g36,338,338,5,0.014792899408284023,True,True,True
3r04,271,271,11,0.04059040590405904,True,True,False
5fwj,435,435,4,0.009195402298850575,True,True,False
5ehg,256,256,4,0.015625,True,True,False
5c29,307,307,6,0.019543973941368076,True,True,False
2weg,258,258,2,0.007751937984496124,True,True,True
2xn3,372,372,5,0.013440860215053764,True,True,True
1m51,603,603,7,0.011608623548922056,True,False,False
5cyi,556,556,6,0.01079136690647482,True,False,False
6ul8,279,279,7,0.025089605734767026,True,True,False
6mm2,297,297,11,0.037037037037037035,True,True,True
2c3i,266,266,8,0.03007518796992481,True,True,True
1hgj,1509,1509,15,0.009940357852882704,True,True,False
5wlt,257,257,16,0.0622568093385214,True,True,False
1i9p,258,258,5,0.01937984496124031,True,True,True
2r8q,670,670,10,0.014925373134328358,True,False,False
4ael,320,320,5,0.015625,True,True,False
2c6i,292,292,8,0.0273972602739726,True,True,False
4o28,929,929,16,0.017222820236813777,True,True,False
5mnn,220,220,5,0.022727272727272728,False,True,True
2y6d,640,640,3,0.0046875,False,True,False
2uzj,249,249,9,0.03614457831325301,True,True,False
3sk2,264,264,6,0.022727272727272728,True,True,True
3k97,210,210,7,0.03333333333333333,True,True,True
3rx8,528,528,8,0.015151515151515152,True,True,False
3vw0,369,369,9,0.024390243902439025,True,True,False
6dl2,128,128,6,0.046875,True,True,True
3e9h,968,968,24,0.024793388429752067,True,True,False
5d45,135,135,8,0.05925925925925926,True,True,True
3qaq,837,837,8,0.009557945041816009,True,True,False
5l26,825,825,6,0.007272727272727273,True,True,False
2ot1,1399,1399,15,0.010721944245889922,True,True,True
3k4d,2384,2384,13,0.005453020134228188,True,True,True
2lzg,125,125,6,0.048,True,True,False
1txr,291,291,6,0.020618556701030927,True,True,True
5vsj,1298,1298,17,0.013097072419106317,True,True,True
6ooz,415,415,11,0.02650602409638554,True,True,False
5hmk,86,86,10,0.11627906976744186,True,True,False
2yog,197,197,8,0.04060913705583756,True,True,False
6bke,263,263,13,0.049429657794676805,True,True,False
1jcx,1018,1018,28,0.0275049115913556,True,True,True
1w51,375,375,13,0.034666666666666665,False,True,False
2o3p,274,274,8,0.029197080291970802,True,True,False
5jzn,268,268,3,0.011194029850746268,True,True,False
1h8s,220,220,10,0.045454545454545456,False,True,False
1awh,246,246,5,0.02032520325203252,False,True,False
4wpn,988,988,4,0.004048582995951417,True,True,False
4umt,316,316,7,0.022151898734177215,True,True,False
3nif,1353,1353,3,0.0022172949002217295,True,True,False
3whw,154,154,10,0.06493506493506493,True,True,False
5w0e,114,114,7,0.06140350877192982,True,True,False
3u8m,1000,1000,24,0.024,True,True,False
4k7n,322,322,14,0.043478260869565216,True,True,True
2bet,314,314,18,0.05732484076433121,True,True,True
4lko,1456,1456,13,0.008928571428571428,True,True,True
6rvk,256,256,9,0.03515625,True,False,False
6ayh,370,370,9,0.024324324324324326,True,True,False
3k37,1556,1556,17,0.010925449871465296,True,True,True
1mkd,1968,1968,15,0.007621951219512195,True,True,False
3e12,1028,1028,24,0.023346303501945526,False,True,True
6r1w,329,329,10,0.030395136778115502,True,True,True
2jdv,354,354,11,0.031073446327683617,True,False,False
4l7f,354,354,9,0.025423728813559324,True,True,False
1ahx,792,792,13,0.016414141414141416,True,True,False
5ngt,154,154,8,0.05194805194805195,True,True,False
3hhk,563,563,10,0.017761989342806393,True,True,False
2ewy,374,374,12,0.03208556149732621,True,True,False
6i0c,526,526,9,0.017110266159695818,True,False,False
3n5h,686,686,7,0.01020408163265306,True,False,False
4lm4,330,330,5,0.015151515151515152,True,True,True
2xhm,598,598,12,0.020066889632107024,True,True,True
5ekx,256,256,3,0.01171875,True,True,False
3rhx,275,275,8,0.02909090909090909,True,True,False
2pyi,1612,1612,9,0.005583126550868486,True,True,False
3kn0,776,776,11,0.014175257731958763,True,True,False
6ekd,325,325,6,0.018461538461538463,True,False,False
2i3z,1460,1460,11,0.007534246575342466,True,True,False
4yll,341,341,8,0.02346041055718475,False,False,False
5y94,126,126,3,0.023809523809523808,True,True,True
1xp6,490,490,10,0.02040816326530612,True,True,False
4zw3,889,889,7,0.007874015748031496,True,True,False
2igy,329,329,6,0.0182370820668693,True,True,False
188l,162,162,7,0.043209876543209874,True,True,True
4k3n,3090,3090,34,0.011003236245954692,True,True,True
4ovf,718,718,8,0.011142061281337047,True,False,True
2j7b,437,437,6,0.013729977116704805,True,True,True
5k7h,368,368,22,0.059782608695652176,True,True,False
4q0a,239,239,18,0.07531380753138076,True,True,False
5em5,298,298,7,0.02348993288590604,True,True,False
3bgp,272,272,6,0.022058823529411766,True,True,False
2ydj,252,252,8,0.031746031746031744,True,True,False
5khg,800,800,6,0.0075,True,True,False
1w1p,498,498,4,0.008032128514056224,False,True,False
2xag,799,799,5,0.006257822277847309,True,True,False
5yj8,60,60,4,0.06666666666666667,True,True,True
3a9i,694,694,5,0.007204610951008645,True,True,True
4crb,220,220,11,0.05,False,True,True
4l2g,208,208,6,0.028846153846153848,True,True,False
5fbi,220,220,4,0.01818181818181818,False,False,True
3wvm,133,133,9,0.06766917293233082,True,True,True
2qdt,532,532,1,0.0018796992481203006,True,True,True
5sz5,257,257,6,0.023346303501945526,True,True,True
2pmn,340,340,12,0.03529411764705882,True,True,False
6ck3,271,271,5,0.01845018450184502,True,True,False
5mxx,361,361,7,0.019390581717451522,True,True,False
6pvu,124,124,2,0.016129032258064516,True,True,False
6fz4,500,500,6,0.012,True,True,True
2y4k,380,380,8,0.021052631578947368,True,False,False
4gh6,652,652,12,0.018404907975460124,True,True,False
3sv6,202,202,10,0.04950495049504951,True,True,False
3f6g,236,236,16,0.06779661016949153,True,True,True
2eg8,677,677,8,0.011816838995568686,True,True,False
6nrg,240,240,7,0.029166666666666667,True,False,False
1mau,656,656,13,0.019817073170731708,True,True,False
3pdq,353,353,7,0.019830028328611898,True,True,False
6nvh,271,271,5,0.01845018450184502,True,True,False
3ocb,315,315,5,0.015873015873015872,True,False,False
2wor,192,192,3,0.015625,True,True,True
3sji,179,179,10,0.055865921787709494,True,True,False
4rsc,504,504,7,0.013888888888888888,True,True,False
2pt9,562,562,19,0.033807829181494664,True,True,False
2np9,2532,2532,41,0.016192733017377565,True,True,False
1cea,158,158,11,0.06962025316455696,False,True,False
6eip,341,341,10,0.02932551319648094,True,True,False
4db7,518,518,7,0.013513513513513514,True,True,True
6n9p,271,271,9,0.033210332103321034,True,True,False
2ao6,253,253,8,0.03162055335968379,True,True,False
5nu1,245,245,14,0.05714285714285714,True,True,False
1fe3,131,131,8,0.061068702290076333,True,True,False
3g8e,926,926,19,0.020518358531317494,True,True,False
5ags,192,192,10,0.052083333333333336,True,False,False
2oh0,356,356,7,0.019662921348314606,True,False,False
1pi4,358,358,7,0.019553072625698324,True,True,False
1nc1,466,466,14,0.030042918454935622,True,True,True
3neo,460,460,10,0.021739130434782608,True,True,True
4g0k,654,654,12,0.01834862385321101,True,True,False
3nyd,605,605,7,0.011570247933884297,False,False,True
3bi0,1388,1388,8,0.005763688760806916,True,True,False
1o4k,106,106,4,0.03773584905660377,True,True,False
1u59,282,282,7,0.024822695035460994,True,True,False
6nxz,224,224,2,0.008928571428571428,True,True,True
1o6r,620,620,11,0.017741935483870968,False,True,False
2x39,316,316,6,0.0189873417721519,True,False,False
3p4q,1069,1069,5,0.004677268475210477,True,True,False
4gjc,330,330,11,0.03333333333333333,False,True,False
5wa9,227,227,10,0.04405286343612335,True,True,True
6i18,484,484,7,0.014462809917355372,True,True,True
3kqw,525,525,4,0.007619047619047619,True,False,False
5n7v,260,260,5,0.019230769230769232,True,False,False
2wd1,289,289,4,0.01384083044982699,True,True,False
4a4g,64,64,4,0.0625,True,True,False
1msm,198,198,18,0.09090909090909091,True,True,True
2vnt,258,258,7,0.027131782945736434,False,True,True
5ufo,225,225,9,0.04,True,True,False
2ay9,782,782,10,0.01278772378516624,True,True,False
3ta1,328,328,29,0.08841463414634146,True,True,True
5fl5,251,251,6,0.02390438247011952,True,True,True
4xtm,932,932,5,0.00536480686695279,True,True,False
6g3y,316,316,9,0.028481012658227847,True,True,False
1m0n,1724,1724,10,0.00580046403712297,True,True,True
2qju,509,509,10,0.019646365422396856,True,True,False
6m88,237,237,10,0.04219409282700422,True,True,False
3ig7,278,278,9,0.03237410071942446,True,True,False
5ldp,175,175,6,0.03428571428571429,True,True,True
4bnu,976,976,13,0.01331967213114754,True,True,False
4y83,299,299,10,0.033444816053511704,True,True,False
1gbt,219,219,8,0.0365296803652968,False,True,False
1a4h,428,428,12,0.028037383177570093,True,True,False
6cve,453,453,13,0.02869757174392936,True,True,False
5j64,416,416,7,0.016826923076923076,True,True,True
2wtj,287,287,3,0.010452961672473868,True,True,False
4l0s,208,208,7,0.03365384615384615,True,True,False
3ti5,1528,1528,21,0.0137434554973822,False,True,False
6pml,188,188,5,0.026595744680851064,True,True,False
1m13,273,273,9,0.03296703296703297,True,True,False
2azc,198,198,18,0.09090909090909091,True,True,False
3esj,486,486,6,0.012345679012345678,True,True,False
5zyg,233,233,6,0.02575107296137339,True,True,True
3te5,554,554,11,0.019855595667870037,True,True,False
1di8,283,283,9,0.03180212014134275,True,True,False
2xbj,572,572,8,0.013986013986013986,True,True,False
6rih,598,598,18,0.030100334448160536,True,True,True
4asj,584,584,15,0.025684931506849314,True,True,True
1azm,258,258,2,0.007751937984496124,True,True,True
2vr0,2272,2272,7,0.0030809859154929575,True,True,False
3ns9,289,289,13,0.04498269896193772,True,True,False
4l0t,208,208,7,0.03365384615384615,True,True,False
3dne,336,336,5,0.01488095238095238,True,False,True
5wep,271,271,10,0.03690036900369004,True,False,False
1fpi,1268,1268,14,0.011041009463722398,True,True,False
5lhu,568,568,2,0.0035211267605633804,True,False,False
4cnh,286,286,3,0.01048951048951049,False,True,False
5ime,280,280,5,0.017857142857142856,True,True,True
6ny0,232,232,1,0.004310344827586207,False,True,True
3ao5,275,275,8,0.02909090909090909,True,True,True
2fqx,316,316,8,0.02531645569620253,True,True,True
5z1c,226,226,2,0.008849557522123894,False,True,False
4rn4,258,258,7,0.027131782945736434,True,True,True
8abp,305,305,7,0.022950819672131147,True,True,False
2p8h,373,373,18,0.04825737265415549,False,True,False
3h8c,214,214,10,0.04672897196261682,True,True,False
6r4s,382,382,8,0.020942408376963352,True,True,False
3qem,711,711,11,0.015471167369901548,True,True,False
1xo2,532,532,10,0.018796992481203006,True,True,False
3vtd,240,240,13,0.05416666666666667,True,True,False
4a6w,262,262,3,0.011450381679389313,True,True,False
2vtd,434,434,7,0.016129032258064516,False,True,False
3coy,559,559,20,0.03577817531305903,True,True,True
3gjw,350,350,5,0.014285714285714285,True,True,True
5o3q,298,298,15,0.050335570469798654,True,True,False
5t19,300,300,11,0.03666666666666667,True,True,True
2ow6,1016,1016,3,0.002952755905511811,True,True,False
2j78,443,443,7,0.01580135440180587,True,True,True
4ask,428,428,7,0.016355140186915886,True,True,False
6qff,219,219,11,0.0502283105022831,False,False,False
5jo0,820,820,21,0.025609756097560974,True,True,False
6agk,861,861,7,0.008130081300813009,True,True,False
4dv8,512,512,11,0.021484375,True,True,True
4ucs,634,634,6,0.00946372239747634,True,True,False
1bv9,198,198,21,0.10606060606060606,True,True,True
4zph,546,546,4,0.007326007326007326,True,True,False
3rxo,223,223,3,0.013452914798206279,True,True,False
1drv,1080,1080,11,0.010185185185185186,True,True,True
5ta2,163,163,7,0.04294478527607362,True,True,True
6npe,520,520,14,0.026923076923076925,True,True,False
5zyh,228,228,9,0.039473684210526314,True,True,False
6eda,257,257,8,0.0311284046692607,True,True,False
4y8x,229,229,11,0.048034934497816595,False,False,True
1dy4,433,433,10,0.023094688221709007,True,True,True
3bwj,338,338,16,0.047337278106508875,True,True,True
6sq0,229,229,9,0.039301310043668124,True,False,False
5lz4,371,371,11,0.029649595687331536,True,True,True
4aji,1318,1318,26,0.019726858877086494,False,True,True
1d6n,428,428,6,0.014018691588785047,True,True,False
2rcx,358,358,8,0.0223463687150838,True,True,False
3el0,198,198,14,0.0707070707070707,True,True,False
4l10,208,208,7,0.03365384615384615,True,True,False
6dif,198,198,10,0.050505050505050504,True,True,True
3qtw,294,294,6,0.02040816326530612,True,True,False
2vwx,274,274,7,0.025547445255474453,True,True,False
1sc8,228,228,8,0.03508771929824561,False,True,False
2qwb,1548,1548,14,0.00904392764857881,False,True,True
5mys,386,386,9,0.023316062176165803,True,True,False
4c0r,239,239,14,0.058577405857740586,True,True,False
5thj,257,257,3,0.011673151750972763,True,True,False
6iup,288,288,10,0.034722222222222224,True,True,False
4djp,198,198,14,0.0707070707070707,True,True,True
4c66,126,126,7,0.05555555555555555,True,True,False
3btl,372,372,5,0.013440860215053764,True,True,False
2n0w,89,89,3,0.033707865168539325,True,True,False
3tfv,284,284,12,0.04225352112676056,True,True,False
4zyz,200,200,7,0.035,True,False,False
4mhz,325,325,2,0.006153846153846154,True,True,True
6duf,968,968,12,0.012396694214876033,True,True,False
1nj1,926,926,11,0.011879049676025918,True,True,False
4acg,702,702,15,0.021367521367521368,False,True,False
6mnc,552,552,6,0.010869565217391304,True,True,True
3ljt,218,218,8,0.03669724770642202,True,True,False
4dko,339,339,7,0.02064896755162242,True,True,True
3e9b,924,924,21,0.022727272727272728,True,False,False
3ump,1234,1234,27,0.02188006482982172,True,True,False
3eqr,270,270,7,0.025925925925925925,True,True,True
4dpf,375,375,15,0.04,True,True,False
4nru,477,477,8,0.016771488469601678,True,True,False
6hmx,562,562,16,0.028469750889679714,True,False,False
6hgg,373,373,5,0.013404825737265416,True,True,True
4ijq,810,810,44,0.05432098765432099,True,True,False
6oim,167,167,8,0.04790419161676647,True,True,False
2b9a,446,446,8,0.017937219730941704,True,True,True
4mwq,1552,1552,10,0.006443298969072165,True,True,False
4bcn,550,550,7,0.012727272727272728,True,True,True
4hxm,124,124,7,0.056451612903225805,True,True,False
3moe,618,618,4,0.006472491909385114,True,True,False
4q7p,257,257,4,0.01556420233463035,True,True,True
4z07,518,518,33,0.0637065637065637,True,True,True
3ocp,255,255,12,0.047058823529411764,True,True,True
5iu2,312,312,10,0.03205128205128205,True,True,False
3b26,209,209,9,0.0430622009569378,True,True,True
5anq,344,344,8,0.023255813953488372,True,True,False
3f6h,244,244,8,0.03278688524590164,True,True,False
3mlb,374,374,13,0.034759358288770054,True,True,False
1udu,626,626,18,0.02875399361022364,True,False,False
5e2k,257,257,9,0.03501945525291829,True,True,True
5byi,257,257,7,0.027237354085603113,True,True,True
2ow9,167,167,9,0.05389221556886228,True,True,False
1pot,322,322,8,0.024844720496894408,True,True,True
3ai8,256,256,3,0.01171875,True,True,True
4l2k,208,208,8,0.038461538461538464,True,True,False
4y3y,330,330,4,0.012121212121212121,True,True,True
5ihh,462,462,3,0.006493506493506494,True,True,True
6b3e,549,549,5,0.009107468123861567,True,False,False
6pga,305,305,4,0.013114754098360656,True,False,True
5igm,225,225,14,0.06222222222222222,True,True,True
6f8v,651,651,13,0.019969278033794162,True,True,False
2ogy,524,524,21,0.04007633587786259,True,True,True
2pu1,862,862,8,0.009280742459396751,True,True,True
5tp0,221,221,7,0.03167420814479638,False,True,True
3b78,1029,1029,10,0.009718172983479106,True,False,False
6n79,277,277,9,0.032490974729241874,True,False,True
3ccz,1623,1623,40,0.024645717806531114,True,True,True
4epy,170,170,7,0.041176470588235294,True,False,True
5a0c,218,218,6,0.027522935779816515,True,True,False
3mj5,312,312,6,0.019230769230769232,True,True,False
5bnj,609,609,4,0.006568144499178982,True,True,False
1nc6,220,220,11,0.05,False,True,False
6qz5,151,151,9,0.059602649006622516,True,False,True
2idk,1130,1130,11,0.009734513274336283,True,False,False
1igb,582,582,5,0.00859106529209622,True,True,True
5c7a,106,106,3,0.02830188679245283,True,True,False
2viy,373,373,12,0.032171581769437,False,True,False
2zlg,1308,1308,6,0.0045871559633027525,True,True,False
3pz4,718,718,8,0.011142061281337047,True,True,False
3d0e,644,644,23,0.03571428571428571,True,True,True
6afe,374,374,9,0.02406417112299465,True,True,False
4lop,369,369,5,0.013550135501355014,True,True,False
1e02,149,149,7,0.04697986577181208,True,True,False
6p1l,568,568,12,0.02112676056338028,True,True,False
4fri,372,372,7,0.01881720430107527,True,True,False
1n46,487,487,26,0.053388090349075976,True,True,True
4yt6,286,286,8,0.027972027972027972,False,False,False
1qti,1054,1054,11,0.010436432637571158,True,True,False
4b35,220,220,3,0.013636363636363636,True,False,True
3kdm,438,438,8,0.0182648401826484,True,True,True
4gj2,288,288,8,0.027777777777777776,True,True,True
5idp,610,610,9,0.014754098360655738,True,False,False
3nzk,298,298,9,0.030201342281879196,True,True,True
5aph,252,252,9,0.03571428571428571,True,True,False
1bhx,243,243,8,0.03292181069958848,False,True,True
4e0w,254,254,7,0.027559055118110236,True,True,False
5ose,264,264,4,0.015151515151515152,True,True,True
4kww,1708,1708,19,0.011124121779859485,True,True,False
4yp1,360,360,11,0.030555555555555555,True,True,False
4h1e,386,386,5,0.012953367875647668,True,True,False
4yv2,551,551,7,0.012704174228675136,True,True,False
5iv4,460,460,8,0.017391304347826087,True,True,False
3ri1,285,285,7,0.02456140350877193,True,True,False
6ccs,954,954,10,0.010482180293501049,True,False,False
1rnt,104,104,7,0.0673076923076923,True,True,True
4od9,337,337,12,0.03560830860534125,True,True,False
5xv7,350,350,9,0.025714285714285714,True,False,False
5t4b,728,728,9,0.012362637362637362,True,True,False
2vrj,438,438,8,0.0182648401826484,True,True,True
3wcf,2004,2004,50,0.0249500998003992,True,True,False
3upk,418,418,18,0.0430622009569378,True,True,True
4bdd,562,562,2,0.0035587188612099642,True,True,False
4bbg,1008,1008,7,0.006944444444444444,True,True,False
6m8a,238,238,8,0.03361344537815126,True,True,False
2ovv,304,304,6,0.019736842105263157,True,True,True
6exm,465,465,10,0.021505376344086023,True,True,False
5l2i,260,260,8,0.03076923076923077,True,True,False
5f4r,670,670,23,0.034328358208955224,False,True,False
5upz,198,198,19,0.09595959595959595,True,True,True
1b6p,194,194,19,0.0979381443298969,True,True,False
5ei6,264,264,6,0.022727272727272728,True,True,False
4uvw,208,208,7,0.03365384615384615,True,True,False
3wnt,342,342,15,0.043859649122807015,True,True,False
1pus,129,129,6,0.046511627906976744,True,True,False
5t2t,189,189,8,0.042328042328042326,True,True,False
5y6d,230,230,7,0.030434782608695653,True,True,False
3ucj,888,888,18,0.02027027027027027,True,True,True
4usw,1371,1371,6,0.00437636761487965,True,True,False
5qby,219,219,5,0.0228310502283105,True,True,False
6ocq,262,262,8,0.030534351145038167,True,True,False
4y8y,229,229,9,0.039301310043668124,False,False,False
1ofz,624,624,51,0.08173076923076923,True,True,False
1lev,1244,1244,14,0.011254019292604502,True,False,False
4f8h,1555,1555,40,0.02572347266881029,True,True,False
4pv7,727,727,4,0.005502063273727648,True,True,False
1apb,305,305,6,0.019672131147540985,True,True,False
3ue4,270,270,5,0.018518518518518517,True,True,False
5jau,371,371,12,0.03234501347708895,True,True,False
2yfa,471,471,12,0.025477707006369428,True,True,True
6qft,276,276,4,0.014492753623188406,True,True,False
1sw2,270,270,3,0.011111111111111112,True,True,True
4gbz,475,475,8,0.016842105263157894,True,True,False
2oz6,402,402,11,0.02736318407960199,True,True,False
2qg0,414,414,19,0.04589371980676329,True,True,True
4qiz,258,258,7,0.027131782945736434,True,True,False
5e2m,256,256,7,0.02734375,True,True,False
6bkx,834,834,13,0.015587529976019185,True,True,False
5q1a,230,230,14,0.06086956521739131,True,True,False
1rq2,593,593,9,0.01517706576728499,True,True,False
1n7j,261,261,3,0.011494252873563218,True,True,False
5cbm,1030,1030,10,0.009708737864077669,True,True,True
2itt,302,302,7,0.023178807947019868,True,False,False
1t4j,282,282,7,0.024822695035460994,True,True,False
5aba,195,195,5,0.02564102564102564,True,True,True
5hmh,95,95,8,0.08421052631578947,True,True,False
3e8n,291,291,9,0.030927835051546393,True,True,False
3vx3,470,470,29,0.06170212765957447,True,True,True
2xh5,316,316,7,0.022151898734177215,True,False,False
3v9b,331,331,6,0.01812688821752266,True,True,False
4urk,837,837,8,0.009557945041816009,True,True,False
4ran,799,799,38,0.04755944931163955,True,True,False
4e3f,257,257,10,0.038910505836575876,True,True,False
5lvr,216,216,5,0.023148148148148147,True,True,True
6ht8,398,398,4,0.010050251256281407,True,True,False
2q2z,330,330,9,0.02727272727272727,True,True,False
3s0n,226,226,8,0.035398230088495575,True,True,False
5nev,550,550,6,0.01090909090909091,True,False,False
6oe0,258,258,8,0.031007751937984496,True,True,True
2jt6,161,161,6,0.037267080745341616,True,True,False
3w8o,184,184,12,0.06521739130434782,True,True,False
5o1b,197,197,3,0.015228426395939087,True,True,False
2ax9,238,238,5,0.02100840336134454,True,True,True
6mbp,521,521,19,0.036468330134357005,True,True,False
2o4h,602,602,9,0.014950166112956811,True,True,False
3fh8,607,607,11,0.018121911037891267,True,True,False
2qn1,1624,1624,4,0.0024630541871921183,True,True,False
4arw,1165,1165,33,0.02832618025751073,True,True,True
5ehw,258,258,3,0.011627906976744186,True,True,True
5wyz,1495,1495,23,0.015384615384615385,True,True,True
2fm5,1322,1322,17,0.012859304084720122,True,True,False
3ce3,293,293,11,0.03754266211604096,True,False,False
4ln7,202,202,3,0.01485148514851485,True,True,False
1jmi,632,632,5,0.007911392405063292,True,True,False
2hdr,352,352,24,0.06818181818181818,True,True,False
2hzn,273,273,8,0.029304029304029304,False,True,False
4gts,636,636,4,0.006289308176100629,True,True,False
3kgt,456,456,6,0.013157894736842105,True,True,True
4jbl,672,672,6,0.008928571428571428,True,True,False
3ful,605,605,8,0.013223140495867768,True,True,False
5em7,300,300,6,0.02,True,True,False
4qwk,648,648,10,0.015432098765432098,True,True,False
3w55,335,335,5,0.014925373134328358,True,True,False
2h02,278,278,12,0.04316546762589928,True,True,False
4hxr,125,125,6,0.048,True,True,False
2pwr,198,198,20,0.10101010101010101,True,True,True
3g3m,512,512,13,0.025390625,True,True,False
1vyq,423,423,16,0.037825059101654845,False,True,False
1rdj,223,223,5,0.02242152466367713,True,True,False
3vqs,553,553,12,0.0216998191681736,True,True,False
4ybm,170,170,11,0.06470588235294118,True,True,False
4wmv,514,514,4,0.007782101167315175,True,True,False
1jg0,524,524,18,0.03435114503816794,True,True,False
5f60,127,127,11,0.08661417322834646,True,True,True
6mx3,333,333,12,0.036036036036036036,True,True,False
4ipj,702,702,2,0.002849002849002849,True,True,True
5fnj,258,258,7,0.027131782945736434,True,True,False
4dy6,1032,1032,11,0.01065891472868217,True,True,True
5qaz,241,241,3,0.012448132780082987,True,False,False
3lco,293,293,6,0.020477815699658702,True,True,False
2xgo,548,548,11,0.020072992700729927,True,True,False
5buj,331,331,7,0.021148036253776436,True,False,False
3u7k,184,184,8,0.043478260869565216,True,True,False
3qx9,135,135,6,0.044444444444444446,True,True,True
1qaq,236,236,8,0.03389830508474576,True,True,False
5tcj,399,399,8,0.020050125313283207,True,True,True
4j0t,381,381,5,0.013123359580052493,True,True,False
5zxk,186,186,6,0.03225806451612903,True,True,False
3hp2,341,341,11,0.03225806451612903,True,True,False
1ado,1452,1452,15,0.010330578512396695,True,True,True
6h14,530,530,13,0.024528301886792454,True,True,False
5c3p,329,329,6,0.0182370820668693,True,True,True
5mos,220,220,4,0.01818181818181818,False,True,False
6a06,369,369,13,0.03523035230352303,True,False,False
3zlx,312,312,7,0.022435897435897436,False,True,False
4o61,212,212,4,0.018867924528301886,False,True,True
3eqb,578,578,6,0.010380622837370242,True,True,False
3sww,1454,1454,11,0.007565337001375516,True,True,True
2nww,1221,1221,17,0.013923013923013924,True,True,False
4kot,159,159,7,0.0440251572327044,True,True,False
6ced,99,99,5,0.050505050505050504,True,True,True
4ucu,636,636,4,0.006289308176100629,True,True,False
4ztr,249,249,10,0.040160642570281124,True,True,False
5oxg,293,293,8,0.027303754266211604,True,True,False
5ahj,843,843,12,0.014234875444839857,True,True,False
2cgf,424,424,7,0.01650943396226415,True,True,True
5sz7,257,257,5,0.019455252918287938,True,True,True
4ura,349,349,6,0.017191977077363897,True,False,False
4zy6,284,284,6,0.02112676056338028,True,False,False
2xdm,466,466,9,0.019313304721030045,False,True,False
4ycl,994,994,8,0.008048289738430584,True,False,False
6nvj,270,270,6,0.022222222222222223,True,True,False
5kbe,405,405,13,0.03209876543209877,True,True,True
6fse,535,535,3,0.005607476635514018,True,True,False
3l8v,293,293,10,0.034129692832764506,True,True,False
3b1m,260,260,6,0.023076923076923078,True,True,True
5v88,363,363,11,0.030303030303030304,True,True,False
3lxe,256,256,4,0.015625,True,True,True
5zbz,204,204,3,0.014705882352941176,True,True,False
6i13,484,484,9,0.01859504132231405,True,True,True
5tyj,566,566,6,0.01060070671378092,True,True,False
5c85,112,112,4,0.03571428571428571,True,True,False
2h6b,1896,1896,15,0.007911392405063292,True,True,True
3gx0,408,408,11,0.02696078431372549,True,True,True
4rac,805,805,52,0.06459627329192547,True,True,False
5d3l,127,127,9,0.07086614173228346,True,False,True
1dzk,148,148,3,0.02027027027027027,True,True,True
4wag,462,462,6,0.012987012987012988,True,True,False
3fci,223,223,8,0.03587443946188341,True,True,False
3ith,1942,1942,4,0.0020597322348094747,True,True,False
4u0m,387,387,13,0.03359173126614987,True,True,False
3mz6,357,357,5,0.014005602240896359,True,True,True
3ws9,324,324,5,0.015432098765432098,True,True,False
3ikd,113,113,8,0.07079646017699115,True,True,True
4gv1,329,329,7,0.02127659574468085,True,False,False
2reg,290,290,3,0.010344827586206896,True,True,True
5j7s,279,279,6,0.021505376344086023,True,True,False
3d7g,1382,1382,6,0.004341534008683068,True,True,False
4a95,384,384,7,0.018229166666666668,True,True,True
2xyr,402,402,10,0.024875621890547265,True,True,False
2uw6,354,354,5,0.014124293785310734,True,False,False
1avn,257,257,3,0.011673151750972763,True,False,True
3nga,331,331,11,0.03323262839879154,True,True,False
1l83,162,162,5,0.030864197530864196,True,True,True
5khk,800,800,6,0.0075,True,True,False
4zts,249,249,9,0.03614457831325301,True,False,False
3udv,154,154,13,0.08441558441558442,True,False,False
3fvk,256,256,8,0.03125,True,True,True
6gvi,910,910,10,0.01098901098901099,True,True,False
4huo,263,263,7,0.026615969581749048,True,False,False
4rx5,265,265,9,0.033962264150943396,True,True,False
5kdr,551,551,10,0.018148820326678767,True,True,False
4w7p,775,775,11,0.014193548387096775,True,False,False
3np9,1618,1618,13,0.008034610630407911,True,True,False
6ebw,277,277,4,0.01444043321299639,True,False,False
5hdu,387,387,6,0.015503875968992248,True,True,False
4bdf,570,570,7,0.012280701754385965,True,False,False
6h7d,487,487,6,0.012320328542094456,True,True,False
1kak,297,297,10,0.03367003367003367,True,True,False
3fkt,736,736,12,0.016304347826086956,True,True,False
1nnb,1548,1548,7,0.004521963824289405,True,True,False
3fu3,606,606,12,0.019801980198019802,True,True,False
4eoi,552,552,10,0.018115942028985508,True,True,False
3f3v,261,261,10,0.038314176245210725,True,True,False
6dk1,652,652,15,0.023006134969325152,True,True,False
4pm0,318,318,6,0.018867924528301886,True,True,False
1wtg,554,554,10,0.018050541516245487,False,True,False
5d1t,488,488,6,0.012295081967213115,True,True,False
3igp,259,259,6,0.023166023166023165,True,True,True
3dz2,305,305,3,0.009836065573770493,True,True,False
1c5s,220,220,5,0.022727272727272728,False,True,True
3eax,282,282,4,0.014184397163120567,True,True,True
6q74,854,854,9,0.01053864168618267,True,True,False
4kju,82,82,6,0.07317073170731707,True,True,False
5g4o,196,196,5,0.025510204081632654,True,True,True
5d7a,289,289,6,0.020761245674740483,True,False,False
4tjz,133,133,5,0.03759398496240601,True,True,True
6bqa,102,102,6,0.058823529411764705,True,False,False
3fur,256,256,9,0.03515625,True,True,True
3bxz,878,878,22,0.025056947608200455,True,True,False
3g9n,346,346,9,0.02601156069364162,True,True,False
4lh5,258,258,3,0.011627906976744186,True,True,False
2xbv,272,272,6,0.022058823529411766,False,True,True
3gcp,337,337,9,0.026706231454005934,True,False,True
2wbg,886,886,16,0.01805869074492099,True,True,True
4txe,288,288,9,0.03125,True,True,False
6dya,305,305,7,0.022950819672131147,True,True,False
4y38,330,330,5,0.015151515151515152,False,True,False
3tcp,256,256,8,0.03125,True,True,False
5dia,273,273,10,0.03663003663003663,True,False,False
6euv,277,277,7,0.02527075812274368,True,False,False
4o2a,2173,2173,20,0.009203865623561895,True,True,False
2f01,482,482,16,0.03319502074688797,True,True,False
4bfd,372,372,6,0.016129032258064516,True,True,False
5xqx,603,603,5,0.008291873963515755,True,False,False
2uzd,553,553,7,0.012658227848101266,True,True,False
5try,667,667,46,0.06896551724137931,True,True,False
3sc1,278,278,6,0.02158273381294964,True,True,False
1yvx,548,548,8,0.014598540145985401,True,True,False
4oc1,1388,1388,9,0.006484149855907781,True,True,True
5jga,296,296,8,0.02702702702702703,True,True,False
5toe,272,272,4,0.014705882352941176,True,False,False
2zwz,2646,2646,15,0.005668934240362812,True,True,True
2c6l,291,291,8,0.027491408934707903,True,True,False
5cbr,516,516,6,0.011627906976744186,True,True,True
5dtk,484,484,14,0.028925619834710745,True,True,False
1xs7,385,385,12,0.03116883116883117,False,True,False
6f7i,720,720,15,0.020833333333333332,True,True,False
3n4b,258,258,8,0.031007751937984496,True,True,True
5juz,672,672,5,0.00744047619047619,True,True,False
3qi1,382,382,10,0.02617801047120419,True,True,False
1uu7,281,281,9,0.03202846975088968,False,False,False
4yxu,258,258,6,0.023255813953488372,True,True,False
6dvn,357,357,4,0.011204481792717087,True,True,False
4kni,257,257,4,0.01556420233463035,True,True,True
4qwl,648,648,12,0.018518518518518517,True,True,False
5lvn,284,284,5,0.017605633802816902,False,True,False
2ajl,1454,1454,17,0.011691884456671253,True,True,False
4ht2,261,261,4,0.01532567049808429,True,True,True
4qz2,648,648,8,0.012345679012345678,True,True,False
5ee7,416,416,9,0.021634615384615384,True,True,False
4mro,585,585,7,0.011965811965811967,True,True,False
4o7b,127,127,9,0.07086614173228346,True,True,False
3tf6,176,176,4,0.022727272727272728,True,True,True
6got,257,257,7,0.027237354085603113,True,True,True
1fv0,121,121,5,0.04132231404958678,True,True,True
3fcl,222,222,7,0.03153153153153153,True,True,False
4zyc,84,84,12,0.14285714285714285,True,False,False
4gr3,159,159,7,0.0440251572327044,True,True,True
4ban,279,279,13,0.04659498207885305,False,True,True
1cin,256,256,4,0.015625,True,True,False
4q8y,257,257,5,0.019455252918287938,True,True,True
5orx,264,264,4,0.015151515151515152,True,True,False
6gmq,329,329,5,0.015197568389057751,True,True,False
4b1j,507,507,16,0.03155818540433925,True,True,True
3zy5,712,712,8,0.011235955056179775,True,False,False
6p3p,150,150,9,0.06,True,True,False
2wxj,822,822,10,0.012165450121654502,True,True,False
5h1v,169,169,5,0.029585798816568046,True,True,True
1t3t,1283,1283,9,0.007014809041309431,True,True,False
4zec,490,490,12,0.024489795918367346,True,True,True
5fcw,364,364,7,0.019230769230769232,True,True,False
4uxq,286,286,11,0.038461538461538464,True,True,False
3msj,373,373,3,0.00804289544235925,True,True,False
1y6b,266,266,9,0.03383458646616541,True,True,False
2c6k,292,292,6,0.02054794520547945,True,True,False
2xb7,286,286,4,0.013986013986013986,True,True,True
5gvm,884,884,18,0.020361990950226245,True,False,False
3kqp,525,525,14,0.02666666666666667,True,True,False
6euw,156,156,9,0.057692307692307696,True,False,True
6qat,259,259,7,0.02702702702702703,True,True,False
3oaw,841,841,8,0.009512485136741973,True,False,False
4u4s,519,519,1,0.0019267822736030828,True,True,False
6u5m,302,302,6,0.019867549668874173,True,True,False
6htp,645,645,11,0.017054263565891473,True,True,False
4g2w,286,286,9,0.03146853146853147,True,True,False
4b83,1069,1069,22,0.0205799812909261,True,True,False
2i4v,198,198,12,0.06060606060606061,True,True,True
2go4,266,266,10,0.03759398496240601,True,True,False
5hlw,284,284,8,0.028169014084507043,True,True,False
5am4,546,546,11,0.020146520146520148,True,True,False
6hgj,373,373,4,0.010723860589812333,True,True,True
2xb8,1692,1692,11,0.0065011820330969266,True,True,True
4p4f,694,694,11,0.01585014409221902,True,True,False
5ivj,296,296,7,0.02364864864864865,True,True,False
6mxc,435,435,23,0.052873563218390804,True,False,True
4ckj,584,584,4,0.00684931506849315,True,True,False
4qtl,257,257,4,0.01556420233463035,True,True,True
2jxr,326,326,12,0.03680981595092025,False,True,True
5e13,135,135,6,0.044444444444444446,True,True,True
4eh5,329,329,6,0.0182370820668693,True,True,False
6tim,498,498,9,0.018072289156626505,True,True,False
3r8i,540,540,8,0.014814814814814815,True,True,False
6ed6,378,378,7,0.018518518518518517,True,True,False
6rj3,599,599,15,0.025041736227045076,True,True,False
5lx6,191,191,6,0.031413612565445025,True,False,False
1uu3,277,277,9,0.032490974729241874,False,True,False
4en4,620,620,12,0.01935483870967742,True,True,True
6bbu,279,279,5,0.017921146953405017,True,False,False
3lpj,779,779,24,0.03080872913992298,True,True,False
2n0u,89,89,4,0.0449438202247191,True,True,False
1vso,486,486,7,0.01440329218106996,True,True,True
1rs4,968,968,3,0.0030991735537190084,True,True,False
3wig,278,278,12,0.04316546762589928,True,True,False
6fdc,653,653,7,0.010719754977029096,True,True,False
3qbh,372,372,13,0.03494623655913978,False,True,False
1w6j,727,727,9,0.012379642365887207,True,True,False
3hec,329,329,10,0.030395136778115502,True,True,False
4zyq,1028,1028,19,0.01848249027237354,True,True,False
5lz7,371,371,10,0.026954177897574125,True,True,True
1ykp,2622,2622,37,0.014111365369946605,True,True,False
1ec9,1773,1773,36,0.02030456852791878,True,True,True
5ka3,295,295,10,0.03389830508474576,True,True,False
4f3k,460,460,13,0.02826086956521739,True,False,True
3arp,574,574,9,0.0156794425087108,True,False,True
3w32,317,317,10,0.031545741324921134,True,True,False
5u0g,258,258,4,0.015503875968992248,True,True,True
4zyy,200,200,10,0.05,True,False,False
5ak6,541,541,10,0.018484288354898338,True,True,False
3heg,333,333,11,0.03303303303303303,True,True,False
2bes,314,314,22,0.07006369426751592,True,True,True
4ob0,430,430,6,0.013953488372093023,True,False,False
1z4n,219,219,11,0.0502283105022831,True,True,False
2xvd,270,270,7,0.025925925925925925,True,True,False
1k2i,236,236,6,0.025423728813559324,True,True,False
6kzc,281,281,11,0.03914590747330961,True,True,False
2qa8,463,463,12,0.02591792656587473,True,True,False
2y7p,430,430,10,0.023255813953488372,True,True,False
6qi7,298,298,10,0.03355704697986577,True,True,True
2gz7,612,612,3,0.004901960784313725,True,True,False
3juk,1056,1056,57,0.05397727272727273,True,True,True
5ljj,264,264,7,0.026515151515151516,True,False,False
3gw5,337,337,15,0.04451038575667656,True,True,False
2nqg,322,322,8,0.024844720496894408,True,False,False
6awp,544,544,5,0.009191176470588236,True,True,False
5teh,261,261,5,0.019157088122605363,True,True,False
3r9d,294,294,11,0.03741496598639456,True,True,False
4yzc,382,382,10,0.02617801047120419,True,True,False
3td4,243,243,13,0.053497942386831275,True,True,True
6dyw,464,464,10,0.021551724137931036,True,False,True
5lla,258,258,6,0.023255813953488372,True,True,False
4n6h,408,408,6,0.014705882352941176,True,False,False
5v5y,259,259,9,0.03474903474903475,True,True,False
4pis,204,204,11,0.05392156862745098,True,True,False
3hv4,339,339,14,0.04129793510324484,True,True,False
6qri,358,358,2,0.00558659217877095,True,True,False
3q7q,146,146,11,0.07534246575342465,True,False,True
3h59,557,557,8,0.01436265709156194,True,True,False
6mck,1018,1018,14,0.0137524557956778,True,True,False
1i91,258,258,2,0.007751937984496124,True,True,False
5xst,350,350,5,0.014285714285714285,True,False,False
1v2p,220,220,9,0.04090909090909091,False,True,False
4mot,193,193,10,0.05181347150259067,True,True,False
1fax,283,283,6,0.02120141342756184,False,True,False
5dtr,319,319,6,0.018808777429467086,True,True,False
2q1j,278,278,9,0.03237410071942446,False,True,False
1v2u,220,220,7,0.031818181818181815,False,True,True
1iiq,198,198,17,0.08585858585858586,True,True,True
3h22,522,522,9,0.017241379310344827,True,False,False
5edc,133,133,8,0.06015037593984962,True,True,True
6u7o,198,198,15,0.07575757575757576,True,False,False
2q72,511,511,14,0.0273972602739726,True,True,False
5wrs,866,866,14,0.016166281755196306,True,True,False
2xch,556,556,12,0.02158273381294964,True,True,False
1pfu,547,547,4,0.007312614259597806,True,True,True
5lwe,275,275,11,0.04,True,True,False
4mww,1552,1552,7,0.004510309278350515,True,True,False
1q41,682,682,14,0.020527859237536656,True,True,False
4r0i,227,227,7,0.030837004405286344,False,True,False
1kti,1610,1610,12,0.007453416149068323,True,True,False
6p3t,1188,1188,8,0.006734006734006734,True,True,True
5j1v,338,338,8,0.023668639053254437,True,True,False
4w9w,306,306,10,0.032679738562091505,True,True,False
4tz8,130,130,4,0.03076923076923077,True,True,False
4u43,589,589,4,0.006791171477079796,True,True,True
4gvm,296,296,4,0.013513513513513514,True,True,False
5nau,532,532,6,0.011278195488721804,True,True,True
3l7g,1259,1259,11,0.008737092930897538,True,True,False
6qlu,138,138,7,0.050724637681159424,True,True,True
6qr4,421,421,10,0.023752969121140142,True,False,True
5x26,302,302,4,0.013245033112582781,True,True,False
2fr8,879,879,3,0.0034129692832764505,True,True,False
5ea5,426,426,4,0.009389671361502348,True,True,False
4ozl,312,312,7,0.022435897435897436,True,True,False
4od0,1094,1094,5,0.004570383912248629,True,True,False
1vea,861,861,6,0.006968641114982578,True,False,False
4baq,279,279,15,0.053763440860215055,False,True,True
4fk7,204,204,4,0.0196078431372549,False,True,False
5u62,375,375,6,0.016,True,True,False
2xys,1025,1025,29,0.02829268292682927,True,True,True
2yol,212,212,6,0.02830188679245283,True,True,False
2ceq,489,489,5,0.010224948875255624,True,True,True
1lzo,492,492,6,0.012195121951219513,True,True,False
5mg2,137,137,7,0.051094890510948905,True,True,True
4oag,652,652,19,0.029141104294478526,True,True,True
1vfn,810,810,6,0.007407407407407408,True,False,True
3lpp,869,869,8,0.009205983889528193,True,True,True
3mag,582,582,3,0.005154639175257732,True,True,False
5e0j,174,174,14,0.08045977011494253,True,True,False
2oz2,860,860,15,0.01744186046511628,True,True,False
4kzb,358,358,14,0.03910614525139665,True,True,False
6g39,328,328,7,0.021341463414634148,True,True,True
5zhl,416,416,7,0.016826923076923076,True,True,True
1y8p,956,956,13,0.013598326359832637,True,True,False
1yi3,267,267,9,0.033707865168539325,True,True,False
5nzo,390,390,10,0.02564102564102564,True,True,False
5zaj,226,226,10,0.04424778761061947,False,True,True
6g46,847,847,1,0.0011806375442739079,True,True,False
1ql9,220,220,4,0.01818181818181818,False,True,True
5b5g,480,480,11,0.022916666666666665,True,True,True
3a6t,127,127,5,0.03937007874015748,True,True,True
4jxw,358,358,14,0.03910614525139665,True,True,False
5mo2,220,220,4,0.01818181818181818,False,True,False
2p3i,161,161,6,0.037267080745341616,True,True,True
4yk5,438,438,5,0.01141552511415525,True,True,False
6df7,135,135,8,0.05925925925925926,True,False,False
3vp1,1252,1252,6,0.004792332268370607,True,True,False
2x8e,259,259,5,0.019305019305019305,True,False,False
1utm,219,219,2,0.0091324200913242,False,True,True
4hkk,209,209,7,0.03349282296650718,True,True,False
4j5e,164,164,9,0.054878048780487805,True,True,False
5q0p,230,230,13,0.05652173913043478,True,True,False
1rr6,846,846,6,0.0070921985815602835,True,False,True
5hcy,302,302,9,0.029801324503311258,True,True,True
1xp9,490,490,10,0.02040816326530612,True,True,False
6eeb,142,142,1,0.007042253521126761,True,False,True
4kow,159,159,10,0.06289308176100629,True,True,True
4feq,224,224,7,0.03125,True,True,False
4mpc,726,726,9,0.012396694214876033,True,True,False
3d0b,208,208,11,0.052884615384615384,True,True,True
5neb,256,256,5,0.01953125,True,True,True
2i03,1452,1452,10,0.006887052341597796,True,True,False
3v4j,184,184,2,0.010869565217391304,True,True,False
5vo2,269,269,8,0.02973977695167286,True,True,False
2yjb,220,220,9,0.04090909090909091,True,True,False
5vd2,258,258,9,0.03488372093023256,True,True,True
4app,292,292,5,0.017123287671232876,False,False,True
5qav,241,241,5,0.02074688796680498,True,False,False
4r5n,393,393,7,0.017811704834605598,True,True,False
4dwg,722,722,8,0.0110803324099723,True,True,False
4n00,393,393,9,0.022900763358778626,True,True,False
3bet,258,258,5,0.01937984496124031,True,True,False
2x09,851,851,6,0.007050528789659225,False,True,True
5jid,464,464,2,0.004310344827586207,True,True,False
3g72,333,333,12,0.036036036036036036,True,True,False
6d4o,1178,1178,8,0.006791171477079796,True,True,False
2f4b,271,271,10,0.03690036900369004,True,True,False
2p33,332,332,5,0.015060240963855422,True,False,False
5zee,592,592,11,0.018581081081081082,True,True,False
1t31,219,219,11,0.0502283105022831,False,True,True
4jne,1200,1200,26,0.021666666666666667,True,True,True
4m5k,159,159,6,0.03773584905660377,True,False,False
4mgb,471,471,12,0.025477707006369428,True,True,False
3i60,335,335,10,0.029850746268656716,True,False,True
4uce,218,218,4,0.01834862385321101,True,True,False
3rin,349,349,15,0.04297994269340974,True,True,False
1vjc,416,416,6,0.014423076923076924,True,True,False
5qin,295,295,8,0.02711864406779661,True,False,False
1g05,166,166,4,0.024096385542168676,True,True,False
5b1s,588,588,9,0.015306122448979591,True,True,False
6mli,238,238,5,0.02100840336134454,True,False,True
2xb9,1896,1896,29,0.01529535864978903,True,True,False
3rx5,530,530,7,0.013207547169811321,True,True,False
1xow,243,243,11,0.04526748971193416,True,True,True
1pun,129,129,3,0.023255813953488372,True,True,False
4rlp,261,261,5,0.019157088122605363,True,False,False
6k04,108,108,10,0.09259259259259259,True,True,True
4b3u,1184,1184,26,0.02195945945945946,True,True,False
1gsz,619,619,9,0.014539579967689823,True,True,False
4qyg,264,264,7,0.026515151515151516,True,False,False
5o83,794,794,7,0.008816120906801008,False,True,False
4u6r,403,403,13,0.03225806451612903,True,True,False
6of5,847,847,4,0.004722550177095631,True,True,True
6dxg,354,354,7,0.01977401129943503,True,True,False
2zyb,270,270,8,0.02962962962962963,True,True,False
5qqo,229,229,9,0.039301310043668124,False,False,False
5f1x,380,380,13,0.034210526315789476,True,True,True
2pvj,326,326,7,0.02147239263803681,True,True,True
3zdh,1002,1002,18,0.017964071856287425,True,True,True
3jzb,260,260,11,0.04230769230769231,True,True,False
4r5v,889,889,6,0.006749156355455568,True,True,False
5ahw,252,252,16,0.06349206349206349,True,True,True
5h19,384,384,7,0.018229166666666668,True,True,False
3lxo,124,124,6,0.04838709677419355,True,True,False
3v4x,387,387,11,0.028423772609819122,True,True,False
4buq,158,158,8,0.05063291139240506,True,True,True
2z60,281,281,10,0.03558718861209965,True,False,False
6h96,201,201,19,0.0945273631840796,True,True,False
5ul5,511,511,11,0.021526418786692758,True,True,False
3vws,592,592,13,0.02195945945945946,True,True,False
3ryv,257,257,5,0.019455252918287938,True,True,True
6d8e,304,304,8,0.02631578947368421,True,True,False
5ajx,441,441,6,0.013605442176870748,True,True,False
5u8f,358,358,6,0.01675977653631285,True,True,False
5c26,272,272,4,0.014705882352941176,True,True,False
5k05,214,214,10,0.04672897196261682,True,False,False
1w1t,994,994,16,0.01609657947686117,False,False,False
1w84,352,352,8,0.022727272727272728,False,False,False
4d1j,539,539,8,0.014842300556586271,True,True,True
2w0s,203,203,5,0.024630541871921183,True,True,False
3faa,328,328,7,0.021341463414634148,True,False,False
5db1,466,466,4,0.008583690987124463,True,False,False
2we3,240,240,10,0.041666666666666664,True,True,True
4e20,282,282,9,0.031914893617021274,True,False,False
6ei5,209,209,14,0.06698564593301436,True,True,True
2gss,416,416,8,0.019230769230769232,True,True,True
4yab,178,178,4,0.02247191011235955,True,True,False
3qi4,650,650,4,0.006153846153846154,True,False,False
1m5c,516,516,7,0.013565891472868217,True,True,False
5ap5,252,252,9,0.03571428571428571,True,True,False
5vkc,288,288,23,0.0798611111111111,True,True,True
2vip,229,229,3,0.013100436681222707,False,True,False
6q9q,84,84,4,0.047619047619047616,True,False,False
4dq2,644,644,9,0.013975155279503106,True,True,True
3h0a,475,475,10,0.021052631578947368,True,True,False
3tb6,566,566,12,0.02120141342756184,True,True,True
4len,263,263,9,0.034220532319391636,True,True,False
3rdq,124,124,7,0.056451612903225805,True,True,True
4mrz,330,330,3,0.00909090909090909,True,True,True
6fmk,329,329,7,0.02127659574468085,True,True,False
1q4w,364,364,7,0.019230769230769232,True,True,False
2wcx,512,512,8,0.015625,True,True,False
5qak,241,241,5,0.02074688796680498,True,True,False
4j0r,127,127,8,0.06299212598425197,True,True,False
6qmd,289,289,8,0.02768166089965398,True,True,False
5hmi,96,96,8,0.08333333333333333,True,True,False
3ds6,343,343,12,0.03498542274052478,True,True,False
5hbe,610,610,6,0.009836065573770493,True,True,False
1hiy,900,900,12,0.013333333333333334,True,True,False
4a6l,972,972,28,0.02880658436213992,False,True,True
4k2g,710,710,7,0.009859154929577466,True,True,False
4eqc,296,296,6,0.02027027027027027,True,True,False
2oc4,858,858,5,0.005827505827505828,True,False,False
6hkz,694,694,9,0.012968299711815562,True,True,False
2am2,442,442,8,0.01809954751131222,True,True,False
5mev,571,571,6,0.010507880910683012,True,True,False
5v24,249,249,4,0.01606425702811245,True,True,False
5od5,288,288,7,0.024305555555555556,True,False,False
2vle,1976,1976,27,0.013663967611336033,True,True,False
2zcq,284,284,9,0.03169014084507042,True,True,True
6gge,197,197,6,0.030456852791878174,True,True,False
5t4f,728,728,10,0.013736263736263736,True,False,False
5qas,241,241,5,0.02074688796680498,True,True,False
5a5v,288,288,8,0.027777777777777776,True,True,False
5ldo,174,174,5,0.028735632183908046,True,True,False
3r9n,282,282,8,0.028368794326241134,True,True,False
6b4n,198,198,15,0.07575757575757576,True,True,True
6aff,374,374,9,0.02406417112299465,True,True,False
1xgi,358,358,8,0.0223463687150838,True,True,True
4k5y,407,407,6,0.014742014742014743,True,True,False
3fyz,243,243,9,0.037037037037037035,True,True,False
4zed,490,490,14,0.02857142857142857,True,True,False
2az9,198,198,5,0.025252525252525252,True,True,False
2f71,297,297,14,0.04713804713804714,True,True,False
1okz,277,277,9,0.032490974729241874,False,True,False
5aut,274,274,9,0.032846715328467155,True,True,True
4r4c,123,123,10,0.08130081300813008,True,True,True
6det,243,243,8,0.03292181069958848,True,True,True
5q0q,221,221,15,0.06787330316742081,True,True,False
6qfx,256,256,6,0.0234375,True,False,False
3v5t,460,460,9,0.01956521739130435,True,True,True
5ncq,984,984,7,0.007113821138211382,True,False,False
3tjm,275,275,7,0.025454545454545455,True,True,False
4gid,387,387,19,0.04909560723514212,True,True,True
3qcs,276,276,4,0.014492753623188406,True,False,False
5trk,551,551,11,0.019963702359346643,True,True,False
4flk,304,304,6,0.019736842105263157,True,True,False
1ke0,358,358,8,0.0223463687150838,True,True,False
5tco,327,327,13,0.039755351681957186,True,True,False
5nki,268,268,6,0.022388059701492536,True,True,True
5gvn,884,884,13,0.014705882352941176,True,False,False
4jfi,127,127,8,0.06299212598425197,True,True,False
5uqx,346,346,8,0.023121387283236993,True,True,False
5u2f,131,131,5,0.03816793893129771,True,True,False
3q3k,278,278,6,0.02158273381294964,False,False,False
1hsl,476,476,10,0.02100840336134454,True,False,True
2wd7,992,992,13,0.01310483870967742,True,False,False
6nwc,155,155,11,0.07096774193548387,True,True,False
4ge1,195,195,5,0.02564102564102564,True,False,True
4tsx,286,286,3,0.01048951048951049,True,True,False
1kv1,331,331,6,0.01812688821752266,True,True,True
5v8v,337,337,20,0.05934718100890208,True,True,False
4uwg,544,544,6,0.011029411764705883,True,False,False
1fkw,349,349,3,0.008595988538681949,True,True,True
6q89,852,852,9,0.01056338028169014,True,True,False
4res,995,995,10,0.010050251256281407,True,True,False
5mmg,115,115,7,0.06086956521739131,True,True,True
5m4c,329,329,7,0.02127659574468085,True,True,False
2ywp,269,269,2,0.007434944237918215,True,True,False
5er4,180,180,2,0.011111111111111112,True,True,True
1syh,518,518,6,0.011583011583011582,True,True,True
5q17,224,224,6,0.026785714285714284,True,True,False
4wy3,306,306,4,0.013071895424836602,True,False,False
3gyn,557,557,7,0.012567324955116697,True,True,False
6d55,801,801,3,0.003745318352059925,True,True,True
4cft,807,807,13,0.0161090458488228,True,True,False
1xh9,336,336,7,0.020833333333333332,True,True,True
3sqq,288,288,11,0.03819444444444445,True,True,False
3o9a,198,198,15,0.07575757575757576,True,True,True
4rrq,288,288,16,0.05555555555555555,True,True,False
5ctb,1390,1390,15,0.01079136690647482,True,False,False
1y3v,220,220,10,0.045454545454545456,False,True,True
4c3k,302,302,20,0.06622516556291391,True,True,False
4w97,392,392,11,0.02806122448979592,True,True,True
5tur,270,270,4,0.014814814814814815,True,True,False
2v22,1109,1109,15,0.013525698827772768,False,True,False
2r5q,198,198,16,0.08080808080808081,True,True,False
5ivt,198,198,12,0.06060606060606061,True,True,False
5l13,988,988,21,0.02125506072874494,True,True,False
4ew2,204,204,7,0.03431372549019608,True,True,True
4eon,556,556,8,0.014388489208633094,True,True,False
3qtx,294,294,6,0.02040816326530612,True,True,False
2y4a,466,466,6,0.012875536480686695,True,True,False
4knm,259,259,5,0.019305019305019305,True,True,True
6hth,386,386,6,0.015544041450777202,True,True,False
6ovc,164,164,7,0.042682926829268296,True,True,False
5iee,857,857,7,0.008168028004667444,True,True,False
6n5f,336,336,10,0.02976190476190476,True,True,False
3aig,402,402,8,0.01990049751243781,True,False,False
2ow1,159,159,4,0.025157232704402517,True,True,False
5khi,800,800,6,0.0075,True,True,False
5x13,354,354,5,0.014124293785310734,True,True,False
4l33,208,208,9,0.04326923076923077,True,True,False
3lir,159,159,6,0.03773584905660377,True,True,True
1k3t,1436,1436,5,0.003481894150417827,True,True,False
1fao,100,100,9,0.09,True,True,True
3ijg,342,342,4,0.011695906432748537,True,True,False
2fdp,370,370,15,0.04054054054054054,False,True,True
5nap,532,532,6,0.011278195488721804,True,True,True
5cs5,346,346,2,0.005780346820809248,True,True,False
2rkd,613,613,5,0.008156606851549755,True,True,True
5yql,296,296,11,0.037162162162162164,True,True,False
4m7y,532,532,29,0.05451127819548872,True,True,False
4e3k,358,358,9,0.025139664804469275,True,False,False
5nw0,329,329,8,0.0243161094224924,True,True,True
5vse,269,269,8,0.02973977695167286,True,True,False
6fr2,319,319,10,0.03134796238244514,True,True,False
3l5f,390,390,7,0.017948717948717947,True,True,False
6g7f,848,848,13,0.015330188679245283,True,True,False
5up3,258,258,8,0.031007751937984496,True,True,False
2r3f,291,291,6,0.020618556701030927,False,True,False
2ea4,369,369,11,0.02981029810298103,True,True,False
3nzu,822,822,4,0.004866180048661801,True,False,False
5kqx,198,198,15,0.07575757575757576,True,True,True
4b6p,1704,1704,9,0.00528169014084507,True,True,True
5qat,241,241,6,0.024896265560165973,True,True,False
2dri,271,271,7,0.025830258302583026,True,True,True
2fxs,213,213,11,0.051643192488262914,True,True,True
3wth,417,417,9,0.02158273381294964,True,True,False
6bfe,393,393,12,0.030534351145038167,True,True,False
4ok5,861,861,6,0.006968641114982578,True,True,False
6fe5,693,693,6,0.008658008658008658,True,True,False
4ui7,208,208,7,0.03365384615384615,True,True,False
5y3n,438,438,5,0.01141552511415525,True,True,False
6o0k,141,141,11,0.07801418439716312,True,False,True
5nka,271,271,9,0.033210332103321034,True,True,True
4eej,133,133,10,0.07518796992481203,True,True,False
2pks,276,276,8,0.028985507246376812,True,True,False
1yyy,220,220,10,0.045454545454545456,False,True,False
6h4x,340,340,4,0.011764705882352941,False,True,False
4c71,830,830,14,0.016867469879518072,True,True,False
4yhf,268,268,14,0.05223880597014925,True,True,False
3rz5,258,258,8,0.031007751937984496,True,True,True
1sw1,265,265,3,0.011320754716981131,True,True,False
3is9,970,970,6,0.006185567010309278,True,True,False
5w8h,662,662,15,0.022658610271903322,True,True,False
4ahv,299,299,13,0.043478260869565216,True,True,False
3up7,264,264,6,0.022727272727272728,True,True,False
6c67,627,627,22,0.03508771929824561,True,True,False
1pxl,290,290,5,0.017241379310344827,True,True,False
4psb,152,152,9,0.05921052631578947,True,True,True
5iu7,392,392,7,0.017857142857142856,True,True,False
1oz0,1180,1180,31,0.026271186440677965,True,True,True
5xyz,464,464,15,0.032327586206896554,True,False,False
2xk4,252,252,8,0.031746031746031744,True,True,False
6os6,362,362,7,0.019337016574585635,True,False,False
3o9p,509,509,16,0.03143418467583497,True,True,True
6q37,918,918,19,0.020697167755991286,True,False,False
6hwz,256,256,4,0.015625,True,True,False
4kin,338,338,11,0.03254437869822485,True,True,False
1w8m,165,165,4,0.024242424242424242,True,True,False
2it4,256,256,2,0.0078125,True,True,False
5ngr,154,154,3,0.01948051948051948,True,False,False
2mji,131,131,6,0.04580152671755725,True,True,False
3l17,841,841,6,0.007134363852556481,True,True,False
5csw,254,254,7,0.027559055118110236,True,True,False
6g4y,322,322,10,0.031055900621118012,True,True,False
1s38,364,364,6,0.016483516483516484,True,True,True
5hdv,384,384,4,0.010416666666666666,True,True,False
2boh,282,282,6,0.02127659574468085,False,True,True
3p3u,462,462,5,0.010822510822510822,False,True,False
4bi2,253,253,3,0.011857707509881422,True,True,False
5w2s,828,828,9,0.010869565217391304,True,False,True
1v2t,220,220,6,0.02727272727272727,False,True,True
1bkm,102,102,7,0.06862745098039216,True,True,False
1tnh,220,220,2,0.00909090909090909,False,True,True
5f9e,334,334,9,0.02694610778443114,True,True,False
2yek,221,221,20,0.09049773755656108,True,True,True
4whq,1312,1312,38,0.028963414634146343,True,True,False
6ej4,343,343,4,0.011661807580174927,True,False,False
5mrh,639,639,5,0.00782472613458529,True,True,False
1jr1,1744,1744,8,0.0045871559633027525,True,True,False
3kfc,465,465,16,0.034408602150537634,True,True,False
1nm6,241,241,8,0.03319502074688797,False,True,True
6qqv,418,418,13,0.03110047846889952,True,False,True
5ely,682,682,5,0.007331378299120235,True,True,False
3kjn,484,484,7,0.014462809917355372,True,False,False
4eo8,557,557,9,0.01615798922800718,True,True,True
4lzr,127,127,5,0.03937007874015748,True,True,True
3kr2,525,525,10,0.01904761904761905,True,False,False
5jic,538,538,8,0.01486988847583643,True,True,False
5hu1,388,388,5,0.01288659793814433,True,True,False
4y6r,820,820,17,0.020731707317073172,True,True,False
5ive,305,305,6,0.019672131147540985,True,True,True
4dgr,1544,1544,8,0.0051813471502590676,False,True,False
5y7h,726,726,6,0.008264462809917356,True,True,False
4wx7,204,204,9,0.04411764705882353,True,True,False
4el0,1618,1618,12,0.007416563658838072,True,True,False
6hvu,652,652,13,0.019938650306748466,True,True,False
3p2e,201,201,9,0.04477611940298507,True,True,True
3dtc,245,245,12,0.04897959183673469,True,True,False
3zzf,1161,1161,40,0.034453057708871665,True,True,False
3ow4,317,317,4,0.012618296529968454,True,False,False
5h6v,193,193,5,0.025906735751295335,True,True,False
6oac,847,847,7,0.008264462809917356,True,True,False
5dy5,600,600,11,0.018333333333333333,True,True,False
4btl,1069,1069,21,0.019644527595884004,True,True,False
2zo3,241,241,10,0.04149377593360996,False,True,False
2y0j,314,314,9,0.028662420382165606,True,False,False
5a4e,341,341,5,0.01466275659824047,True,True,False
3f6e,2100,2100,3,0.0014285714285714286,True,True,True
2qzl,375,375,18,0.048,True,True,False
5fh8,112,112,7,0.0625,True,True,True
3dei,466,466,4,0.008583690987124463,True,True,False
5j4n,873,873,11,0.012600229095074456,True,True,False
2v8w,360,360,14,0.03888888888888889,True,True,True
4y2x,546,546,9,0.016483516483516484,True,True,False
3o99,198,198,15,0.07575757575757576,True,True,True
2ycq,570,570,9,0.015789473684210527,True,False,False
2xkd,251,251,6,0.02390438247011952,True,True,False
3r4m,215,215,11,0.05116279069767442,True,True,True
3lkj,394,394,18,0.04568527918781726,True,True,False
6o8i,260,260,7,0.026923076923076925,True,False,False
2wmw,247,247,4,0.016194331983805668,True,False,False
4g2l,328,328,7,0.021341463414634148,True,True,False
6ipl,331,331,5,0.015105740181268883,True,True,False
5i23,779,779,11,0.014120667522464698,True,True,False
5wac,355,355,12,0.03380281690140845,True,False,False
2qwf,1548,1548,9,0.005813953488372093,False,True,True
1afl,124,124,6,0.04838709677419355,True,True,True
4muv,142,142,10,0.07042253521126761,True,False,True
2fzz,279,279,7,0.025089605734767026,False,True,False
4urw,621,621,7,0.011272141706924315,False,True,False
3mnu,257,257,6,0.023346303501945526,True,True,False
3pz3,632,632,9,0.014240506329113924,True,True,False
3msk,378,378,3,0.007936507936507936,False,True,False
2isv,605,605,15,0.024793388429752067,True,True,False
4qnu,323,323,9,0.02786377708978328,True,True,False
3k54,243,243,6,0.024691358024691357,True,True,False
4e3h,257,257,6,0.023346303501945526,True,True,False
2j4a,251,251,12,0.04780876494023904,False,True,False
6j10,846,846,17,0.02009456264775414,True,True,False
3ws8,324,324,6,0.018518518518518517,True,True,False
1h35,620,620,8,0.012903225806451613,False,True,False
4pax,350,350,4,0.011428571428571429,True,True,False
4b85,1069,1069,17,0.015902712815715623,False,True,False
6dcg,326,326,12,0.03680981595092025,True,False,False
5npd,780,780,8,0.010256410256410256,True,True,False
5d11,254,254,5,0.01968503937007874,True,False,False
6cha,456,456,7,0.015350877192982455,True,True,False
4itj,261,261,6,0.022988505747126436,True,True,False
1bnu,256,256,6,0.0234375,True,True,True
2w92,636,636,7,0.0110062893081761,False,True,False
5kv9,430,430,11,0.02558139534883721,True,True,False
2rf2,959,959,7,0.0072992700729927005,True,False,False
4p0x,660,660,10,0.015151515151515152,True,True,False
3eeb,205,205,10,0.04878048780487805,True,True,True
5etq,156,156,11,0.07051282051282051,True,False,False
2d41,558,558,12,0.021505376344086023,True,True,False
5faq,482,482,16,0.03319502074688797,True,True,False
1q72,425,425,5,0.011764705882352941,False,True,True
3ho9,822,822,10,0.012165450121654502,True,True,False
6ajx,130,130,6,0.046153846153846156,True,True,False
6hni,295,295,9,0.030508474576271188,True,True,True
6oco,930,930,6,0.0064516129032258064,True,True,False
5afv,708,708,11,0.015536723163841809,True,True,True
1xmy,321,321,2,0.006230529595015576,True,True,False
3cwk,137,137,9,0.06569343065693431,True,True,False
6n0p,268,268,11,0.041044776119402986,True,True,False
4mfe,2378,2378,15,0.006307821698906644,True,True,False
4p7e,566,566,13,0.022968197879858657,True,True,False
5ukl,630,630,8,0.012698412698412698,True,False,False
5mri,662,662,7,0.010574018126888218,True,True,False
3kad,145,145,7,0.04827586206896552,True,False,False
6ays,458,458,13,0.028384279475982533,True,False,True
4qmn,283,283,3,0.01060070671378092,True,True,False
4fic,251,251,3,0.01195219123505976,True,True,False
3ljg,159,159,9,0.05660377358490566,True,True,True
5fng,257,257,4,0.01556420233463035,True,False,True
4bbh,384,384,8,0.020833333333333332,True,True,False
4daf,504,504,12,0.023809523809523808,True,True,True
2hdu,358,358,12,0.0335195530726257,False,True,False
4eh2,337,337,4,0.011869436201780416,True,True,False
4fob,295,295,6,0.020338983050847456,True,True,False
1ke7,281,281,7,0.02491103202846975,True,True,False
5ja0,662,662,11,0.01661631419939577,False,True,True
4a16,1082,1082,19,0.01756007393715342,False,True,False
6o94,289,289,9,0.031141868512110725,True,True,True
5m0m,774,774,11,0.014211886304909561,True,True,False
4q9o,469,469,22,0.046908315565031986,True,True,True
1ro7,964,964,53,0.054979253112033194,True,True,False
6npf,2604,2604,23,0.008832565284178187,True,True,False
2y7w,414,414,10,0.024154589371980676,True,True,False
4dro,128,128,9,0.0703125,True,True,False
3ipu,503,503,15,0.02982107355864811,True,True,True
2qrl,371,371,3,0.008086253369272238,True,True,True
2w66,647,647,8,0.012364760432766615,True,True,True
1k1l,220,220,10,0.045454545454545456,False,True,True
3g6m,388,388,5,0.01288659793814433,True,True,False
4fut,475,475,13,0.02736842105263158,True,True,False
3eio,1454,1454,14,0.009628610729023384,True,True,False
4tte,130,130,6,0.046153846153846156,True,True,True
2a3a,394,394,8,0.02030456852791878,True,False,False
6hk3,349,349,8,0.022922636103151862,True,True,True
6bfn,301,301,10,0.03322259136212625,True,False,False
4dpy,330,330,8,0.024242424242424242,True,True,False
6h2z,256,256,6,0.0234375,True,True,True
3p5k,332,332,13,0.0391566265060241,True,True,False
3umx,261,261,8,0.03065134099616858,True,False,False
3t82,257,257,6,0.023346303501945526,True,True,True
6gl8,144,144,9,0.0625,True,True,True
4nah,958,958,57,0.059498956158663886,True,False,False
1bzs,165,165,4,0.024242424242424242,True,True,False
4ffs,464,464,4,0.008620689655172414,True,False,True
4r92,388,388,4,0.010309278350515464,True,True,False
3mhw,228,228,2,0.008771929824561403,False,True,True
2v5x,363,363,6,0.01652892561983471,True,False,False
4djh,895,895,22,0.024581005586592177,True,True,False
5xms,884,884,16,0.01809954751131222,True,False,False
4pf5,948,948,10,0.010548523206751054,True,True,True
3qs6,509,509,8,0.015717092337917484,True,False,False
5di1,285,285,10,0.03508771929824561,True,True,False
3rv9,420,420,8,0.01904761904761905,True,True,False
3max,367,367,7,0.01907356948228883,True,True,False
4oi6,158,158,3,0.0189873417721519,True,True,False
5fck,220,220,11,0.05,False,True,True
2qg2,207,207,7,0.033816425120772944,True,True,True
5mgj,103,103,3,0.02912621359223301,True,True,True
3qak,444,444,14,0.03153153153153153,True,True,False
6g3q,260,260,2,0.007692307692307693,False,True,True
5dex,548,548,10,0.01824817518248175,True,True,True
3dp1,899,899,7,0.00778642936596218,True,True,False
4rd3,414,414,17,0.04106280193236715,True,False,True
4oiv,428,428,13,0.030373831775700934,True,True,True
2b4m,264,264,5,0.01893939393939394,True,True,False
2cem,198,198,19,0.09595959595959595,True,True,False
1ba8,243,243,12,0.04938271604938271,False,True,False
5ai1,240,240,5,0.020833333333333332,True,True,False
2f0z,356,356,7,0.019662921348314606,True,True,False
1mwt,635,635,7,0.011023622047244094,True,True,False
2gni,358,358,9,0.025139664804469275,True,True,False
5ml2,144,144,13,0.09027777777777778,True,True,False
6qfg,220,220,9,0.04090909090909091,False,False,False
2oxn,333,333,5,0.015015015015015015,True,True,True
4mra,1612,1612,6,0.0037220843672456576,True,True,False
3g2z,262,262,7,0.026717557251908396,True,False,True
5a6h,259,259,11,0.04247104247104247,True,True,False
1hk3,559,559,19,0.03398926654740608,True,True,False
5j9x,416,416,9,0.021634615384615384,True,True,True
3vv8,358,358,6,0.01675977653631285,True,True,False
5wfd,1240,1240,7,0.00564516129032258,True,True,False
5ey9,610,610,11,0.018032786885245903,True,True,False
5bry,198,198,15,0.07575757575757576,True,True,True
6ghp,446,446,10,0.02242152466367713,True,True,False
2oic,276,276,6,0.021739130434782608,True,True,False
7abp,305,305,8,0.02622950819672131,True,True,False
4uyg,109,109,6,0.05504587155963303,True,True,False
3tu1,93,93,8,0.08602150537634409,True,False,False
4rcd,368,368,10,0.02717391304347826,True,True,False
4c2v,313,313,11,0.03514376996805112,True,False,True
4jpx,275,275,10,0.03636363636363636,True,True,True
5hct,330,330,9,0.02727272727272727,True,False,True
6o57,198,198,16,0.08080808080808081,True,True,False
2am4,342,342,11,0.03216374269005848,True,True,True
4tu4,130,130,7,0.05384615384615385,True,True,True
6byz,959,959,5,0.005213764337851929,True,True,False
4g5y,558,558,7,0.012544802867383513,True,True,False
4jit,591,591,21,0.03553299492385787,True,True,False
2vmd,756,756,3,0.003968253968253968,True,True,True
1w83,352,352,9,0.02556818181818182,False,True,False
6fsy,127,127,8,0.06299212598425197,True,True,True
4ock,345,345,13,0.03768115942028986,True,True,False
3lcd,290,290,6,0.020689655172413793,True,True,False
5uga,283,283,6,0.02120141342756184,True,True,False
5k0i,441,441,3,0.006802721088435374,True,True,False
1mxu,516,516,10,0.01937984496124031,True,True,False
5jt2,508,508,26,0.051181102362204724,True,False,False
3py0,294,294,9,0.030612244897959183,True,False,False
5hng,280,280,4,0.014285714285714285,True,False,False
2rd6,2100,2100,7,0.0033333333333333335,True,False,True
6hf5,231,231,4,0.017316017316017316,True,True,False
3mkf,265,265,6,0.022641509433962263,True,True,False
2zcr,281,281,12,0.042704626334519574,True,True,True
2vvo,312,312,16,0.05128205128205128,True,True,False
3oag,333,333,7,0.021021021021021023,True,True,False
1a50,1300,1300,10,0.007692307692307693,True,False,False
4gs6,294,294,8,0.027210884353741496,True,True,False
3nrz,2439,2439,9,0.0036900369003690036,True,False,False
1gz4,2148,2148,68,0.03165735567970205,True,True,False
4o78,127,127,7,0.05511811023622047,True,False,False
3rlq,221,221,8,0.03619909502262444,True,False,True
3il5,639,639,17,0.026604068857589983,True,True,False
1t1s,796,796,10,0.01256281407035176,True,True,False
6mo1,164,164,4,0.024390243902439025,True,True,False
4hf4,954,954,20,0.020964360587002098,True,True,True
2va7,750,750,7,0.009333333333333334,False,True,False
2bvs,245,245,5,0.02040816326530612,False,True,True
4oc5,1388,1388,14,0.010086455331412104,True,True,True
4de0,262,262,9,0.03435114503816794,True,False,True
4deu,464,464,9,0.01939655172413793,True,True,True
3ryj,257,257,5,0.019455252918287938,True,True,True
1fl3,422,422,9,0.02132701421800948,True,True,True
1lnm,160,160,5,0.03125,True,True,True
3gnw,560,560,10,0.017857142857142856,True,True,True
1sv3,121,121,4,0.03305785123966942,True,True,True
4e5w,570,570,8,0.014035087719298246,True,False,True
5ogk,589,589,7,0.011884550084889643,True,False,False
4n9e,940,940,21,0.022340425531914895,True,True,False
3ies,431,431,10,0.02320185614849188,True,True,True
1ow4,239,239,20,0.08368200836820083,True,True,False
4gzp,1552,1552,8,0.005154639175257732,True,True,True
6k3l,329,329,8,0.0243161094224924,True,True,True
4nhy,461,461,8,0.01735357917570499,True,True,False
4ytf,283,283,8,0.028268551236749116,True,False,False
4hz5,191,191,5,0.02617801047120419,True,False,False
4u2y,1298,1298,22,0.01694915254237288,True,True,False
3e5u,439,439,16,0.03644646924829157,True,True,True
5nn5,845,845,4,0.004733727810650888,False,True,True
6e4u,365,365,4,0.010958904109589041,True,False,False
2am9,250,250,11,0.044,True,True,False
4e7r,241,241,9,0.03734439834024896,False,True,True
1ycm,159,159,5,0.031446540880503145,True,True,False
4jn4,1200,1200,26,0.021666666666666667,True,True,False
3l7d,1616,1616,8,0.0049504950495049506,True,True,False
4otf,262,262,9,0.03435114503816794,True,True,False
4a23,1069,1069,7,0.006548175865294668,False,True,False
3ttj,333,333,8,0.024024024024024024,True,True,False
3h8b,215,215,17,0.07906976744186046,True,True,True
4ty1,273,273,6,0.02197802197802198,True,False,False
4ohp,585,585,8,0.013675213675213675,True,True,False
6mja,807,807,25,0.030978934324659233,True,True,True
4b82,1068,1068,15,0.014044943820224719,True,True,False
1xur,335,335,18,0.05373134328358209,True,True,False
4x8v,286,286,8,0.027972027972027972,False,True,True
6bh5,292,292,5,0.017123287671232876,True,False,False
4zx5,889,889,5,0.00562429696287964,True,True,False
4frj,373,373,7,0.01876675603217158,True,True,False
5tbm,216,216,6,0.027777777777777776,True,True,True
3mmr,924,924,6,0.006493506493506494,True,False,False
3rxm,223,223,2,0.008968609865470852,True,True,False
5ymx,202,202,10,0.04950495049504951,True,False,True
4p5d,284,284,27,0.09507042253521127,True,True,True
4i6h,285,285,5,0.017543859649122806,True,True,False
2xcg,993,993,13,0.013091641490433032,True,True,False
4nxu,327,327,9,0.027522935779816515,True,True,True
3doy,901,901,11,0.01220865704772475,True,True,False
4qw6,648,648,11,0.016975308641975308,True,True,False
5y80,430,430,11,0.02558139534883721,True,True,False
5yr6,304,304,6,0.019736842105263157,False,True,False
5tmp,210,210,13,0.06190476190476191,True,True,True
2y6c,644,644,6,0.009316770186335404,True,False,False
3evd,261,261,8,0.03065134099616858,True,False,True
6n97,520,520,18,0.03461538461538462,True,True,False
5tol,374,374,7,0.01871657754010695,True,True,False
5wuk,394,394,6,0.015228426395939087,True,True,True
6sge,304,304,20,0.06578947368421052,True,False,True
4yfi,530,530,9,0.016981132075471698,True,False,False
4knx,1350,1350,11,0.008148148148148147,True,True,False
6hv7,652,652,10,0.015337423312883436,True,True,False
3a73,576,576,7,0.012152777777777778,True,True,False
2qry,304,304,9,0.029605263157894735,True,True,False
5kbr,259,259,5,0.019305019305019305,True,False,False
1k6p,198,198,14,0.0707070707070707,True,True,True
3gc4,708,708,10,0.014124293785310734,True,False,True
2ou7,292,292,5,0.017123287671232876,True,True,False
6gjn,165,165,12,0.07272727272727272,True,True,True
3g0f,1168,1168,14,0.011986301369863013,True,False,False
1tsi,498,498,10,0.020080321285140562,True,True,False
5gn6,513,513,6,0.011695906432748537,True,True,False
4mx5,263,263,9,0.034220532319391636,True,False,False
3q96,515,515,24,0.04660194174757282,True,True,False
5fdp,285,285,7,0.02456140350877193,True,True,False
2vti,280,280,10,0.03571428571428571,True,False,False
4q19,458,458,20,0.043668122270742356,True,True,True
5aqr,493,493,3,0.006085192697768763,True,True,False
2vvc,278,278,8,0.02877697841726619,False,True,True
1fq4,326,326,13,0.03987730061349693,False,False,False
6rna,561,561,20,0.035650623885918005,True,True,False
2f7i,452,452,7,0.015486725663716814,True,True,True
4loi,361,361,11,0.030470914127423823,True,False,True
3g70,334,334,8,0.023952095808383235,True,True,False
4p58,205,205,5,0.024390243902439025,True,False,True
4uv8,799,799,17,0.02127659574468085,True,True,False
4x7q,243,243,6,0.024691358024691357,True,True,False
3qaa,198,198,12,0.06060606060606061,True,True,True
2zz2,430,430,22,0.05116279069767442,True,True,True
3s68,213,213,5,0.023474178403755867,True,True,False
6g4m,532,532,13,0.02443609022556391,True,True,False
3spk,198,198,13,0.06565656565656566,True,True,False
3iu7,284,284,6,0.02112676056338028,True,True,False
4cpz,780,780,17,0.021794871794871794,True,True,True
6cvx,200,200,13,0.065,False,True,False
6ibs,225,225,3,0.013333333333333334,True,False,False
2uw5,353,353,5,0.014164305949008499,True,False,False
3kcf,328,328,5,0.01524390243902439,True,True,False
4fli,304,304,6,0.019736842105263157,True,True,False
2aqu,198,198,14,0.0707070707070707,True,True,True
3n7o,216,216,10,0.046296296296296294,False,True,True
6c7g,341,341,8,0.02346041055718475,True,True,False
1tx7,219,219,4,0.0182648401826484,False,True,True
4bbe,288,288,7,0.024305555555555556,True,True,False
6fnt,322,322,7,0.021739130434782608,True,False,False
1z4o,219,219,12,0.0547945205479452,True,True,True
5x4p,130,130,1,0.007692307692307693,True,True,False
4q7s,257,257,4,0.01556420233463035,True,True,True
4a7i,277,277,6,0.021660649819494584,False,True,True
3iub,564,564,15,0.026595744680851064,True,False,True
4c6z,828,828,10,0.012077294685990338,True,True,False
4lgh,243,243,7,0.02880658436213992,True,True,False
4qz5,648,648,6,0.009259259259259259,True,True,False
3vhd,213,213,7,0.03286384976525822,True,True,True
6hor,328,328,9,0.027439024390243903,True,True,False
4g19,501,501,18,0.03592814371257485,True,True,False
3gnv,563,563,9,0.015985790408525755,True,True,False
3qs4,504,504,14,0.027777777777777776,True,False,False
6dyn,213,213,5,0.023474178403755867,True,False,True
2w12,201,201,8,0.03980099502487562,True,True,False
5byz,348,348,6,0.017241379310344827,True,True,False
3f48,1018,1018,6,0.005893909626719057,True,True,True
1n9a,713,713,5,0.0070126227208976155,True,True,False
1me7,1460,1460,12,0.00821917808219178,True,True,False
3ipe,460,460,7,0.015217391304347827,True,True,False
4ngq,1388,1388,13,0.009365994236311239,True,True,False
2rke,612,612,6,0.00980392156862745,True,True,True
4c4j,261,261,7,0.02681992337164751,True,True,False
2esm,798,798,15,0.018796992481203006,True,True,False
3r2y,259,259,8,0.03088803088803089,True,False,False
5ukm,621,621,10,0.01610305958132045,True,False,False
1pa9,279,279,11,0.03942652329749104,True,True,True
6e7m,266,266,7,0.02631578947368421,True,True,False
2uwd,418,418,8,0.019138755980861243,False,True,True
4z1j,258,258,5,0.01937984496124031,True,True,True
5j2x,209,209,3,0.014354066985645933,True,True,True
3rm4,373,373,7,0.01876675603217158,True,False,True
2wot,303,303,10,0.033003300330033,True,True,False
6qmj,289,289,11,0.03806228373702422,True,True,True
1oi9,553,553,5,0.009041591320072333,True,False,False
5j20,208,208,11,0.052884615384615384,True,True,True
4l7b,583,583,7,0.012006861063464836,True,True,False
2xiz,273,273,9,0.03296703296703297,True,True,False
3rtf,516,516,9,0.01744186046511628,True,True,True
1c87,297,297,8,0.026936026936026935,True,True,True
4rwk,308,308,5,0.016233766233766232,True,False,False
4kz6,358,358,10,0.027932960893854747,True,True,True
1oky,282,282,10,0.03546099290780142,False,True,False
2vwu,253,253,6,0.023715415019762844,True,True,False
5kej,444,444,15,0.033783783783783786,True,True,True
4dk7,453,453,10,0.02207505518763797,True,True,False
4re9,956,956,4,0.0041841004184100415,True,True,False
6djc,262,262,7,0.026717557251908396,False,True,False
6oir,271,271,9,0.033210332103321034,True,True,False
1gt3,315,315,11,0.03492063492063492,False,True,False
4rwl,285,285,12,0.042105263157894736,True,True,False
1lt6,515,515,27,0.05242718446601942,True,True,False
6d5j,801,801,5,0.006242197253433208,True,True,True
1k03,399,399,4,0.010025062656641603,True,True,False
4zim,285,285,10,0.03508771929824561,True,False,False
2vr4,836,836,5,0.005980861244019139,False,True,False
1nok,1662,1662,7,0.00421179302045728,True,True,False
6jaw,377,377,3,0.007957559681697613,True,True,True
1h1r,554,554,3,0.005415162454873646,True,False,False
6g9d,345,345,8,0.02318840579710145,True,True,False
1zrz,310,310,8,0.025806451612903226,True,False,False
4b6o,1704,1704,9,0.00528169014084507,True,True,True
2w06,282,282,9,0.031914893617021274,True,True,False
5q1c,229,229,9,0.039301310043668124,True,True,False
3dp0,905,905,5,0.0055248618784530384,True,True,False
3uev,316,316,11,0.03481012658227848,True,True,True
5exl,229,229,10,0.043668122270742356,False,False,True
3ur9,164,164,7,0.042682926829268296,True,True,False
2x81,242,242,7,0.028925619834710745,True,True,False
3ebi,889,889,10,0.01124859392575928,True,True,True
1lah,238,238,6,0.025210084033613446,True,True,True
4e8y,616,616,15,0.024350649350649352,True,True,False
5dhp,526,526,10,0.019011406844106463,True,True,False
2a5c,492,492,12,0.024390243902439025,True,True,True
2pvh,327,327,7,0.021406727828746176,True,True,True
5ytu,308,308,2,0.006493506493506494,True,True,False
6cdj,198,198,11,0.05555555555555555,True,True,True
4bqt,1028,1028,24,0.023346303501945526,True,True,False
6pic,343,343,4,0.011661807580174927,True,True,False
2ypp,1838,1838,16,0.008705114254624592,True,True,False
1g4o,258,258,6,0.023255813953488372,True,True,True
5jn9,244,244,3,0.012295081967213115,False,True,False
5i7u,728,728,12,0.016483516483516484,True,False,False
2z9g,612,612,2,0.0032679738562091504,True,True,False
6dgq,257,257,4,0.01556420233463035,True,True,True
3rxl,223,223,1,0.004484304932735426,True,True,False
5gmu,84,84,6,0.07142857142857142,True,True,False
3pb8,313,313,4,0.012779552715654952,True,False,True
4nw5,302,302,8,0.026490066225165563,True,True,False
1sre,470,470,20,0.0425531914893617,True,True,False
6k9u,302,302,7,0.023178807947019868,True,True,False
3dx0,1015,1015,5,0.0049261083743842365,True,True,False
3hio,259,259,11,0.04247104247104247,True,False,False
3fc2,586,586,7,0.011945392491467578,True,True,False
1z34,1380,1380,4,0.002898550724637681,True,True,False
3wiy,152,152,10,0.06578947368421052,True,True,False
3ccc,1448,1448,16,0.011049723756906077,True,True,False
3zxh,664,664,12,0.018072289156626505,True,True,False
4qvq,652,652,9,0.013803680981595092,True,True,False
3b5r,247,247,9,0.03643724696356275,True,True,True
5myv,352,352,5,0.014204545454545454,True,True,False
2zxd,2646,2646,17,0.006424792139077854,True,True,True
3lmk,877,877,16,0.018244013683010263,True,True,True
4ngs,1392,1392,14,0.010057471264367816,True,True,False
5b25,335,335,5,0.014925373134328358,True,False,True
6nzq,514,514,21,0.04085603112840467,True,True,False
3oqk,327,327,9,0.027522935779816515,False,True,False
2f6t,297,297,11,0.037037037037037035,True,True,True
3thd,1207,1207,14,0.0115990057995029,True,True,False
1nhg,578,578,12,0.020761245674740483,True,True,False
1i2s,510,510,13,0.025490196078431372,True,True,True
6qlr,138,138,7,0.050724637681159424,True,True,True
1bqm,986,986,6,0.006085192697768763,True,True,False
4ywa,242,242,16,0.06611570247933884,True,True,False
1fig,424,424,5,0.01179245283018868,False,True,False
6dih,438,438,8,0.0182648401826484,True,True,False
2vex,298,298,9,0.030201342281879196,False,True,False
6das,305,305,8,0.02622950819672131,True,True,False
2ca8,416,416,5,0.01201923076923077,True,True,True
4cj4,296,296,12,0.04054054054054054,True,True,True
6uh0,257,257,5,0.019455252918287938,True,True,True
3e2m,364,364,16,0.04395604395604396,True,True,False
3r5m,215,215,11,0.05116279069767442,True,True,False
1vkj,763,763,30,0.039318479685452164,True,True,False
5f3z,585,585,6,0.010256410256410256,True,True,False
2r0u,269,269,10,0.03717472118959108,True,False,False
1bra,440,440,4,0.00909090909090909,False,True,False
4foc,296,296,5,0.016891891891891893,True,True,False
3cen,279,279,6,0.021505376344086023,False,True,False
5sxk,1310,1310,2,0.0015267175572519084,True,True,False
1bb0,241,241,10,0.04149377593360996,False,True,False
3gcs,331,331,9,0.027190332326283987,True,True,True
4cl6,338,338,14,0.04142011834319527,True,False,True
4q4q,736,736,7,0.009510869565217392,True,False,True
3v8w,243,243,7,0.02880658436213992,True,False,False
4p74,2061,2061,10,0.0048520135856380394,True,True,False
3d7h,1388,1388,9,0.006484149855907781,True,True,False
2fjp,1456,1456,19,0.01304945054945055,True,True,False
3fu0,607,607,7,0.011532125205930808,True,True,False
6qeg,364,364,9,0.024725274725274724,True,True,False
4ufl,641,641,7,0.0109204368174727,True,True,True
3w2s,307,307,11,0.035830618892508145,True,True,False
2o9j,980,980,5,0.00510204081632653,True,False,False
4dwb,722,722,7,0.009695290858725761,True,True,False
5jhk,154,154,8,0.05194805194805195,True,True,True
5c0k,104,104,5,0.04807692307692308,True,True,False
3aox,298,298,8,0.026845637583892617,True,False,False
5m3a,127,127,6,0.047244094488188976,True,True,False
2g8r,124,124,12,0.0967741935483871,True,True,False
2ybt,377,377,7,0.01856763925729443,True,True,False
4jkw,119,119,5,0.04201680672268908,True,True,True
3dbs,841,841,7,0.008323424494649227,True,False,False
4ctj,257,257,1,0.0038910505836575876,False,True,False
4r75,318,318,12,0.03773584905660377,True,True,True
3kjq,484,484,16,0.03305785123966942,True,True,False
2ofu,272,272,10,0.03676470588235294,True,True,False
1bl6,351,351,5,0.014245014245014245,True,True,False
1gca,309,309,9,0.02912621359223301,True,True,False
6gw1,619,619,7,0.011308562197092083,True,True,False
1d6v,425,425,9,0.021176470588235293,False,True,True
5fho,510,510,19,0.03725490196078431,True,True,True
5tys,198,198,15,0.07575757575757576,True,True,False
1rwq,1456,1456,14,0.009615384615384616,True,True,False
5j47,720,720,4,0.005555555555555556,True,False,False
5eyd,289,289,6,0.020761245674740483,True,True,False
1jiz,166,166,5,0.030120481927710843,True,True,False
4mbj,545,545,21,0.03853211009174312,True,False,False
6f26,280,280,11,0.039285714285714285,True,True,False
1lan,2904,2904,3,0.0010330578512396695,True,True,True
1uz4,410,410,8,0.01951219512195122,True,True,True
1tr7,158,158,8,0.05063291139240506,True,True,False
1ke3,358,358,6,0.01675977653631285,True,True,False
4lbp,380,380,5,0.013157894736842105,True,True,False
3kry,164,164,7,0.042682926829268296,True,True,False
4dcv,402,402,11,0.02736318407960199,True,False,False
4fhi,238,238,17,0.07142857142857142,True,True,False
2psu,198,198,16,0.08080808080808081,True,True,True
6fv1,300,300,11,0.03666666666666667,True,True,False
3m37,279,279,10,0.035842293906810034,False,True,True
6fpu,738,738,9,0.012195121951219513,True,False,False
5cu4,327,327,14,0.04281345565749235,True,True,True
3rk5,294,294,5,0.017006802721088437,True,True,False
3p3r,462,462,8,0.017316017316017316,False,True,True
4clj,296,296,4,0.013513513513513514,False,True,True
4yw6,484,484,24,0.049586776859504134,True,True,False
2vpp,371,371,13,0.03504043126684636,True,True,False
1n2v,372,372,7,0.01881720430107527,True,False,False
5mat,598,598,8,0.013377926421404682,True,True,False
5hrx,110,110,5,0.045454545454545456,True,False,True
5km2,227,227,5,0.022026431718061675,True,False,False
6pyb,344,344,6,0.01744186046511628,True,True,False
3u4o,563,563,10,0.017761989342806393,True,True,False
3s9i,714,714,6,0.008403361344537815,True,True,False
3jpv,273,273,10,0.03663003663003663,True,True,False
2vev,299,299,11,0.03678929765886288,False,False,False
6qrf,417,417,15,0.03597122302158273,True,False,False
6fzg,276,276,11,0.03985507246376811,True,True,False
1hos,198,198,14,0.0707070707070707,True,True,True
3zlr,290,290,24,0.08275862068965517,True,True,True
4ncg,1910,1910,6,0.0031413612565445027,True,True,False
2qfu,427,427,8,0.01873536299765808,True,True,False
5hlm,461,461,31,0.06724511930585683,True,False,False
6bnl,793,793,28,0.03530895334174023,True,True,False
4arb,1068,1068,13,0.012172284644194757,True,True,True
3ibl,258,258,3,0.011627906976744186,True,True,True
5tus,1451,1451,6,0.004135079255685734,True,True,False
6fr0,114,114,10,0.08771929824561403,False,True,False
1ny0,263,263,7,0.026615969581749048,True,True,False
1qwu,1014,1014,5,0.004930966469428008,True,True,False
3rti,516,516,6,0.011627906976744186,True,False,False
5dyw,527,527,9,0.017077798861480076,True,True,False
1i9q,258,258,7,0.027131782945736434,True,True,False
5fhm,517,517,14,0.027079303675048357,True,True,True
1a86,158,158,7,0.04430379746835443,True,True,False
1exw,279,279,9,0.03225806451612903,True,True,False
3g3d,515,515,25,0.04854368932038835,True,True,False
2y7k,424,424,20,0.04716981132075472,True,True,False
3qo9,965,965,11,0.011398963730569948,True,True,False
6dh8,198,198,14,0.0707070707070707,True,True,True
4jgv,459,459,9,0.0196078431372549,True,True,False
5ukk,613,613,10,0.01631321370309951,True,True,False
1lee,331,331,15,0.045317220543806644,True,True,True
6hvh,431,431,8,0.018561484918793503,True,True,False
3lau,251,251,9,0.035856573705179286,True,False,False
4mhs,1618,1618,13,0.008034610630407911,True,True,False
5nwg,207,207,6,0.028985507246376812,True,True,False
3o5x,255,255,7,0.027450980392156862,True,True,True
3fuk,608,608,7,0.011513157894736841,True,False,False
3shj,841,841,7,0.008323424494649227,False,True,False
3s3r,254,254,5,0.01968503937007874,True,True,False
3f70,802,802,6,0.007481296758104738,True,True,True
4d2v,638,638,13,0.02037617554858934,True,False,False
5g57,333,333,4,0.012012012012012012,True,False,True
3axz,482,482,8,0.016597510373443983,True,True,True
3pdc,323,323,8,0.02476780185758514,True,True,False
2cbz,231,231,10,0.04329004329004329,False,True,True
1a94,198,198,25,0.12626262626262627,True,True,True
2i0a,198,198,15,0.07575757575757576,True,True,True
3h03,257,257,7,0.027237354085603113,True,True,False
6i61,448,448,9,0.020089285714285716,True,True,True
2y8q,479,479,7,0.014613778705636743,True,True,False
5ezg,386,386,13,0.03367875647668394,True,True,False
3vo3,303,303,11,0.036303630363036306,True,True,False
5m44,329,329,6,0.0182370820668693,True,True,False
1bq4,938,938,3,0.0031982942430703624,True,True,True
3ot3,261,261,6,0.022988505747126436,False,True,False
4xg8,258,258,5,0.01937984496124031,True,True,False
1dzm,149,149,5,0.03355704697986577,True,True,False
1z6j,570,570,14,0.02456140350877193,False,True,False
5lyw,359,359,3,0.008356545961002786,True,False,False
6ouv,1171,1171,29,0.024765157984628524,True,True,True
3u4h,245,245,12,0.04897959183673469,True,True,False
4ibk,123,123,5,0.04065040650406504,True,True,True
1iy7,307,307,9,0.029315960912052116,True,True,True
4g9c,265,265,10,0.03773584905660377,True,False,False
4b6q,1620,1620,9,0.005555555555555556,True,True,False
6t1m,142,142,9,0.06338028169014084,True,False,True
4iqt,356,356,5,0.014044943820224719,True,False,False
4zsr,390,390,6,0.015384615384615385,True,True,False
5tha,684,684,7,0.01023391812865497,False,False,False
3ujb,256,256,8,0.03125,True,True,False
3l4u,864,864,5,0.005787037037037037,True,True,True
5kmh,657,657,2,0.0030441400304414,True,True,False
4q9z,639,639,13,0.02034428794992175,True,True,False
5w4r,214,214,7,0.03271028037383177,True,True,False
2ada,349,349,3,0.008595988538681949,True,True,False
3vjm,1458,1458,17,0.011659807956104253,True,True,False
4yvz,1396,1396,17,0.012177650429799427,True,True,False
5lh8,220,220,9,0.04090909090909091,False,True,False
2wwj,346,346,8,0.023121387283236993,True,True,False
2c4f,551,551,10,0.018148820326678767,False,True,False
3n86,1695,1695,162,0.09557522123893805,True,True,True
1axs,432,432,8,0.018518518518518517,True,True,False
3rlb,176,176,7,0.03977272727272727,True,True,True
5i7x,101,101,4,0.039603960396039604,True,False,True
4a9n,227,227,16,0.07048458149779736,True,True,False
4c52,290,290,21,0.07241379310344828,True,True,True
4jpy,268,268,8,0.029850746268656716,True,True,True
1bgq,428,428,8,0.018691588785046728,True,True,True
4ijp,330,330,10,0.030303030303030304,True,True,False
1q95,2778,2778,60,0.02159827213822894,True,True,False
1ihy,1332,1332,43,0.03228228228228228,True,True,False
3bwk,949,949,20,0.02107481559536354,True,True,False
5v86,360,360,9,0.025,True,True,False
6fyl,340,340,10,0.029411764705882353,True,True,False
4c1y,627,627,28,0.044657097288676235,True,True,True
3hng,288,288,9,0.03125,True,True,False
3kku,215,215,5,0.023255813953488372,False,False,True
4ybj,508,508,17,0.03346456692913386,True,True,False
4u44,582,582,5,0.00859106529209622,True,True,False
2wgj,290,290,6,0.020689655172413793,False,True,True
3qcy,275,275,8,0.02909090909090909,True,False,False
4umb,1334,1334,19,0.01424287856071964,True,True,True
5xvu,321,321,8,0.024922118380062305,True,True,False
4e4x,267,267,10,0.03745318352059925,True,True,False
4nka,566,566,14,0.024734982332155476,True,False,False
6gj8,169,169,7,0.04142011834319527,True,False,True
4c1e,231,231,5,0.021645021645021644,False,True,False
4gki,265,265,3,0.011320754716981131,True,True,True
4dgg,261,261,9,0.034482758620689655,True,True,False
6h37,258,258,7,0.027131782945736434,True,True,True
3r8u,294,294,6,0.02040816326530612,True,True,False
4ayv,287,287,11,0.03832752613240418,True,True,False
2chm,322,322,9,0.027950310559006212,False,True,False
4de5,565,565,10,0.017699115044247787,True,True,True
2j75,438,438,6,0.0136986301369863,True,True,True
2fw3,623,623,6,0.009630818619582664,True,True,False
6r8l,164,164,11,0.06707317073170732,True,True,True
6pf6,568,568,8,0.014084507042253521,True,False,False
1pu7,214,214,4,0.018691588785046728,True,False,False
4w4s,544,544,13,0.02389705882352941,True,True,False
5tyh,555,555,6,0.010810810810810811,True,False,False
3hc8,323,323,3,0.009287925696594427,False,True,False
1o5g,241,241,7,0.029045643153526972,False,False,True
5h9s,268,268,4,0.014925373134328358,True,True,False
4i8z,198,198,16,0.08080808080808081,True,True,True
4u3f,1320,1320,8,0.006060606060606061,True,True,False
4iue,209,209,6,0.028708133971291867,True,True,True
1igj,844,844,12,0.014218009478672985,False,True,True
6ela,157,157,5,0.03184713375796178,True,True,False
4az2,287,287,9,0.0313588850174216,True,True,False
5vfc,304,304,10,0.03289473684210526,True,True,False
1f9g,721,721,7,0.009708737864077669,True,True,False
5e8z,303,303,6,0.019801980198019802,True,True,False
5ntp,230,230,14,0.06086956521739131,True,True,False
3t4h,201,201,8,0.03980099502487562,True,True,False
3oyn,1104,1104,2,0.0018115942028985507,True,True,False
3nb5,257,257,5,0.019455252918287938,True,True,True
2oc1,372,372,13,0.03494623655913978,True,True,False
4pqa,750,750,4,0.005333333333333333,True,True,True
4des,462,462,3,0.006493506493506494,True,True,True
1y0l,429,429,5,0.011655011655011656,False,True,True
3g6g,264,264,10,0.03787878787878788,True,True,False
5yjm,212,212,8,0.03773584905660377,False,True,True
5tzf,76,76,5,0.06578947368421052,True,False,False
2ow7,1016,1016,4,0.003937007874015748,True,True,False
5ts0,667,667,45,0.06746626686656672,True,True,False
4hw2,149,149,9,0.06040268456375839,True,False,False
4ryg,329,329,12,0.0364741641337386,False,True,False
1wcc,283,283,2,0.007067137809187279,True,True,False
5w86,269,269,7,0.026022304832713755,True,True,False
1h1s,554,554,4,0.007220216606498195,True,False,True
6fer,271,271,7,0.025830258302583026,True,False,False
3lkh,554,554,9,0.016245487364620937,True,True,False
2b54,298,298,6,0.020134228187919462,True,True,False
2hah,224,224,9,0.04017857142857143,True,True,True
6b5a,257,257,3,0.011673151750972763,True,True,False
3gk2,176,176,1,0.005681818181818182,True,True,False
3fyk,846,846,5,0.00591016548463357,True,True,False
4hzm,331,331,6,0.01812688821752266,True,True,True
2qh6,460,460,21,0.04565217391304348,True,True,False
4x49,489,489,6,0.012269938650306749,True,True,False
2o5d,559,559,11,0.01967799642218247,True,True,False
4v05,287,287,8,0.027874564459930314,True,False,False
3fw3,237,237,1,0.004219409282700422,False,True,False
5nut,209,209,8,0.03827751196172249,True,True,False
5o1c,197,197,6,0.030456852791878174,True,True,False
1tsl,632,632,4,0.006329113924050633,True,True,False
2imb,393,393,1,0.002544529262086514,True,True,False
4jg7,307,307,6,0.019543973941368076,True,False,False
6gy0,822,822,8,0.009732360097323601,True,True,False
2ohm,377,377,7,0.01856763925729443,True,True,False
6bl2,832,832,16,0.019230769230769232,True,True,False
5w13,354,354,10,0.02824858757062147,True,True,False
6c9r,674,674,16,0.02373887240356083,True,True,False
6f6u,652,652,9,0.013803680981595092,True,True,False
1hfs,320,320,11,0.034375,True,True,True
4ww8,522,522,3,0.005747126436781609,True,True,False
4yb5,581,581,12,0.020654044750430294,True,False,True
6cq0,604,604,3,0.004966887417218543,True,True,False
1det,103,103,5,0.04854368932038835,True,True,True
1z9h,548,548,10,0.01824817518248175,True,True,False
5fum,535,535,5,0.009345794392523364,True,True,False
4xtt,170,170,7,0.041176470588235294,True,True,False
2jbv,527,527,23,0.04364326375711575,True,True,False
1f92,228,228,8,0.03508771929824561,False,True,False
5k03,214,214,6,0.028037383177570093,True,False,True
2qbq,297,297,10,0.03367003367003367,True,True,True
3l7c,1622,1622,12,0.007398273736128237,True,True,False
3qcj,285,285,12,0.042105263157894736,True,True,False
4gb9,840,840,7,0.008333333333333333,True,True,False
4aba,220,220,4,0.01818181818181818,False,True,True
2xp6,145,145,5,0.034482758620689655,True,False,False
5wg4,621,621,10,0.01610305958132045,True,False,False
1i7i,258,258,5,0.01937984496124031,True,True,False
1i48,1584,1584,26,0.016414141414141416,True,True,False
5qaq,241,241,7,0.029045643153526972,True,True,False
1tvr,985,985,8,0.008121827411167513,True,True,False
1gnn,198,198,21,0.10606060606060606,True,True,True
3aav,223,223,8,0.03587443946188341,True,True,False
5qaj,241,241,3,0.012448132780082987,True,True,False
4loy,241,241,6,0.024896265560165973,False,True,True
1ind,424,424,3,0.007075471698113208,True,True,False
4ca5,586,586,13,0.02218430034129693,True,True,True
1a4q,1560,1560,22,0.014102564102564103,True,True,False
4m6u,2856,2856,7,0.0024509803921568627,True,True,True
5g53,479,479,7,0.014613778705636743,True,True,False
6i10,483,483,7,0.014492753623188406,True,True,False
3dsu,631,631,6,0.009508716323296355,True,True,False
6g2n,380,380,29,0.07631578947368421,True,True,False
6cho,960,960,17,0.017708333333333333,True,True,False
2a4w,258,258,3,0.011627906976744186,True,False,False
3fuj,606,606,6,0.009900990099009901,True,False,False
3ldp,381,381,5,0.013123359580052493,True,True,True
2rl5,294,294,9,0.030612244897959183,True,True,False
5qaw,241,241,5,0.02074688796680498,True,True,False
6db4,276,276,10,0.036231884057971016,True,False,False
1rin,456,456,10,0.021929824561403508,True,True,False
6olx,209,209,8,0.03827751196172249,True,True,True
1y2b,326,326,7,0.02147239263803681,True,False,False
5cgj,290,290,8,0.027586206896551724,True,True,False
6h7n,518,518,7,0.013513513513513514,True,True,False
2clh,1308,1308,13,0.009938837920489297,False,True,True
1tvo,350,350,8,0.022857142857142857,True,False,False
6bg3,366,366,12,0.03278688524590164,True,True,False
2kaw,90,90,6,0.06666666666666667,True,True,False
1xmu,329,329,5,0.015197568389057751,True,True,False
4fzj,562,562,5,0.008896797153024912,True,True,True
4j06,559,559,7,0.012522361359570662,True,True,False
3njy,347,347,6,0.01729106628242075,True,True,False
5ceh,577,577,6,0.010398613518197574,True,True,False
3i6z,1064,1064,12,0.011278195488721804,True,True,False
6gnp,457,457,3,0.006564551422319475,True,True,True
4z3v,271,271,6,0.02214022140221402,True,False,False
5tig,359,359,12,0.033426183844011144,True,True,False
6ffn,182,182,10,0.054945054945054944,True,True,False
1tl7,708,708,9,0.012711864406779662,True,True,False
5j32,734,734,9,0.01226158038147139,True,True,False
1g98,1110,1110,21,0.01891891891891892,True,True,True
4oya,467,467,12,0.02569593147751606,True,False,False
5dry,319,319,9,0.02821316614420063,True,True,False
3c4e,273,273,7,0.02564102564102564,True,False,False
1d3v,924,924,13,0.01406926406926407,True,False,False
5w1e,500,500,7,0.014,True,True,True
4fxz,502,502,3,0.00597609561752988,True,True,False
1yei,426,426,8,0.018779342723004695,False,True,True
1c70,198,198,17,0.08585858585858586,True,True,True
4hmk,501,501,7,0.013972055888223553,True,True,False
5om3,368,368,4,0.010869565217391304,True,True,True
5o9p,435,435,10,0.022988505747126436,True,True,True
3mqf,1616,1616,16,0.009900990099009901,True,True,False
4c70,829,829,15,0.018094089264173704,True,True,False
1c1r,220,220,5,0.022727272727272728,False,False,True
4no1,638,638,10,0.01567398119122257,True,False,False
5cxi,358,358,14,0.03910614525139665,True,True,False
5yia,328,328,16,0.04878048780487805,True,True,False
4hai,1096,1096,9,0.008211678832116789,True,True,False
5yhl,717,717,6,0.008368200836820083,True,True,False
5q12,228,228,7,0.03070175438596491,True,True,False
3wzj,257,257,10,0.038910505836575876,True,True,False
3v0l,556,556,12,0.02158273381294964,True,True,False
4esi,261,261,8,0.03065134099616858,True,False,False
1u2r,818,818,10,0.012224938875305624,True,True,False
6gxu,391,391,3,0.0076726342710997444,True,True,False
5w8v,819,819,58,0.07081807081807082,True,True,False
4ciw,1692,1692,10,0.00591016548463357,True,True,True
4u5o,426,426,3,0.007042253521126761,True,True,True
5c7n,112,112,6,0.05357142857142857,True,True,False
1e1v,290,290,4,0.013793103448275862,True,False,True
6pgo,160,160,7,0.04375,True,True,False
5qtt,229,229,11,0.048034934497816595,False,True,True
5dp6,178,178,4,0.02247191011235955,True,True,False
3utu,240,240,11,0.04583333333333333,False,True,True
1tog,790,790,13,0.016455696202531647,True,True,False
3fvl,921,921,13,0.014115092290988056,True,True,True
4z0k,281,281,9,0.03202846975088968,False,True,True
3g2n,815,815,11,0.013496932515337423,True,True,False
5aqo,493,493,4,0.008113590263691683,True,True,False
2qoh,271,271,9,0.033210332103321034,True,False,False
2qk5,395,395,11,0.027848101265822784,True,True,False
3g1m,388,388,7,0.01804123711340206,True,True,False
5q0j,230,230,16,0.06956521739130435,True,True,False
4mnp,305,305,11,0.036065573770491806,True,True,True
3tic,1552,1552,37,0.02384020618556701,True,True,False
4yjn,460,460,10,0.021739130434782608,True,True,False
2ykb,207,207,12,0.057971014492753624,True,False,False
3wk6,1092,1092,5,0.004578754578754579,True,True,False
1v2m,220,220,6,0.02727272727272727,False,True,False
3ovn,284,284,9,0.03169014084507042,True,True,True
5bv3,645,645,10,0.015503875968992248,True,False,True
4qw0,652,652,7,0.010736196319018405,True,True,False
5qbv,220,220,5,0.022727272727272728,True,True,False
4crc,219,219,11,0.0502283105022831,False,False,True
5z1e,296,296,2,0.006756756756756757,True,False,False
2wti,286,286,9,0.03146853146853147,True,True,False
5ewk,165,165,7,0.04242424242424243,True,True,True
4ew3,205,205,8,0.03902439024390244,True,True,True
6c0t,334,334,11,0.03293413173652695,True,False,False
4zei,490,490,8,0.0163265306122449,True,True,True
3cke,1171,1171,19,0.016225448334756618,True,True,True
2qf6,207,207,5,0.024154589371980676,True,True,False
6pno,478,478,5,0.010460251046025104,True,True,False
5nt0,208,208,10,0.04807692307692308,False,True,False
4m0z,264,264,14,0.05303030303030303,True,True,False
2f9v,373,373,13,0.03485254691689008,True,True,False
5axp,315,315,6,0.01904761904761905,True,True,False
3pz1,629,629,4,0.006359300476947536,True,True,False
2wf1,375,375,17,0.04533333333333334,False,True,False
4z6i,113,113,8,0.07079646017699115,True,True,False
2w3l,141,141,7,0.04964539007092199,True,True,False
6ql2,257,257,4,0.01556420233463035,True,True,True
4jmx,216,216,7,0.032407407407407406,True,True,False
3ook,230,230,13,0.05652173913043478,True,True,False
1wht,794,794,9,0.011335012594458438,False,True,True
4d85,374,374,12,0.03208556149732621,True,True,False
4qwr,648,648,12,0.018518518518518517,True,True,False
1vru,935,935,10,0.0106951871657754,True,True,False
3oik,258,258,5,0.01937984496124031,True,True,False
2pvl,327,327,8,0.024464831804281346,True,True,True
1b42,582,582,3,0.005154639175257732,True,True,False
5d0c,129,129,6,0.046511627906976744,True,True,True
2r3p,290,290,4,0.013793103448275862,False,True,False
3sz1,516,516,4,0.007751937984496124,True,True,False
3p78,332,332,10,0.030120481927710843,True,True,False
2zg3,210,210,4,0.01904761904761905,True,True,False
6bfp,221,221,12,0.05429864253393665,True,True,False
4wey,376,376,7,0.018617021276595744,True,True,False
3n5j,686,686,8,0.011661807580174927,True,False,False
4djy,390,390,5,0.01282051282051282,True,True,True
4hyh,263,263,8,0.030418250950570342,False,True,False
6ind,643,643,10,0.015552099533437015,True,False,False
6eqm,378,378,6,0.015873015873015872,True,True,False
6nze,504,504,20,0.03968253968253968,True,True,False
5a3x,342,342,9,0.02631578947368421,True,True,False
6b1x,268,268,10,0.03731343283582089,True,True,False
5nuu,532,532,8,0.015037593984962405,True,False,False
1zdp,316,316,7,0.022151898734177215,True,True,True
4der,462,462,4,0.008658008658008658,True,True,True
2xx4,422,422,10,0.023696682464454975,True,True,False
3ua8,514,514,7,0.013618677042801557,True,True,False
4mi9,1616,1616,13,0.008044554455445545,True,True,False
5nzm,483,483,2,0.004140786749482402,True,False,False
4mc9,198,198,12,0.06060606060606061,True,True,True
5ejw,80,80,4,0.05,True,True,False
4qr5,125,125,7,0.056,True,True,False
5z99,485,485,12,0.024742268041237112,True,True,True
3hbo,93,93,11,0.11827956989247312,True,True,False
2iok,455,455,20,0.04395604395604396,True,False,False
4op2,585,585,7,0.011965811965811967,True,True,False
4eok,551,551,4,0.007259528130671506,True,False,False
3e64,291,291,5,0.01718213058419244,True,False,False
4m5n,160,160,5,0.03125,True,False,False
6gxa,399,399,5,0.012531328320802004,True,True,False
4jxv,358,358,10,0.027932960893854747,True,True,False
5a8z,209,209,7,0.03349282296650718,False,True,False
16pk,415,415,18,0.043373493975903614,True,True,False
5nt4,208,208,7,0.03365384615384615,True,True,False
4z16,271,271,4,0.014760147601476014,True,True,False
5i88,126,126,9,0.07142857142857142,True,False,True
3lvw,672,672,4,0.005952380952380952,True,True,True
5can,301,301,7,0.023255813953488372,True,True,False
2onb,520,520,6,0.011538461538461539,True,True,False
2d1o,171,171,11,0.06432748538011696,True,True,True
2wva,2261,2261,49,0.021671826625386997,True,True,False
5vd0,293,293,8,0.027303754266211604,True,True,True
5c1x,181,181,11,0.06077348066298342,True,True,False
5tza,341,341,7,0.020527859237536656,True,True,False
4e4l,277,277,6,0.021660649819494584,True,False,True
4qms,283,283,6,0.02120141342756184,True,True,False
2f70,297,297,15,0.050505050505050504,True,True,False
4wwn,831,831,7,0.00842358604091456,True,False,False
4nwd,254,254,9,0.03543307086614173,True,True,False
3gep,846,846,22,0.026004728132387706,True,False,False
3c1k,241,241,10,0.04149377593360996,False,True,False
4daw,293,293,6,0.020477815699658702,True,False,False
4q7v,257,257,4,0.01556420233463035,True,True,True
3mxd,198,198,15,0.07575757575757576,True,True,True
5jcj,744,744,23,0.030913978494623656,True,True,False
6jz0,311,311,10,0.03215434083601286,True,True,False
1f73,1152,1152,28,0.024305555555555556,True,True,True
3cbp,239,239,11,0.04602510460251046,True,True,False
6c7j,342,342,8,0.023391812865497075,True,True,False
6jut,297,297,14,0.04713804713804714,True,False,False
2q93,263,263,3,0.011406844106463879,True,True,False
1uj6,221,221,11,0.049773755656108594,True,True,False
3hdn,280,280,8,0.02857142857142857,True,False,False
1p1o,520,520,7,0.013461538461538462,True,True,True
2y5h,281,281,3,0.010676156583629894,False,True,True
4w54,164,164,6,0.036585365853658534,True,True,False
5nr7,372,372,16,0.043010752688172046,True,True,False
6oz6,457,457,9,0.019693654266958426,True,True,False
5ou3,668,668,5,0.0074850299401197605,False,False,False
6prt,126,126,2,0.015873015873015872,True,True,False
5o9q,434,434,10,0.02304147465437788,True,True,True
6pve,270,270,19,0.07037037037037037,True,True,True
5ect,438,438,5,0.01141552511415525,True,True,True
4yl3,438,438,1,0.00228310502283105,True,False,False
5nxw,257,257,10,0.038910505836575876,True,True,True
5ap7,263,263,7,0.026615969581749048,True,True,False
4ufd,242,242,10,0.04132231404958678,False,True,False
2vqm,391,391,4,0.010230179028132993,True,True,False
2c90,246,246,4,0.016260162601626018,False,True,False
1g9c,1287,1287,21,0.016317016317016316,True,False,False
6oht,408,408,11,0.02696078431372549,True,True,False
2qln,1618,1618,14,0.00865265760197775,True,True,False
5i0b,288,288,3,0.010416666666666666,True,False,False
3ijz,624,624,3,0.004807692307692308,True,True,False
5moe,325,325,9,0.027692307692307693,True,True,False
5inh,780,780,7,0.008974358974358974,True,True,False
4o0z,940,940,16,0.01702127659574468,True,True,False
5nxy,272,272,1,0.003676470588235294,True,True,False
5y93,133,133,6,0.045112781954887216,True,True,False
5ux4,337,337,7,0.020771513353115726,True,True,False
3bxe,501,501,18,0.03592814371257485,True,True,True
5n9s,259,259,8,0.03088803088803089,True,True,False
3cyz,231,231,9,0.03896103896103896,True,True,True
4und,356,356,5,0.014044943820224719,True,True,True
5u4e,462,462,8,0.017316017316017316,True,True,False
3u5l,127,127,6,0.047244094488188976,True,True,True
5wr7,301,301,15,0.04983388704318937,True,True,False
1yda,255,255,4,0.01568627450980392,True,True,True
2l1r,109,109,2,0.01834862385321101,True,True,False
3fzs,254,254,11,0.04330708661417323,True,True,False
6c6o,699,699,6,0.008583690987124463,True,True,False
2vk6,449,449,12,0.026726057906458798,False,True,True
2dq7,262,262,8,0.030534351145038167,True,True,False
3fqe,269,269,7,0.026022304832713755,True,True,True
2j94,279,279,4,0.014336917562724014,False,False,True
6nri,241,241,5,0.02074688796680498,True,True,False
2i2c,1056,1056,8,0.007575757575757576,True,True,True
6c0u,338,338,7,0.020710059171597635,True,False,False
3q4c,264,264,4,0.015151515151515152,True,False,False
4j3j,1452,1452,12,0.008264462809917356,True,True,False
3q6k,380,380,5,0.013157894736842105,True,False,False
3iw6,337,337,12,0.03560830860534125,True,True,True
4pp7,267,267,10,0.03745318352059925,True,True,False
5c8n,300,300,4,0.013333333333333334,True,True,True
5f0f,386,386,8,0.02072538860103627,True,True,True
6gnw,461,461,6,0.013015184381778741,True,True,True
4tv3,879,879,10,0.011376564277588168,True,True,False
2fgh,1442,1442,10,0.006934812760055479,True,True,False
3t70,434,434,21,0.04838709677419355,True,True,True
2r3t,198,198,20,0.10101010101010101,True,True,True
1uy9,209,209,9,0.0430622009569378,False,True,False
2cfg,1236,1236,14,0.011326860841423949,True,False,False
4jnj,112,112,8,0.07142857142857142,False,True,False
5ar0,379,379,7,0.018469656992084433,True,True,False
1qcp,220,220,13,0.05909090909090909,False,True,False
3ril,1986,1986,20,0.010070493454179255,True,True,False
5t2l,830,830,7,0.008433734939759036,True,True,False
3e73,405,405,7,0.01728395061728395,True,True,False
5wlo,198,198,15,0.07575757575757576,True,True,True
4b5b,1172,1172,32,0.027303754266211604,True,True,False
5jf1,202,202,6,0.0297029702970297,True,True,False
3ctt,862,862,4,0.004640371229698376,True,True,True
6eox,158,158,3,0.0189873417721519,True,True,False
3fat,517,517,16,0.030947775628626693,True,True,True
3pj2,248,248,7,0.028225806451612902,True,True,False
5caq,301,301,5,0.016611295681063124,True,True,True
1nw4,1458,1458,33,0.02263374485596708,True,False,True
3kqb,279,279,11,0.03942652329749104,False,True,False
3lpi,779,779,22,0.028241335044929396,True,True,True
4xhl,330,330,7,0.021212121212121213,True,True,False
1srg,464,464,21,0.04525862068965517,True,True,True
3udq,394,394,10,0.025380710659898477,True,True,False
2lyb,131,131,6,0.04580152671755725,True,True,False
3x00,496,496,29,0.05846774193548387,True,True,True
3ekn,297,297,6,0.020202020202020204,True,False,False
5u7o,443,443,4,0.009029345372460496,False,False,False
6equ,261,261,5,0.019157088122605363,True,True,True
4do4,787,787,16,0.020330368487928845,True,True,True
5w44,178,178,6,0.033707865168539325,True,True,True
4eh3,339,339,6,0.017699115044247787,True,True,False
3g6z,337,337,8,0.02373887240356083,True,True,False
1jlq,938,938,10,0.010660980810234541,True,True,False
1y8o,942,942,7,0.0074309978768577496,True,True,False
5dw1,111,111,5,0.04504504504504504,True,True,False
3wjw,430,430,11,0.02558139534883721,True,True,True
1pzo,263,263,8,0.030418250950570342,True,False,False
4xct,157,157,7,0.044585987261146494,True,True,False
1s4d,519,519,17,0.03275529865125241,True,True,False
2oaz,355,355,6,0.016901408450704224,True,False,False
6oqn,151,151,8,0.052980132450331126,True,True,False
6ufo,639,639,3,0.004694835680751174,True,True,False
4jlg,247,247,6,0.024291497975708502,True,True,False
6q6f,811,811,5,0.006165228113440197,True,True,False
1xk5,204,204,9,0.04411764705882353,True,True,True
6pi5,334,334,6,0.017964071856287425,True,False,True
4cwt,209,209,7,0.03349282296650718,True,True,True
3fxb,310,310,5,0.016129032258064516,True,True,False
5ckr,658,658,13,0.019756838905775075,True,True,False
4otg,322,322,8,0.024844720496894408,True,True,False
4hl5,208,208,5,0.02403846153846154,True,True,False
5ml3,149,149,14,0.09395973154362416,True,True,False
3sb0,708,708,4,0.005649717514124294,True,True,False
4ryc,329,329,11,0.03343465045592705,False,True,False
5ko5,849,849,7,0.008244994110718492,True,False,True
4jaj,265,265,4,0.01509433962264151,True,True,False
3i5z,331,331,7,0.021148036253776436,True,False,True
3c6t,963,963,5,0.005192107995846314,True,True,False
3up2,266,266,10,0.03759398496240601,True,True,True
3fql,560,560,7,0.0125,True,True,True
1fls,158,158,4,0.02531645569620253,True,True,False
5eko,341,341,11,0.03225806451612903,True,True,False
5o2d,189,189,11,0.0582010582010582,True,False,True
4non,260,260,9,0.03461538461538462,True,False,True
3jqf,993,993,20,0.02014098690835851,True,True,False
3fvn,256,256,7,0.02734375,True,True,True
6szj,562,562,17,0.030249110320284697,True,True,False
3fh7,607,607,9,0.014827018121911038,True,True,True
2gmk,103,103,10,0.0970873786407767,True,True,False
6rqk,425,425,8,0.018823529411764704,True,True,False
1xq0,258,258,3,0.011627906976744186,True,True,True
6aao,528,528,8,0.015151515151515152,True,True,False
6mdd,477,477,7,0.014675052410901468,True,False,False
2zjf,692,692,12,0.017341040462427744,True,True,False
2q63,198,198,15,0.07575757575757576,True,True,True
3uib,309,309,5,0.016181229773462782,True,False,False
2a8h,259,259,8,0.03088803088803089,True,True,False
4py4,345,345,10,0.028985507246376812,True,True,False
4ye3,198,198,11,0.05555555555555555,True,True,False
6ai9,621,621,25,0.040257648953301126,True,True,False
2q2y,330,330,8,0.024242424242424242,True,True,False
4z2b,449,449,9,0.0200445434298441,True,False,True
4uvc,799,799,13,0.016270337922403004,True,True,False
5m0s,777,777,8,0.010296010296010296,True,True,False
5f2k,714,714,18,0.025210084033613446,True,True,False
2g71,261,261,7,0.02681992337164751,True,True,False
4jfm,128,128,6,0.046875,True,True,True
4dxj,724,724,17,0.023480662983425413,True,True,False
6ets,330,330,5,0.015151515151515152,True,False,True
3eq9,708,708,12,0.01694915254237288,True,True,False
5ih5,287,287,5,0.017421602787456445,False,True,False
6awn,544,544,5,0.009191176470588236,True,True,False
2xk3,247,247,8,0.032388663967611336,True,True,False
5ech,569,569,6,0.01054481546572935,True,True,False
5uqv,329,329,9,0.02735562310030395,True,False,False
3rbm,717,717,24,0.03347280334728033,True,True,False
3k5f,370,370,10,0.02702702702702703,False,True,False
4f64,550,550,8,0.014545454545454545,True,False,False
6b1j,268,268,11,0.041044776119402986,True,True,False
5w5k,362,362,4,0.011049723756906077,True,True,False
6ocz,667,667,40,0.05997001499250375,True,True,False
3tv6,268,268,11,0.041044776119402986,True,False,False
5alg,546,546,6,0.01098901098901099,True,True,False
5mtx,331,331,13,0.03927492447129909,True,True,False
4emv,196,196,8,0.04081632653061224,True,False,False
2ctc,307,307,8,0.026058631921824105,True,True,True
4l4v,789,789,11,0.01394169835234474,True,True,True
1amw,426,426,9,0.02112676056338028,True,True,True
6np5,268,268,6,0.022388059701492536,True,True,True
2rc8,569,569,7,0.012302284710017574,True,True,False
5epr,112,112,6,0.05357142857142857,True,True,False
3i28,545,545,9,0.01651376146788991,True,True,False
4dju,390,390,4,0.010256410256410256,True,True,True
4mg8,474,474,15,0.03164556962025317,True,True,False
3bfu,524,524,9,0.01717557251908397,True,True,True
5ap1,268,268,9,0.033582089552238806,True,True,False
3zsq,298,298,16,0.053691275167785234,True,True,True
4muk,546,546,14,0.02564102564102564,True,True,False
2pe0,275,275,5,0.01818181818181818,True,False,False
6o5x,198,198,20,0.10101010101010101,True,True,True
1grp,828,828,1,0.0012077294685990338,True,True,True
1rej,333,333,10,0.03003003003003003,True,True,False
3sw8,194,194,7,0.03608247422680412,True,True,True
1rd4,184,184,5,0.02717391304347826,True,True,True
3blu,282,282,5,0.01773049645390071,True,True,False
2ym3,247,247,4,0.016194331983805668,True,False,False
3t2w,230,230,7,0.030434782608695653,True,True,True
5lgu,799,799,5,0.006257822277847309,True,True,False
1j07,1070,1070,9,0.008411214953271028,True,False,False
4f5y,386,386,13,0.03367875647668394,True,True,True
6mu1,2149,2149,8,0.0037226617031177293,True,True,False
3zo1,339,339,5,0.014749262536873156,True,False,False
4z1k,257,257,7,0.027237354085603113,True,True,True
3i6c,113,113,8,0.07079646017699115,True,True,False
5hln,692,692,11,0.015895953757225433,True,False,False
3kce,146,146,6,0.0410958904109589,True,False,False
6g2f,120,120,6,0.05,True,True,True
5gja,299,299,3,0.010033444816053512,True,True,True
4ju7,559,559,11,0.01967799642218247,True,True,False
4pv0,268,268,6,0.022388059701492536,True,True,False
3ewu,514,514,29,0.05642023346303502,True,True,False
5vdp,360,360,7,0.019444444444444445,True,False,False
4pgh,711,711,13,0.01828410689170183,True,True,False
3f3a,1008,1008,23,0.022817460317460316,True,False,False
6m8q,451,451,9,0.019955654101995565,True,True,True
3atk,223,223,3,0.013452914798206279,True,True,False
1kz8,1276,1276,9,0.007053291536050157,True,True,False
5dfp,292,292,5,0.017123287671232876,True,True,True
2jj3,451,451,19,0.04212860310421286,False,True,False
4rwj,307,307,7,0.02280130293159609,True,False,True
4bdk,572,572,7,0.012237762237762238,True,True,False
2q70,446,446,16,0.03587443946188341,True,True,False
5alx,546,546,4,0.007326007326007326,True,True,False
4mf0,477,477,13,0.027253668763102725,True,True,False
3wf5,277,277,3,0.010830324909747292,True,False,False
3t3e,1618,1618,9,0.005562422744128554,True,True,False
4awo,409,409,31,0.07579462102689487,True,True,False
3mfv,939,939,17,0.01810436634717785,True,False,True
4wz4,360,360,9,0.025,True,True,False
6an1,514,514,4,0.007782101167315175,True,True,False
3f8c,206,206,2,0.009708737864077669,True,False,True
5l4f,231,231,1,0.004329004329004329,True,True,False
6f8w,653,653,11,0.016845329249617153,True,True,False
2za0,356,356,12,0.033707865168539325,True,True,True
2ymd,2111,2111,60,0.028422548555187114,True,False,True
3chr,610,610,10,0.01639344262295082,True,True,False
1e2l,614,614,14,0.02280130293159609,True,True,True
4mka,557,557,10,0.017953321364452424,True,True,False
4kz3,358,358,4,0.0111731843575419,True,True,True
3nox,1454,1454,11,0.007565337001375516,True,True,True
4zji,278,278,5,0.017985611510791366,True,True,True
6p5w,370,370,14,0.03783783783783784,True,True,False
6me2,484,484,7,0.014462809917355372,True,True,False
6qgg,140,140,13,0.09285714285714286,True,True,True
3t4v,199,199,6,0.03015075376884422,True,True,False
1w4l,1058,1058,14,0.013232514177693762,True,True,False
1db4,124,124,10,0.08064516129032258,True,True,False
4pct,438,438,7,0.01598173515981735,True,True,False
4xh6,273,273,8,0.029304029304029304,True,True,False
6dpy,358,358,8,0.0223463687150838,True,True,True
4i5p,284,284,7,0.02464788732394366,True,False,False
5hdx,387,387,10,0.025839793281653745,True,True,False
6hu3,401,401,4,0.00997506234413965,True,True,False
1wxz,349,349,10,0.02865329512893983,True,True,False
3u7l,184,184,9,0.04891304347826087,True,True,False
2oj9,295,295,3,0.010169491525423728,True,False,False
5ewh,113,113,3,0.02654867256637168,True,True,False
2bqv,198,198,20,0.10101010101010101,True,True,True
2y2n,936,936,7,0.007478632478632479,True,True,False
3dbd,261,261,8,0.03065134099616858,True,True,False
5q14,230,230,13,0.05652173913043478,True,True,False
2gzl,477,477,8,0.016771488469601678,True,True,True
4nwc,255,255,8,0.03137254901960784,True,True,True
5c5h,443,443,12,0.02708803611738149,True,True,False
6qyn,515,515,6,0.011650485436893204,True,True,False
3gba,257,257,11,0.042801556420233464,True,True,True
2g9u,1604,1604,8,0.004987531172069825,True,True,False
3zvw,466,466,4,0.008583690987124463,False,True,False
1lor,418,418,11,0.02631578947368421,True,True,False
6c5t,269,269,8,0.02973977695167286,True,True,False
3ncr,341,341,43,0.12609970674486803,True,True,False
6d28,225,225,9,0.04,True,True,False
6ohd,330,330,11,0.03333333333333333,True,True,False
4pmm,285,285,14,0.04912280701754386,True,True,True
3arr,567,567,14,0.024691358024691357,True,True,False
6gzh,309,309,7,0.022653721682847898,True,True,False
6cbf,342,342,15,0.043859649122807015,True,False,True
5ave,504,504,6,0.011904761904761904,True,True,True
4ykk,502,502,6,0.01195219123505976,True,True,True
5t66,262,262,9,0.03435114503816794,False,True,False
5u4a,464,464,8,0.017241379310344827,True,True,False
1zz2,337,337,12,0.03560830860534125,True,True,False
2pou,258,258,5,0.01937984496124031,True,True,True
3c52,591,591,17,0.028764805414551606,True,True,True
3rtm,369,369,4,0.01084010840108401,True,True,False
2wn9,1053,1053,32,0.030389363722697058,True,True,True
6pf4,568,568,16,0.028169014084507043,True,False,False
5up0,321,321,4,0.012461059190031152,True,True,False
4jlm,466,466,21,0.045064377682403435,True,True,False
2xwd,493,493,7,0.014198782961460446,True,True,False
2q7o,852,852,5,0.005868544600938967,True,False,False
4ufh,641,641,6,0.0093603744149766,True,True,True
1tcx,198,198,20,0.10101010101010101,True,False,True
4tkf,199,199,8,0.04020100502512563,True,True,False
4mr6,110,110,5,0.045454545454545456,True,True,True
3k99,218,218,9,0.04128440366972477,True,True,True
6eed,889,889,7,0.007874015748031496,True,True,True
3eju,1016,1016,6,0.005905511811023622,True,True,False
3pe1,327,327,9,0.027522935779816515,True,True,True
4rxe,717,717,12,0.016736401673640166,True,True,False
1erq,263,263,8,0.030418250950570342,True,True,False
3iop,275,275,12,0.04363636363636364,True,True,False
1ydk,426,426,17,0.03990610328638498,True,True,True
2rcw,350,350,7,0.02,True,False,False
5kr2,396,396,28,0.0707070707070707,True,True,True
3gen,264,264,7,0.026515151515151516,True,True,False
5afl,1025,1025,8,0.007804878048780488,True,True,False
5i1q,135,135,9,0.06666666666666667,True,False,True
3djq,248,248,15,0.06048387096774194,True,True,True
4gr8,152,152,8,0.05263157894736842,True,True,True
5abp,305,305,7,0.022950819672131147,True,True,False
2e9n,269,269,9,0.03345724907063197,True,False,False
3zw3,831,831,7,0.00842358604091456,True,True,False
5n2x,316,316,10,0.03164556962025317,True,True,False
1q6m,289,289,16,0.05536332179930796,True,True,False
5l2n,986,986,5,0.005070993914807302,True,True,False
5t5g,286,286,6,0.02097902097902098,True,True,False
2fzg,2772,2772,15,0.005411255411255411,True,True,True
6hop,328,328,7,0.021341463414634148,True,True,False
3b3x,510,510,9,0.01764705882352941,True,True,True
6u5y,304,304,11,0.03618421052631579,True,True,True
6rw1,256,256,5,0.01953125,True,False,False
4crj,159,159,8,0.050314465408805034,True,False,False
4b1d,376,376,7,0.018617021276595744,True,True,False
4z6h,113,113,6,0.05309734513274336,True,True,False
3r4n,221,221,8,0.03619909502262444,True,True,True
3pn3,181,181,5,0.027624309392265192,True,True,False
4aj2,1314,1314,22,0.0167427701674277,True,False,False
4rrs,393,393,6,0.015267175572519083,True,True,False
5hbs,139,139,10,0.07194244604316546,True,True,True
2gga,445,445,9,0.020224719101123594,True,True,False
4oba,88,88,7,0.07954545454545454,True,True,False
1d3d,278,278,8,0.02877697841726619,True,True,True
6h4w,337,337,5,0.01483679525222552,False,True,False
5ove,472,472,7,0.014830508474576272,True,True,False
1pwp,732,732,8,0.01092896174863388,True,True,False
3su1,200,200,13,0.065,True,True,True
4ymb,507,507,14,0.027613412228796843,True,True,True
1ohr,198,198,16,0.08080808080808081,True,True,True
2zu5,306,306,12,0.0392156862745098,True,True,False
4q9s,252,252,4,0.015873015873015872,True,True,False
1n1t,628,628,11,0.01751592356687898,True,True,False
5ajv,870,870,9,0.010344827586206896,True,False,False
3at1,2736,2736,10,0.003654970760233918,True,True,False
3nam,994,994,9,0.009054325955734407,True,True,False
3k23,245,245,10,0.04081632653061224,True,True,False
5ktx,114,114,9,0.07894736842105263,True,True,False
1c86,296,296,10,0.033783783783783786,True,True,True
3kwz,215,215,3,0.013953488372093023,True,True,False
3g90,345,345,6,0.017391304347826087,True,True,False
6fzm,190,190,7,0.03684210526315789,True,True,False
3drr,962,962,7,0.007276507276507277,True,False,False
4hws,807,807,30,0.03717472118959108,True,True,True
2qp8,390,390,10,0.02564102564102564,True,True,False
6g01,387,387,9,0.023255813953488372,True,True,False
6gzm,586,586,9,0.015358361774744027,True,True,True
2gek,361,361,5,0.013850415512465374,True,False,False
2vh0,279,279,5,0.017921146953405017,False,True,True
5alo,546,546,7,0.01282051282051282,True,True,False
1c8l,1622,1622,8,0.004932182490752158,True,True,False
3tyq,563,563,10,0.017761989342806393,True,True,False
2wtv,262,262,7,0.026717557251908396,True,True,True
6hgv,319,319,5,0.01567398119122257,True,True,False
2xnp,253,253,10,0.039525691699604744,True,True,False
2xk6,243,243,7,0.02880658436213992,True,True,False
2cji,279,279,4,0.014336917562724014,False,True,False
2qzr,359,359,5,0.013927576601671309,True,False,True
4ql1,304,304,4,0.013157894736842105,True,True,True
4qp1,342,342,1,0.0029239766081871343,True,False,False
6moa,109,109,10,0.09174311926605505,True,False,False
6r0k,354,354,3,0.00847457627118644,True,True,False
5zk3,380,380,13,0.034210526315789476,True,True,False
5mrp,418,418,9,0.0215311004784689,True,True,True
5yft,322,322,15,0.046583850931677016,True,True,True
5cw8,357,357,17,0.047619047619047616,True,True,False
4oma,1584,1584,8,0.005050505050505051,True,True,True
6o6f,151,151,8,0.052980132450331126,True,True,False
4twc,293,293,6,0.020477815699658702,True,False,False
5ar8,529,529,30,0.05671077504725898,True,True,False
4q93,660,660,7,0.010606060606060607,True,True,True
5xp7,265,265,6,0.022641509433962263,True,True,False
4kv9,499,499,23,0.04609218436873747,True,False,False
3ine,367,367,6,0.01634877384196185,True,True,False
3ztd,327,327,7,0.021406727828746176,True,True,False
1szd,291,291,11,0.037800687285223365,True,True,True
2flh,144,144,13,0.09027777777777778,True,False,False
4awf,191,191,1,0.005235602094240838,True,True,False
2cen,198,198,21,0.10606060606060606,True,True,True
2p8o,226,226,7,0.030973451327433628,True,True,False
4f3i,127,127,9,0.07086614173228346,True,True,False
6cn6,230,230,11,0.04782608695652174,True,True,False
4rn6,244,244,3,0.012295081967213115,False,True,False
6kdz,324,324,5,0.015432098765432098,True,True,False
3fqk,557,557,7,0.012567324955116697,True,True,False
4q4p,728,728,9,0.012362637362637362,True,False,True
5aiv,396,396,11,0.027777777777777776,True,False,False
3eid,549,549,9,0.01639344262295082,True,True,False
3lce,489,489,5,0.010224948875255624,True,True,False
3e6y,466,466,11,0.023605150214592276,True,True,True
1hp0,641,641,12,0.0187207488299532,True,True,False
6esn,252,252,11,0.04365079365079365,True,True,False
5dtq,320,320,7,0.021875,True,True,False
1uod,672,672,13,0.019345238095238096,True,True,False
5yl2,865,865,7,0.008092485549132947,True,True,True
4kil,200,200,4,0.02,True,True,False
3be9,327,327,10,0.03058103975535168,True,True,True
5gmp,305,305,6,0.019672131147540985,True,True,False
4mic,1612,1612,10,0.00620347394540943,True,True,False
4ttv,806,806,10,0.01240694789081886,True,True,False
4h4e,309,309,6,0.019417475728155338,True,True,False
4hze,918,918,22,0.023965141612200435,True,False,False
3hb8,562,562,7,0.012455516014234875,True,True,False
5e2p,229,229,9,0.039301310043668124,False,True,True
4dru,549,549,9,0.01639344262295082,True,True,False
5i5x,722,722,14,0.019390581717451522,True,True,False
5u7d,338,338,13,0.038461538461538464,True,True,False
6g5l,522,522,14,0.02681992337164751,True,True,True
4piq,204,204,12,0.058823529411764705,True,True,False
5czm,159,159,12,0.07547169811320754,True,True,True
5izm,446,446,11,0.02466367713004484,True,False,False
2wey,324,324,5,0.015432098765432098,True,True,False
2ojf,356,356,6,0.016853932584269662,True,False,False
6eyz,862,862,10,0.01160092807424594,True,False,False
2lk1,30,30,1,0.03333333333333333,True,True,False
4ydg,219,219,9,0.0410958904109589,True,True,False
2rkn,77,77,12,0.15584415584415584,True,True,False
5uex,109,109,5,0.045871559633027525,True,True,False
3okp,378,378,8,0.021164021164021163,True,False,False
4j93,146,146,6,0.0410958904109589,True,False,True
2ei6,280,280,8,0.02857142857142857,False,False,False
6r5f,252,252,8,0.031746031746031744,True,True,False
6eb1,266,266,5,0.018796992481203006,True,True,False
6pya,350,350,6,0.017142857142857144,True,False,False
4jvj,686,686,10,0.014577259475218658,True,True,False
3dpf,163,163,9,0.05521472392638037,True,True,False
4hod,509,509,5,0.009823182711198428,True,True,False
456c,319,319,11,0.034482758620689655,True,True,True
4nxs,781,781,19,0.024327784891165175,True,True,False
2ra6,283,283,14,0.04946996466431095,True,True,True
1cnx,256,256,5,0.01953125,True,True,True
1ft7,291,291,3,0.010309278350515464,True,True,True
1ktt,243,243,7,0.02880658436213992,False,True,False
2o1v,1153,1153,10,0.008673026886383347,True,True,False
6ce6,101,101,5,0.04950495049504951,True,True,True
4eg5,1022,1022,12,0.011741682974559686,True,True,False
4mf1,489,489,17,0.034764826175869123,True,False,False
5drt,314,314,8,0.025477707006369428,True,True,False
4awi,352,352,7,0.019886363636363636,True,False,False
4btm,292,292,5,0.017123287671232876,True,False,False
1jd0,505,505,8,0.015841584158415842,False,True,False
3m1k,256,256,2,0.0078125,True,True,True
4msc,328,328,6,0.018292682926829267,True,True,True
1pwq,732,732,8,0.01092896174863388,True,True,False
3gy3,220,220,7,0.031818181818181815,False,True,True
5d48,136,136,11,0.08088235294117647,True,False,True
2ea2,369,369,8,0.02168021680216802,True,True,False
6dkg,276,276,10,0.036231884057971016,True,True,False
3ndm,779,779,6,0.007702182284980745,True,True,False
4o0b,209,209,12,0.05741626794258373,True,True,True
5km9,213,213,4,0.018779342723004695,True,True,True
4ps3,843,843,12,0.014234875444839857,True,True,False
4jfk,128,128,10,0.078125,True,True,True
6hou,328,328,6,0.018292682926829267,True,True,False
3p1d,115,115,1,0.008695652173913044,True,True,False
4lq9,501,501,13,0.02594810379241517,True,True,False
3o9b,198,198,15,0.07575757575757576,True,True,False
4x7k,260,260,12,0.046153846153846156,True,True,False
6prc,1185,1185,6,0.005063291139240506,True,True,False
6elp,207,207,9,0.043478260869565216,True,True,True
4er1,320,320,18,0.05625,False,False,True
5avf,488,488,9,0.018442622950819672,True,True,True
3ken,333,333,8,0.024024024024024024,True,True,False
4qqc,273,273,10,0.03663003663003663,True,True,False
3s2a,834,834,6,0.007194244604316547,True,True,False
5dgj,168,168,12,0.07142857142857142,True,True,False
4i0r,264,264,3,0.011363636363636364,True,False,False
2a5b,496,496,4,0.008064516129032258,True,True,True
1qpe,270,270,7,0.025925925925925925,True,True,False
6ibk,782,782,17,0.021739130434782608,True,True,True
5ci7,276,276,3,0.010869565217391304,True,True,False
6q7v,408,408,11,0.02696078431372549,True,True,False
5cs3,346,346,2,0.005780346820809248,True,True,True
6p86,1011,1011,7,0.006923837784371909,True,True,True
6gfs,162,162,6,0.037037037037037035,True,True,True
6c7w,259,259,5,0.019305019305019305,True,True,True
1y20,287,287,6,0.020905923344947737,True,True,True
4mr3,127,127,9,0.07086614173228346,True,True,True
2wnl,1056,1056,4,0.003787878787878788,True,True,False
4bek,371,371,6,0.016172506738544475,True,True,False
6hm2,316,316,7,0.022151898734177215,True,True,False
5hzn,296,296,9,0.030405405405405407,True,True,False
3ati,223,223,3,0.013452914798206279,True,True,False
2jkk,258,258,7,0.027131782945736434,True,True,False
3zln,144,144,11,0.0763888888888889,False,True,True
3ppr,271,271,6,0.02214022140221402,True,True,True
4nks,265,265,7,0.026415094339622643,True,False,False
4efu,207,207,8,0.03864734299516908,True,False,False
3bxs,194,194,17,0.08762886597938144,True,True,False
4wz5,489,489,8,0.016359918200409,True,True,False
1w22,353,353,6,0.0169971671388102,False,True,False
6st3,210,210,7,0.03333333333333333,True,True,False
5fah,215,215,8,0.037209302325581395,False,True,False
2hd1,326,326,2,0.006134969325153374,True,False,False
6fiv,224,224,8,0.03571428571428571,True,True,False
5e3d,112,112,2,0.017857142857142856,True,False,False
4wr7,258,258,3,0.011627906976744186,True,True,False
6e6j,109,109,9,0.08256880733944955,True,False,False
6jt3,379,379,2,0.005277044854881266,True,True,False
4alg,236,236,9,0.038135593220338986,True,True,False
6q6y,862,862,9,0.010440835266821345,True,True,False
5qax,241,241,8,0.03319502074688797,True,True,False
4mcc,439,439,14,0.03189066059225513,True,True,False
3ccb,1453,1453,9,0.006194081211286993,True,True,False
1bio,220,220,2,0.00909090909090909,False,True,False
1bnn,257,257,4,0.01556420233463035,True,True,True
4qrh,366,366,13,0.03551912568306011,True,False,True
3ukr,1701,1701,8,0.004703115814226925,True,False,False
5i58,534,534,6,0.011235955056179775,True,True,False
5cc2,256,256,17,0.06640625,True,True,True
6mrg,543,543,5,0.009208103130755065,True,True,False
4y2p,546,546,6,0.01098901098901099,True,True,False
1gu1,1788,1788,108,0.06040268456375839,True,True,False
4jdf,341,341,8,0.02346041055718475,True,True,False
5vkf,208,208,11,0.052884615384615384,True,True,False
2xzg,358,358,6,0.01675977653631285,True,True,False
3wz7,330,330,14,0.04242424242424243,True,False,True
2r1w,418,418,0,0.0,False,True,False
3arv,575,575,6,0.010434782608695653,True,True,False
6fod,239,239,13,0.05439330543933055,True,True,False
4wz8,1396,1396,20,0.014326647564469915,True,False,False
5dtt,241,241,7,0.029045643153526972,True,True,False
4hwr,801,801,20,0.024968789013732832,True,False,False
5tya,258,258,3,0.011627906976744186,True,True,True
4ej2,1618,1618,12,0.007416563658838072,True,True,False
3pce,2598,2598,37,0.01424172440338722,True,True,True
6oi9,894,894,12,0.013422818791946308,False,True,False
4rpo,438,438,15,0.03424657534246575,True,True,True
2clk,1314,1314,8,0.0060882800608828,True,True,True
3qch,284,284,8,0.028169014084507043,True,True,False
4u7o,452,452,23,0.05088495575221239,True,True,False
5xii,955,955,13,0.013612565445026177,True,True,False
6cse,858,858,8,0.009324009324009324,True,True,False
4hgl,302,302,4,0.013245033112582781,True,False,False
5hld,649,649,8,0.012326656394453005,True,True,False
5zwf,237,237,10,0.04219409282700422,True,True,False
4qvp,652,652,10,0.015337423312883436,True,True,False
5nib,252,252,14,0.05555555555555555,True,True,False
1q63,366,366,6,0.01639344262295082,True,False,False
5to8,250,250,3,0.012,True,True,False
1v79,349,349,9,0.025787965616045846,True,True,False
2gnj,355,355,12,0.03380281690140845,True,True,False
3ow6,207,207,8,0.03864734299516908,True,True,False
1hn4,256,256,9,0.03515625,True,True,True
5swg,1041,1041,0,0.0,True,True,False
6bgx,308,308,5,0.016233766233766232,True,False,False
2jb6,852,852,11,0.012910798122065728,False,True,False
6eq7,154,154,5,0.032467532467532464,True,False,True
4bj8,474,474,38,0.08016877637130802,True,True,True
5ort,264,264,4,0.015151515151515152,True,True,False
5hk9,592,592,9,0.015202702702702704,True,True,False
6jmf,372,372,8,0.021505376344086023,True,True,False
4bf1,257,257,7,0.027237354085603113,True,True,True
5qad,241,241,7,0.029045643153526972,True,True,False
6np4,268,268,9,0.033582089552238806,True,True,True
3m3z,488,488,6,0.012295081967213115,True,True,True
1uv5,698,698,7,0.01002865329512894,False,True,False
3sw2,282,282,5,0.01773049645390071,False,True,False
6hs4,380,380,11,0.02894736842105263,True,False,False
5ega,177,177,4,0.022598870056497175,True,True,False
4hbv,127,127,5,0.03937007874015748,True,True,False
3hdk,93,93,8,0.08602150537634409,True,True,False
6dys,213,213,7,0.03286384976525822,True,True,True
5f2w,341,341,6,0.017595307917888565,True,True,False
5auv,275,275,6,0.02181818181818182,True,True,False
1xxi,1766,1766,19,0.010758776896942242,True,True,False
2qn3,1624,1624,14,0.008620689655172414,True,True,False
4u79,337,337,10,0.02967359050445104,True,True,False
6cjy,271,271,3,0.01107011070110701,True,False,False
3zm6,454,454,13,0.028634361233480177,True,False,False
3uwk,202,202,5,0.024752475247524754,True,True,False
5auy,275,275,8,0.02909090909090909,True,True,False
5ece,208,208,7,0.03365384615384615,True,True,False
4tkg,200,200,12,0.06,True,True,False
6dd1,231,231,5,0.021645021645021644,True,True,False
1m9n,1180,1180,29,0.02457627118644068,True,True,False
5als,542,542,6,0.01107011070110701,False,False,False
4hy4,92,92,6,0.06521739130434782,True,True,False
3mtw,804,804,5,0.006218905472636816,True,True,False
5tr6,272,272,6,0.022058823529411766,True,True,False
2zju,1040,1040,26,0.025,True,True,False
3hll,337,337,6,0.017804154302670624,True,True,True
1u0g,1112,1112,21,0.018884892086330936,True,True,True
3w9r,171,171,9,0.05263157894736842,True,True,True
6euc,532,532,7,0.013157894736842105,True,True,True
5ti2,127,127,7,0.05511811023622047,True,True,False
5y6f,226,226,16,0.07079646017699115,True,False,False
4fk6,285,285,8,0.028070175438596492,True,False,True
1ghw,242,242,8,0.03305785123966942,False,False,True
2y59,466,466,5,0.01072961373390558,True,True,False
5om2,369,369,8,0.02168021680216802,True,True,True
3w54,528,528,17,0.032196969696969696,True,True,False
2aox,288,288,8,0.027777777777777776,True,True,False
2o4p,198,198,12,0.06060606060606061,True,True,False
6fzx,298,298,3,0.010067114093959731,True,True,False
4l7n,353,353,10,0.028328611898016998,True,True,False
6ffe,113,113,8,0.07079646017699115,True,True,False
5j87,263,263,11,0.04182509505703422,True,True,False
6guf,556,556,6,0.01079136690647482,True,True,False
2c4v,316,316,7,0.022151898734177215,True,True,False
5u6v,109,109,8,0.07339449541284404,True,True,False
3bkk,586,586,12,0.020477815699658702,True,True,True
6ej2,377,377,4,0.010610079575596816,True,True,True
1g5f,293,293,1,0.0034129692832764505,True,True,False
2qhy,198,198,11,0.05555555555555555,True,True,True
4ehm,644,644,5,0.007763975155279503,True,True,False
1u32,293,293,8,0.027303754266211604,True,True,False
1nhw,578,578,18,0.031141868512110725,True,True,False
1p6e,245,245,1,0.004081632653061225,True,True,False
3gwx,542,542,13,0.023985239852398525,False,True,False
5c4l,594,594,5,0.008417508417508417,True,True,False
5wef,178,178,3,0.016853932584269662,True,True,False
2oxy,327,327,2,0.0061162079510703364,True,False,True
3wns,342,342,11,0.03216374269005848,True,True,False
1toi,790,790,5,0.006329113924050633,True,True,False
1nfw,278,278,6,0.02158273381294964,False,False,True
4mk9,557,557,9,0.01615798922800718,True,True,False
4tpm,909,909,9,0.009900990099009901,True,True,False
1hvr,196,196,16,0.08163265306122448,True,True,True
3hp5,330,330,9,0.02727272727272727,True,True,False
2vwn,273,273,6,0.02197802197802198,False,True,True
6bau,408,408,6,0.014705882352941176,True,True,False
1f8d,1548,1548,10,0.006459948320413436,False,True,True
5alf,547,547,10,0.018281535648994516,False,False,False
6ea2,889,889,7,0.007874015748031496,True,True,False
2hvc,250,250,7,0.028,True,True,False
5ur6,346,346,10,0.028901734104046242,True,True,False
6msa,328,328,4,0.012195121951219513,True,False,False
4c5w,768,768,3,0.00390625,True,True,False
1esz,260,260,10,0.038461538461538464,True,True,False
3s9t,258,258,6,0.023255813953488372,True,True,False
5vij,550,550,11,0.02,True,True,True
1c83,297,297,11,0.037037037037037035,True,False,True
4ufz,317,317,7,0.022082018927444796,True,True,False
5fsn,154,154,6,0.03896103896103896,True,True,True
4clb,127,127,9,0.07086614173228346,True,True,False
2yxj,137,137,9,0.06569343065693431,True,True,True
1dhj,318,318,17,0.05345911949685535,True,True,True
6me5,484,484,7,0.014462809917355372,True,True,False
1wun,554,554,13,0.023465703971119134,False,False,False
5nn4,847,847,4,0.004722550177095631,True,True,False
5dp4,181,181,7,0.03867403314917127,True,True,False
2qrm,1618,1618,10,0.006180469715698393,True,True,False
6i0b,526,526,10,0.019011406844106463,True,False,False
4or4,163,163,6,0.03680981595092025,True,False,True
1y2j,322,322,6,0.018633540372670808,True,True,False
6ami,768,768,19,0.024739583333333332,True,False,False
5wae,355,355,10,0.028169014084507043,True,True,False
4ucv,636,636,5,0.007861635220125786,True,True,False
3ibn,258,258,4,0.015503875968992248,True,True,True
2ccu,209,209,6,0.028708133971291867,False,False,False
2lko,138,138,2,0.014492753623188406,True,True,False
3fhr,273,273,10,0.03663003663003663,True,False,False
5b4k,315,315,8,0.025396825396825397,True,False,False
4nyf,289,289,7,0.02422145328719723,True,True,True
1fl6,436,436,4,0.009174311926605505,True,True,False
1uvt,238,238,7,0.029411764705882353,False,True,True
2brn,268,268,5,0.018656716417910446,True,False,False
3ieo,256,256,5,0.01953125,True,True,False
5j4v,716,716,5,0.006983240223463687,True,True,False
5exn,228,228,11,0.04824561403508772,False,True,True
1eou,258,258,3,0.011627906976744186,True,True,False
1rgk,104,104,6,0.057692307692307696,True,True,False
5m39,124,124,6,0.04838709677419355,True,True,False
2weh,258,258,2,0.007751937984496124,True,True,True
2w6m,447,447,5,0.011185682326621925,False,True,False
3rah,282,282,7,0.024822695035460994,True,True,False
3m89,384,384,12,0.03125,True,False,False
1uyh,209,209,8,0.03827751196172249,False,True,False
6gcr,258,258,8,0.031007751937984496,True,True,False
3pd2,290,290,19,0.06551724137931035,True,True,False
1hee,307,307,10,0.03257328990228013,True,True,True
4r5a,259,259,7,0.02702702702702703,True,True,True
4mqu,585,585,7,0.011965811965811967,True,True,False
2yke,207,207,10,0.04830917874396135,True,False,False
2hl4,257,257,6,0.023346303501945526,True,True,True
3fc8,460,460,8,0.017391304347826087,True,True,False
3nan,994,994,20,0.02012072434607646,True,True,False
1c5t,220,220,7,0.031818181818181815,False,True,True
6hk7,346,346,6,0.017341040462427744,True,True,False
6ekn,159,159,3,0.018867924528301886,True,True,False
4gk4,275,275,9,0.03272727272727273,True,False,False
1hbj,1064,1064,9,0.008458646616541353,True,True,False
1jh1,158,158,3,0.0189873417721519,True,True,False
4p7m,297,297,3,0.010101010101010102,True,True,False
2bw7,391,391,10,0.02557544757033248,True,True,False
5ans,155,155,10,0.06451612903225806,True,True,False
4zmf,250,250,4,0.016,True,True,False
3g0b,1460,1460,16,0.010958904109589041,True,True,False
4nzn,325,325,6,0.018461538461538463,True,True,False
1qaw,749,749,96,0.12817089452603472,True,False,True
3jdw,720,720,4,0.005555555555555556,True,True,True
2pwd,557,557,9,0.01615798922800718,True,True,True
1onp,794,794,13,0.0163727959697733,True,True,False
2wd3,257,257,7,0.027237354085603113,True,True,False
5ovi,466,466,9,0.019313304721030045,True,True,False
1nu3,284,284,18,0.06338028169014084,True,True,False
5wzr,630,630,6,0.009523809523809525,True,True,False
6r9s,164,164,6,0.036585365853658534,True,True,False
2zit,1029,1029,9,0.008746355685131196,True,False,False
5v35,304,304,5,0.01644736842105263,True,True,False
1bnm,257,257,4,0.01556420233463035,True,True,False
2w8f,1025,1025,3,0.002926829268292683,True,True,False
2xaq,799,799,3,0.0037546933667083854,True,True,False
3upi,563,563,9,0.015985790408525755,True,True,False
1ik4,910,910,52,0.05714285714285714,True,True,True
4qsm,1327,1327,21,0.015825169555388093,True,True,False
6eea,257,257,8,0.0311284046692607,True,True,False
6hb6,829,829,26,0.031363088057901084,True,True,False
3fh5,606,606,11,0.018151815181518153,True,True,False
5l17,776,776,9,0.011597938144329897,True,True,False
5yf1,690,690,15,0.021739130434782608,True,False,False
3sie,297,297,8,0.026936026936026935,True,True,False
6mjj,810,810,23,0.028395061728395062,True,True,False
6n8x,210,210,8,0.0380952380952381,True,True,True
5v13,803,803,17,0.021170610211706103,False,True,False
4xt9,243,243,14,0.05761316872427984,True,True,False
5k1d,359,359,6,0.016713091922005572,True,False,True
1nxy,263,263,11,0.04182509505703422,True,True,False
2fwp,1280,1280,11,0.00859375,True,True,False
4crf,219,219,11,0.0502283105022831,False,True,True
1u65,533,533,6,0.01125703564727955,True,True,False
1ndv,349,349,8,0.022922636103151862,True,False,True
4nj3,280,280,13,0.04642857142857143,False,True,False
2nyr,517,517,25,0.048355899419729204,True,True,False
1tkt,914,914,10,0.010940919037199124,True,True,False
2xy9,581,581,30,0.05163511187607573,True,True,False
6g3v,256,256,2,0.0078125,True,True,True
6d4r,664,664,2,0.0030120481927710845,True,True,False
1m0b,198,198,16,0.08080808080808081,True,True,True
4ymj,270,270,9,0.03333333333333333,True,True,False
6fng,277,277,12,0.04332129963898917,True,True,True
6cvy,200,200,14,0.07,False,True,False
4pf3,249,249,9,0.03614457831325301,True,True,False
6eu6,405,405,4,0.009876543209876543,True,True,False
5jrs,498,498,16,0.0321285140562249,True,False,False
5o87,418,418,9,0.0215311004784689,True,True,True
3tv8,781,781,11,0.014084507042253521,True,True,False
4hbp,1066,1066,15,0.014071294559099437,True,True,False
2xye,198,198,19,0.09595959595959595,True,True,True
4b2d,2068,2068,17,0.008220502901353965,True,True,False
3fcq,316,316,6,0.0189873417721519,True,True,True
6hh5,327,327,14,0.04281345565749235,True,True,True
1m1b,1160,1160,14,0.01206896551724138,True,True,True
5brn,780,780,39,0.05,True,True,False
4xuz,262,262,7,0.026717557251908396,True,True,False
4i7f,957,957,9,0.009404388714733543,True,True,False
3ebp,1618,1618,6,0.003708281829419036,True,True,True
3c56,591,591,27,0.04568527918781726,True,True,True
2y57,1025,1025,43,0.041951219512195125,True,True,False
5mod,327,327,6,0.01834862385321101,True,True,True
3s56,198,198,18,0.09090909090909091,True,True,False
5ywy,717,717,7,0.009762900976290097,True,True,False
5wbz,597,597,12,0.020100502512562814,True,True,False
3zsy,298,298,14,0.04697986577181208,True,True,True
2yz3,225,225,5,0.022222222222222223,True,True,True
2c4w,336,336,9,0.026785714285714284,True,False,False
4ahu,306,306,8,0.026143790849673203,True,False,True
6bgz,293,293,3,0.010238907849829351,True,False,False
6fmf,155,155,7,0.04516129032258064,True,True,False
1hge,1509,1509,26,0.017229953611663355,True,True,False
6bu0,126,126,2,0.015873015873015872,True,True,False
3znc,472,472,2,0.00423728813559322,False,True,False
6r1b,393,393,8,0.020356234096692113,True,True,True
6f1j,603,603,12,0.01990049751243781,True,True,True
4hra,320,320,8,0.025,True,False,False
5z9e,185,185,7,0.03783783783783784,True,True,False
5t4v,112,112,2,0.017857142857142856,True,True,False
1kv2,325,325,14,0.043076923076923075,True,True,False
5csp,327,327,9,0.027522935779816515,True,True,True
1tyn,220,220,13,0.05909090909090909,False,True,False
6d4v,662,662,3,0.004531722054380665,True,True,False
5t1a,444,444,8,0.018018018018018018,True,True,False
4zsp,390,390,7,0.017948717948717947,True,True,False
5g2n,823,823,6,0.007290400972053463,True,True,False
5n1x,121,121,5,0.04132231404958678,True,True,False
5w8j,660,660,23,0.03484848484848485,True,True,False
2oht,377,377,8,0.021220159151193633,True,False,False
6ar4,173,173,16,0.09248554913294797,True,True,False
3l4z,863,863,6,0.006952491309385863,True,True,True
3ldq,488,488,5,0.010245901639344262,True,True,True
6s57,130,130,8,0.06153846153846154,True,True,True
6e5g,208,208,6,0.028846153846153848,True,True,False
1e00,149,149,5,0.03355704697986577,True,True,False
2x2k,578,578,8,0.01384083044982699,True,False,False
2w5i,123,123,6,0.04878048780487805,True,True,False
3fv8,326,326,5,0.015337423312883436,True,True,False
5n20,246,246,2,0.008130081300813009,True,True,False
1oth,963,963,12,0.012461059190031152,True,True,False
6n3k,336,336,6,0.017857142857142856,True,True,False
5yhe,506,506,8,0.015810276679841896,True,False,True
3mpm,257,257,7,0.027237354085603113,True,True,False
5e7r,273,273,6,0.02197802197802198,True,True,False
2ckm,1056,1056,10,0.00946969696969697,True,True,False
4g8v,124,124,4,0.03225806451612903,True,True,True
1nvq,264,264,10,0.03787878787878788,True,True,True
3iog,227,227,3,0.013215859030837005,True,True,True
3ggc,850,850,18,0.021176470588235293,True,True,False
5kpl,339,339,7,0.02064896755162242,True,False,False
6cyb,690,690,17,0.02463768115942029,True,True,False
2wev,554,554,5,0.009025270758122744,True,True,False
5tg6,243,243,8,0.03292181069958848,True,True,False
4jzd,286,286,12,0.04195804195804196,False,True,False
4zy1,1029,1029,10,0.009718172983479106,True,True,False
6gh9,331,331,2,0.006042296072507553,True,True,False
1t4v,275,275,7,0.025454545454545455,True,True,True
2x7u,257,257,4,0.01556420233463035,True,True,True
3kga,290,290,11,0.03793103448275862,True,False,False
4hby,127,127,6,0.047244094488188976,True,True,False
4lnb,786,786,7,0.008905852417302799,True,True,False
2cc7,768,768,2,0.0026041666666666665,True,True,True
3fl9,164,164,7,0.042682926829268296,True,True,False
1my2,516,516,16,0.031007751937984496,True,True,False
3vby,267,267,7,0.026217228464419477,True,False,False
3vru,238,238,10,0.04201680672268908,True,True,False
1ogz,250,250,6,0.024,True,True,True
5xo7,527,527,25,0.04743833017077799,True,True,True
6hub,645,645,14,0.021705426356589147,True,False,False
1dbk,424,424,5,0.01179245283018868,False,True,False
4mbi,274,274,6,0.021897810218978103,True,False,False
1mcz,2096,2096,16,0.007633587786259542,True,True,False
6qe0,278,278,7,0.025179856115107913,True,True,True
4ory,1288,1288,17,0.013198757763975156,True,True,False
5le1,230,230,5,0.021739130434782608,False,True,False
5vo1,269,269,6,0.022304832713754646,True,True,True
2j4i,277,277,7,0.02527075812274368,False,True,True
5o1g,196,196,7,0.03571428571428571,True,True,False
5lyh,185,185,14,0.07567567567567568,True,True,False
1tpz,395,395,13,0.03291139240506329,True,True,False
5lvx,994,994,7,0.007042253521126761,True,True,False
4qp6,339,339,2,0.0058997050147492625,True,False,False
6h4r,341,341,3,0.008797653958944282,False,True,False
4oyt,884,884,13,0.014705882352941176,True,False,False
2wl4,1552,1552,16,0.010309278350515464,True,True,False
3b0w,215,215,7,0.03255813953488372,True,True,False
5c2a,323,323,5,0.015479876160990712,True,True,True
3fmr,356,356,6,0.016853932584269662,True,True,False
3fvg,256,256,7,0.02734375,True,True,False
1uj5,225,225,14,0.06222222222222222,True,True,True
4oym,467,467,10,0.021413276231263382,True,True,False
3eyd,203,203,12,0.059113300492610835,True,False,False
4l02,360,360,11,0.030555555555555555,True,True,False
5l4h,1555,1555,4,0.002572347266881029,True,True,False
4r95,387,387,4,0.0103359173126615,True,True,False
6ic6,348,348,8,0.022988505747126436,True,True,False
3n46,686,686,7,0.01020408163265306,True,True,False
3e01,953,953,6,0.0062959076600209865,True,False,False
2v2h,723,723,30,0.04149377593360996,True,True,True
5trf,98,98,12,0.12244897959183673,True,True,False
2qlm,1618,1618,14,0.00865265760197775,True,True,False
4ish,286,286,9,0.03146853146853147,False,True,True
3odk,145,145,5,0.034482758620689655,True,False,False
5tq5,291,291,8,0.027491408934707903,True,False,False
4tln,316,316,3,0.00949367088607595,True,True,True
1juy,862,862,12,0.013921113689095127,True,True,False
4rlu,598,598,7,0.011705685618729096,True,True,True
3zuk,657,657,8,0.0121765601217656,True,False,False
5jrq,504,504,26,0.051587301587301584,True,False,False
3ms2,1620,1620,20,0.012345679012345678,True,True,False
5qcl,229,229,12,0.05240174672489083,False,True,False
1fki,214,214,15,0.07009345794392523,True,True,True
2r6y,453,453,21,0.046357615894039736,True,True,False
3ocz,494,494,13,0.02631578947368421,True,True,True
7prc,1185,1185,7,0.00590717299578059,True,True,False
2vo7,355,355,10,0.028169014084507043,True,False,False
2q6c,1668,1668,41,0.024580335731414868,True,True,False
6aad,528,528,8,0.015151515151515152,True,True,False
6hdq,123,123,7,0.056910569105691054,True,True,False
1v2o,220,220,5,0.022727272727272728,False,True,True
5nxp,258,258,9,0.03488372093023256,True,True,True
1jif,244,244,28,0.11475409836065574,True,False,False
4bs5,219,219,7,0.0319634703196347,True,True,False
1d8m,173,173,4,0.023121387283236993,True,True,False
4jia,298,298,7,0.02348993288590604,True,True,True
4mlt,257,257,3,0.011673151750972763,True,True,False
1uw6,1034,1034,22,0.02127659574468085,True,True,True
4kip,337,337,9,0.026706231454005934,True,True,False
4cga,708,708,6,0.00847457627118644,True,True,True
1b0f,210,210,9,0.04285714285714286,False,True,False
6i62,448,448,12,0.026785714285714284,True,True,True
2oa0,980,980,10,0.01020408163265306,True,False,False
3dk1,198,198,12,0.06060606060606061,True,True,True
4bo5,942,942,10,0.010615711252653927,True,True,False
3buf,359,359,3,0.008356545961002786,True,True,True
5khd,145,145,17,0.11724137931034483,True,True,False
5eei,357,357,7,0.0196078431372549,True,True,True
5w0f,114,114,8,0.07017543859649122,True,True,False
4my6,110,110,8,0.07272727272727272,True,True,False
5yso,222,222,14,0.06306306306306306,True,True,False
1n0s,173,173,8,0.046242774566473986,True,True,True
6i9a,453,453,12,0.026490066225165563,True,True,False
5iu8,387,387,5,0.012919896640826873,True,True,False
6nzt,191,191,12,0.06282722513089005,True,True,False
2ym4,251,251,8,0.03187250996015936,True,False,False
2hwg,1108,1108,6,0.005415162454873646,True,True,False
5i2z,157,157,7,0.044585987261146494,True,True,False
6apu,354,354,19,0.05367231638418079,True,False,False
2wc3,442,442,7,0.01583710407239819,True,True,True
3q4b,327,327,6,0.01834862385321101,False,True,False
1iig,498,498,6,0.012048192771084338,True,True,False
2fxu,360,360,13,0.03611111111111111,True,True,True
4pul,734,734,7,0.009536784741144414,True,False,False
6qxu,209,209,6,0.028708133971291867,True,True,False
4xg7,266,266,6,0.022556390977443608,True,True,False
3aho,564,564,10,0.01773049645390071,True,True,True
4pov,178,178,8,0.0449438202247191,True,True,False
4mrg,150,150,4,0.02666666666666667,True,True,True
6ey8,207,207,9,0.043478260869565216,True,False,True
6i96,677,677,10,0.014771048744460856,True,True,False
1y2d,326,326,5,0.015337423312883436,True,True,False
2c02,135,135,8,0.05925925925925926,True,True,False
4obz,677,677,8,0.011816838995568686,True,True,False
3hqz,305,305,10,0.03278688524590164,True,False,False
3l4v,863,863,7,0.008111239860950173,True,True,True
5u4c,462,462,9,0.01948051948051948,True,True,False
3ttm,341,341,7,0.020527859237536656,True,True,True
3fz1,284,284,5,0.017605633802816902,True,True,False
4ynk,240,240,15,0.0625,True,True,False
3fr2,131,131,8,0.061068702290076333,True,True,False
3ekr,217,217,10,0.04608294930875576,True,True,True
5yjk,221,221,5,0.02262443438914027,False,True,False
5amg,257,257,6,0.023346303501945526,True,True,True
2pq9,427,427,13,0.03044496487119438,True,True,True
1ceb,79,79,4,0.05063291139240506,False,True,True
1sqp,4204,4204,9,0.0021408182683158895,True,True,False
1hn2,314,314,14,0.044585987261146494,True,True,False
2o7n,180,180,6,0.03333333333333333,True,True,False
4i74,654,654,10,0.01529051987767584,True,True,True
4hv3,268,268,10,0.03731343283582089,True,False,False
1qf5,862,862,14,0.016241299303944315,True,True,False
3c9e,430,430,11,0.02558139534883721,True,True,False
4lwu,85,85,9,0.10588235294117647,True,True,False
3p8z,257,257,19,0.07392996108949416,True,True,True
4m2v,257,257,2,0.007782101167315175,True,True,True
4xii,528,528,9,0.017045454545454544,False,True,False
5f20,274,274,6,0.021897810218978103,True,False,False
6mob,306,306,13,0.042483660130718956,True,True,False
2aoe,198,198,16,0.08080808080808081,True,True,True
5lay,95,95,7,0.07368421052631578,True,True,False
5mob,193,193,11,0.05699481865284974,True,True,False
5mjb,276,276,8,0.028985507246376812,True,True,False
3g32,262,262,7,0.026717557251908396,True,False,True
6mlp,238,238,5,0.02100840336134454,True,False,True
3lk0,178,178,3,0.016853932584269662,True,True,False
5zhj,412,412,8,0.019417475728155338,True,True,False
3own,334,334,13,0.038922155688622756,True,True,True
3v2w,442,442,13,0.029411764705882353,True,True,False
4mma,504,504,6,0.011904761904761904,True,True,False
1fdq,131,131,11,0.08396946564885496,True,True,False
1jwt,299,299,7,0.023411371237458192,True,True,False
5u94,263,263,9,0.034220532319391636,True,True,False
6h5x,608,608,8,0.013157894736842105,True,True,True
6t1o,141,141,8,0.05673758865248227,True,False,True
4kai,552,552,16,0.028985507246376812,True,False,False
1nnk,516,516,9,0.01744186046511628,True,True,False
2etr,798,798,14,0.017543859649122806,True,True,False
5hrw,110,110,7,0.06363636363636363,True,False,True
4xxs,376,376,6,0.015957446808510637,True,True,False
2wig,4216,4216,7,0.0016603415559772296,False,True,False
4uj1,355,355,7,0.01971830985915493,True,True,True
3doz,902,902,12,0.013303769401330377,True,True,False
5i12,157,157,4,0.025477707006369428,True,True,False
3sha,242,242,5,0.02066115702479339,False,True,True
4lmu,265,265,10,0.03773584905660377,True,True,False
2g1y,333,333,12,0.036036036036036036,True,True,False
1g45,258,258,5,0.01937984496124031,True,True,True
6mzq,277,277,10,0.036101083032490974,True,True,False
3rcj,281,281,7,0.02491103202846975,True,False,False
3s0d,119,119,6,0.05042016806722689,True,True,True
3aza,862,862,20,0.02320185614849188,True,True,False
4bzs,612,612,8,0.013071895424836602,True,True,False
2xfj,374,374,16,0.0427807486631016,False,True,False
5he2,628,628,11,0.01751592356687898,True,False,False
6ibl,516,516,14,0.027131782945736434,True,True,False
4hy0,192,192,17,0.08854166666666667,True,True,False
3mi2,512,512,27,0.052734375,True,False,True
3biz,250,250,10,0.04,True,True,False
5cwa,505,505,6,0.011881188118811881,True,True,False
1jqy,515,515,34,0.06601941747572816,True,True,True
6e06,453,453,24,0.052980132450331126,True,True,False
6g93,343,343,7,0.02040816326530612,True,True,False
4ycn,993,993,10,0.010070493454179255,True,True,False
4fnz,287,287,10,0.03484320557491289,True,True,False
4del,1380,1380,5,0.0036231884057971015,True,True,True
4z2k,498,498,4,0.008032128514056224,True,True,False
6c0n,968,968,13,0.013429752066115703,True,True,False
1l5r,3162,3162,11,0.003478810879190386,True,False,False
4ah9,304,304,6,0.019736842105263157,True,True,False
5l4i,464,464,7,0.015086206896551725,True,True,True
3t1m,137,137,5,0.0364963503649635,True,True,True
5l8n,125,125,5,0.04,True,False,False
3ipy,450,450,23,0.051111111111111114,True,True,False
4aa7,666,666,6,0.009009009009009009,True,True,False
5kby,725,725,10,0.013793103448275862,True,True,True
5a09,212,212,6,0.02830188679245283,False,True,False
3sn8,612,612,7,0.011437908496732025,True,True,False
4etz,285,285,7,0.02456140350877193,True,True,True
3c14,707,707,3,0.004243281471004243,True,True,False
3l1n,152,152,6,0.039473684210526314,True,True,False
3ovx,217,217,5,0.02304147465437788,True,True,False
4qmz,286,286,9,0.03146853146853147,True,False,False
3qxh,448,448,9,0.020089285714285716,True,True,False
4jkt,1563,1563,18,0.011516314779270634,True,True,False
4m7b,206,206,6,0.02912621359223301,True,True,False
2whp,530,530,6,0.011320754716981131,True,False,True
6m8d,238,238,7,0.029411764705882353,True,True,False
5jaz,820,820,20,0.024390243902439025,True,True,False
4h3c,416,416,23,0.055288461538461536,True,True,False
2j4q,345,345,4,0.011594202898550725,True,True,False
1aqi,382,382,6,0.015706806282722512,True,True,False
5v82,273,273,7,0.02564102564102564,True,True,True
6i1r,619,619,10,0.01615508885298869,True,False,False
6iik,669,669,7,0.01046337817638266,True,True,False
5ulp,262,262,13,0.04961832061068702,True,True,True
5v6u,418,418,5,0.011961722488038277,True,True,False
3coz,566,566,21,0.037102473498233215,True,True,True
1cze,792,792,3,0.003787878787878788,True,True,False
4frs,386,386,4,0.010362694300518135,True,True,False
4yax,180,180,5,0.027777777777777776,True,True,False
4erw,292,292,8,0.0273972602739726,True,True,False
6n9l,625,625,21,0.0336,True,True,True
3p76,267,267,10,0.03745318352059925,True,True,False
3in4,370,370,9,0.024324324324324326,True,True,False
6izq,332,332,5,0.015060240963855422,True,True,False
6i67,450,450,8,0.017777777777777778,True,True,True
3c10,383,383,5,0.013054830287206266,True,True,False
1a4r,380,380,10,0.02631578947368421,True,True,True
1g2k,198,198,19,0.09595959595959595,True,True,True
5cao,300,300,6,0.02,True,True,False
5ovr,286,286,7,0.024475524475524476,True,True,True
4qaa,1041,1041,30,0.02881844380403458,True,True,False
3cl2,1516,1516,22,0.014511873350923483,False,True,False
2xp7,145,145,7,0.04827586206896552,True,False,True
6b1c,342,342,16,0.04678362573099415,True,True,False
3rxp,223,223,2,0.008968609865470852,True,True,False
4r73,321,321,11,0.03426791277258567,True,True,True
4jr3,606,606,11,0.018151815181518153,True,True,False
3zv7,1070,1070,6,0.005607476635514018,False,True,True
3evc,261,261,6,0.022988505747126436,True,False,False
5a14,284,284,19,0.06690140845070422,True,True,False
1qin,352,352,25,0.07102272727272728,True,True,True
5vil,271,271,9,0.033210332103321034,True,True,False
2qrp,1620,1620,11,0.006790123456790123,True,True,False
5vjn,345,345,21,0.06086956521739131,True,True,False
6cfd,363,363,8,0.02203856749311295,True,True,False
3kab,145,145,5,0.034482758620689655,True,False,False
5tzc,343,343,9,0.026239067055393587,True,True,False
3zlo,142,142,14,0.09859154929577464,False,True,False
5y12,136,136,13,0.09558823529411764,True,True,True
1n4h,244,244,10,0.040983606557377046,True,True,True
3vf8,265,265,4,0.01509433962264151,True,False,False
5ho7,280,280,5,0.017857142857142856,True,True,False
2zif,482,482,18,0.03734439834024896,True,True,False
4hxw,191,191,9,0.04712041884816754,True,False,False
3f8e,256,256,7,0.02734375,True,True,True
5d12,260,260,4,0.015384615384615385,True,False,False
4ipf,85,85,6,0.07058823529411765,True,True,False
4b72,376,376,8,0.02127659574468085,True,True,False
1pme,333,333,5,0.015015015015015015,True,False,True
5o4s,112,112,2,0.017857142857142856,True,True,False
5ws3,506,506,3,0.005928853754940711,True,True,False
3bls,357,357,5,0.014005602240896359,True,True,False
2gvv,309,309,4,0.012944983818770227,True,True,True
2e9c,421,421,35,0.0831353919239905,True,True,False
3di6,1902,1902,7,0.003680336487907466,True,True,False
4hco,220,220,4,0.01818181818181818,True,True,False
4zxy,286,286,8,0.027972027972027972,False,True,False
4pnu,719,719,7,0.009735744089012517,True,True,True
4qp9,335,335,6,0.01791044776119403,True,False,False
1vj9,228,228,8,0.03508771929824561,False,True,False
3cde,557,557,11,0.019748653500897665,True,True,False
5k0c,215,215,8,0.037209302325581395,True,False,False
6hkm,327,327,8,0.024464831804281346,True,True,False
5edu,723,723,4,0.005532503457814661,True,True,False
5f39,343,343,4,0.011661807580174927,True,True,False
1jdj,692,692,1,0.001445086705202312,True,False,False
4lge,92,92,7,0.07608695652173914,True,True,False
5lto,237,237,5,0.02109704641350211,True,True,False
1w1g,144,144,5,0.034722222222222224,False,True,False
3p23,772,772,9,0.011658031088082901,True,True,False
3kek,164,164,12,0.07317073170731707,True,True,True
6fug,213,213,6,0.028169014084507043,False,False,False
6qr9,417,417,13,0.03117505995203837,True,False,True
6poi,188,188,6,0.031914893617021274,True,True,True
3v5g,257,257,14,0.054474708171206226,True,True,False
5d24,126,126,10,0.07936507936507936,True,False,True
5gic,237,237,13,0.05485232067510549,True,True,False
2br1,272,272,5,0.01838235294117647,True,True,True
2qfo,207,207,7,0.033816425120772944,True,True,False
6d1x,225,225,9,0.04,True,True,False
4jxs,358,358,11,0.030726256983240222,True,True,True
4ele,166,166,14,0.08433734939759036,True,True,False
1gno,198,198,21,0.10606060606060606,True,True,True
6iil,673,673,9,0.01337295690936107,True,True,False
1zog,650,650,1,0.0015384615384615385,True,False,True
5ddb,464,464,4,0.008620689655172414,False,True,False
2g01,356,356,4,0.011235955056179775,False,True,False
6mmo,261,261,21,0.08045977011494253,True,True,False
1w25,908,908,19,0.02092511013215859,True,True,False
5diu,128,128,12,0.09375,True,True,False
1ro6,344,344,5,0.014534883720930232,True,True,True
5iua,388,388,6,0.015463917525773196,True,True,False
5ox5,221,221,4,0.01809954751131222,True,True,False
1km3,424,424,9,0.02122641509433962,True,True,True
4xg3,262,262,6,0.022900763358778626,True,True,False
3sue,190,190,12,0.06315789473684211,True,True,True
4hym,361,361,7,0.019390581717451522,True,False,True
3u7m,184,184,6,0.03260869565217391,True,True,False
5lhh,666,666,10,0.015015015015015015,True,True,False
6f20,156,156,3,0.019230769230769232,True,False,True
4bhf,768,768,4,0.005208333333333333,True,True,False
4r6t,3077,3077,33,0.010724731881702957,True,True,False
1xh5,335,335,14,0.041791044776119404,True,True,True
4anw,833,833,9,0.010804321728691477,True,True,False
4j74,86,86,5,0.05813953488372093,True,True,False
6oxw,198,198,17,0.08585858585858586,True,True,False
5f3e,337,337,4,0.011869436201780416,False,True,False
4drm,128,128,9,0.0703125,True,True,False
5d1s,507,507,6,0.011834319526627219,True,True,False
3ueu,310,310,6,0.01935483870967742,True,True,True
6e7v,718,718,10,0.013927576601671309,True,True,False
6hah,55,55,7,0.12727272727272726,True,True,False
4cst,159,159,8,0.050314465408805034,True,True,True
6b7e,316,316,5,0.015822784810126583,True,True,False
1mzc,720,720,8,0.011111111111111112,True,True,False
3nf9,298,298,7,0.02348993288590604,True,True,False
2yde,698,698,8,0.011461318051575931,True,True,False
5am1,546,546,8,0.014652014652014652,True,True,False
4qj0,521,521,12,0.023032629558541268,True,True,True
2ghg,269,269,8,0.02973977695167286,True,False,False
4o13,940,940,17,0.018085106382978722,True,False,False
3jvr,258,258,3,0.011627906976744186,True,False,True
3pwh,291,291,8,0.027491408934707903,True,True,False
5nhz,230,230,8,0.034782608695652174,True,True,False
1g6s,427,427,10,0.0234192037470726,True,True,False
4qsh,4299,4299,11,0.0025587345894394044,True,True,False
6ful,478,478,4,0.008368200836820083,True,True,False
5l2t,261,261,10,0.038314176245210725,True,True,False
6c2y,617,617,11,0.017828200972447326,True,False,False
1w3j,443,443,4,0.009029345372460496,True,True,True
5t1s,280,280,9,0.03214285714285714,False,True,False
6peg,342,342,10,0.029239766081871343,True,True,False
1b6k,194,194,19,0.0979381443298969,True,True,True
4lwi,207,207,9,0.043478260869565216,True,True,False
4o72,127,127,12,0.09448818897637795,True,True,False
2qhz,198,198,14,0.0707070707070707,True,True,True
4f9w,336,336,10,0.02976190476190476,True,True,True
3fzr,261,261,4,0.01532567049808429,True,True,False
5nwh,388,388,15,0.03865979381443299,True,True,False
4rqk,285,285,4,0.014035087719298246,True,True,True
6bnk,811,811,23,0.02836004932182491,True,True,False
3peq,255,255,14,0.054901960784313725,True,True,False
1xjd,280,280,7,0.025,True,True,True
2brh,257,257,5,0.019455252918287938,True,True,False
3qtr,282,282,7,0.024822695035460994,True,True,False
5tqe,286,286,10,0.03496503496503497,False,True,False
5hz8,135,135,13,0.0962962962962963,True,True,True
4ere,85,85,6,0.07058823529411765,True,True,False
1nnu,578,578,17,0.029411764705882353,True,True,False
2wi7,209,209,5,0.023923444976076555,False,True,False
2bz5,210,210,12,0.05714285714285714,True,True,False
1ai5,763,763,6,0.007863695937090432,True,True,True
3atl,223,223,4,0.017937219730941704,True,True,False
6hx5,257,257,2,0.007782101167315175,True,True,False
4zsh,213,213,10,0.046948356807511735,True,True,False
4acx,370,370,8,0.021621621621621623,True,True,False
2i5f,99,99,8,0.08080808080808081,True,True,False
2x6k,1100,1100,14,0.012727272727272728,True,True,False
5ugh,737,737,12,0.016282225237449117,True,True,False
3wyk,630,630,15,0.023809523809523808,True,True,False
2yj9,216,216,8,0.037037037037037035,True,True,False
4o15,931,931,18,0.01933404940923738,True,False,False
4riv,257,257,9,0.03501945525291829,False,True,True
3b9g,633,633,10,0.01579778830963665,True,False,False
6jn6,231,231,4,0.017316017316017316,True,False,False
4amw,1024,1024,5,0.0048828125,True,True,False
4irx,288,288,13,0.04513888888888889,True,True,False
4l6s,351,351,4,0.011396011396011397,True,True,False
1h1p,554,554,5,0.009025270758122744,True,False,False
4zyx,200,200,8,0.04,True,False,False
4dkq,339,339,11,0.032448377581120944,True,True,True
4ob1,430,430,8,0.018604651162790697,True,False,False
5tq7,275,275,4,0.014545454545454545,True,False,False
6c8p,716,716,7,0.009776536312849162,True,True,False
6o9d,283,283,9,0.03180212014134275,True,True,False
4r91,387,387,6,0.015503875968992248,True,True,False
4unr,186,186,9,0.04838709677419355,True,False,False
3vbx,268,268,6,0.022388059701492536,True,True,False
5ek0,492,492,14,0.028455284552845527,True,True,False
3n4c,217,217,5,0.02304147465437788,True,True,False
5ti4,127,127,8,0.06299212598425197,True,True,False
223l,162,162,3,0.018518518518518517,True,True,False
1hxw,198,198,14,0.0707070707070707,True,True,True
2op3,217,217,3,0.013824884792626729,True,True,False
2vcq,396,396,9,0.022727272727272728,True,False,False
6bs5,685,685,13,0.01897810218978102,True,True,False
5e80,149,149,13,0.087248322147651,True,True,False
5orr,264,264,3,0.011363636363636364,True,True,False
2vhj,1734,1734,32,0.01845444059976932,False,True,True
2l84,121,121,7,0.05785123966942149,True,True,False
3dx2,1016,1016,4,0.003937007874015748,True,True,True
1c5n,244,244,4,0.01639344262295082,False,True,True
3a3y,1295,1295,5,0.003861003861003861,True,True,False
4uyn,249,249,10,0.040160642570281124,True,False,False
6os5,353,353,7,0.019830028328611898,True,False,False
4y94,158,158,3,0.0189873417721519,True,True,False
6ev0,466,466,8,0.017167381974248927,True,True,False
4mwu,1552,1552,7,0.004510309278350515,True,True,False
4a6s,242,242,7,0.028925619834710745,True,True,True
4hxl,125,125,6,0.048,True,True,False
6b1k,342,342,31,0.09064327485380116,True,True,True
4ayu,1020,1020,20,0.0196078431372549,True,True,True
6imo,644,644,8,0.012422360248447204,True,False,False
2cne,287,287,11,0.03832752613240418,False,True,False
2q15,770,770,7,0.00909090909090909,True,True,False
3w2r,297,297,14,0.04713804713804714,True,True,False
6ocu,910,910,1,0.001098901098901099,True,True,False
5cst,246,246,8,0.032520325203252036,True,True,True
4djo,198,198,13,0.06565656565656566,True,True,True
1tkx,938,938,11,0.011727078891257996,True,True,False
5ti7,127,127,7,0.05511811023622047,True,True,False
6sfj,341,341,13,0.03812316715542522,True,True,False
2wi5,209,209,12,0.05741626794258373,False,True,False
3qt7,644,644,16,0.024844720496894408,True,True,False
6udu,156,156,11,0.07051282051282051,True,True,True
4gu6,529,529,12,0.022684310018903593,True,False,True
3kyf,231,231,13,0.05627705627705628,True,False,False
6ghv,132,132,14,0.10606060606060606,True,True,False
4w9l,327,327,8,0.024464831804281346,True,True,True
5ops,258,258,7,0.027131782945736434,True,False,False
4ega,1048,1048,10,0.009541984732824428,True,True,False
5tkb,326,326,4,0.012269938650306749,True,True,False
5e2o,229,229,11,0.048034934497816595,False,True,True
3dx1,1016,1016,5,0.004921259842519685,True,True,True
1xoq,326,326,5,0.015337423312883436,True,True,False
5i3m,157,157,4,0.025477707006369428,True,True,False
3tti,341,341,4,0.011730205278592375,True,True,False
5k5n,331,331,5,0.015105740181268883,True,True,False
1c85,297,297,9,0.030303030303030304,True,True,False
6ml9,237,237,7,0.029535864978902954,True,True,True
3hu1,2706,2706,53,0.01958610495195861,True,True,False
2i1m,311,311,7,0.022508038585209004,True,True,False
4lm3,331,331,4,0.012084592145015106,True,True,True
4b0g,247,247,4,0.016194331983805668,True,False,False
1ctu,588,588,4,0.006802721088435374,True,True,True
3bug,357,357,4,0.011204481792717087,True,True,True
3zcw,321,321,17,0.0529595015576324,True,True,False
4ayq,434,434,6,0.013824884792626729,True,True,True
4pb2,1212,1212,5,0.004125412541254125,True,True,True
6bod,610,610,2,0.003278688524590164,True,True,False
3itz,357,357,9,0.025210084033613446,True,True,False
3bbf,906,906,51,0.056291390728476824,True,False,True
4cjr,296,296,13,0.04391891891891892,True,True,True
5o9r,429,429,10,0.023310023310023312,True,True,True
1j17,220,220,6,0.02727272727272727,False,True,True
4uwf,550,550,5,0.00909090909090909,True,False,False
5q0s,230,230,11,0.04782608695652174,True,True,False
4jv6,146,146,17,0.11643835616438356,True,True,False
2bow,260,260,7,0.026923076923076925,True,True,False
5g3m,123,123,7,0.056910569105691054,True,True,False
5jjr,845,845,9,0.010650887573964497,True,True,False
2zoq,351,351,7,0.019943019943019943,True,True,False
2z4b,445,445,16,0.035955056179775284,True,True,False
4u0w,486,486,24,0.04938271604938271,True,True,True
6g1w,530,530,8,0.01509433962264151,True,True,False
6cee,100,100,5,0.05,True,True,False
4zy2,1031,1031,14,0.013579049466537343,True,True,False
6s56,130,130,6,0.046153846153846156,True,True,True
2auz,215,215,6,0.027906976744186046,True,True,False
5fso,154,154,3,0.01948051948051948,True,True,True
6el5,208,208,7,0.03365384615384615,True,True,True
1bim,654,654,24,0.03669724770642202,False,True,False
6ccx,581,581,7,0.012048192771084338,True,False,False
2h1h,322,322,8,0.024844720496894408,True,True,False
5goe,384,384,12,0.03125,True,False,False
5ubg,444,444,33,0.07432432432432433,True,False,False
5t52,458,458,8,0.017467248908296942,True,True,False
4z2g,498,498,12,0.024096385542168676,True,True,False
5gjd,292,292,12,0.0410958904109589,True,False,False
5mb1,456,456,3,0.006578947368421052,True,True,False
2wmv,251,251,3,0.01195219123505976,True,False,False
1tlo,322,322,7,0.021739130434782608,True,True,False
2xah,799,799,4,0.0050062578222778474,True,True,False
4l9i,997,997,8,0.00802407221664995,True,True,True
1ozv,429,429,9,0.02097902097902098,True,True,False
4b7n,1544,1544,8,0.0051813471502590676,True,True,False
2vd0,396,396,5,0.012626262626262626,True,True,False
5ia5,273,273,12,0.04395604395604396,True,True,True
1k1o,220,220,10,0.045454545454545456,False,True,True
5one,257,257,7,0.027237354085603113,True,True,False
1rql,514,514,1,0.0019455252918287938,True,True,True
6fzu,245,245,8,0.0326530612244898,True,True,False
3zcl,291,291,10,0.03436426116838488,False,False,True
4qjx,258,258,5,0.01937984496124031,True,True,True
4zo5,646,646,11,0.017027863777089782,True,True,True
4io6,486,486,10,0.0205761316872428,True,True,True
2wib,261,261,12,0.04597701149425287,True,False,False
6f8j,187,187,8,0.0427807486631016,True,True,False
1ag9,350,350,26,0.07428571428571429,True,True,False
1o5r,349,349,9,0.025787965616045846,True,True,True
2xu4,217,217,7,0.03225806451612903,True,True,False
2oc2,583,583,9,0.015437392795883362,True,False,True
2jkh,281,281,1,0.0035587188612099642,False,True,True
5dh4,307,307,8,0.026058631921824105,True,True,True
4a9u,576,576,9,0.015625,False,False,False
6oyt,458,458,15,0.03275109170305677,True,True,False
5v3h,438,438,10,0.0228310502283105,True,True,False
4zyv,201,201,6,0.029850746268656716,True,False,False
4kc4,578,578,8,0.01384083044982699,True,True,False
2q2c,231,231,7,0.030303030303030304,True,False,False
5i3a,574,574,5,0.008710801393728223,True,True,True
1qbs,196,196,19,0.09693877551020408,True,True,True
5ax3,329,329,6,0.0182370820668693,True,True,False
5njz,273,273,5,0.018315018315018316,True,True,True
4k5l,889,889,6,0.006749156355455568,True,True,False
6k1s,932,932,8,0.008583690987124463,True,True,False
6f6n,377,377,6,0.015915119363395226,True,True,False
4cr5,440,440,5,0.011363636363636364,False,True,True
1kzk,198,198,16,0.08080808080808081,True,True,True
3mhi,257,257,7,0.027237354085603113,True,True,True
3sl8,327,327,7,0.021406727828746176,True,True,False
4zx6,886,886,5,0.0056433408577878106,True,True,False
6ckl,450,450,21,0.04666666666666667,True,True,False
4u4x,522,522,2,0.0038314176245210726,True,True,False
4x69,261,261,9,0.034482758620689655,True,True,False
3o9h,198,198,15,0.07575757575757576,True,True,False
5f4p,670,670,20,0.029850746268656716,True,True,False
4qwf,648,648,12,0.018518518518518517,True,True,False
3zbf,282,282,6,0.02127659574468085,False,True,False
1s39,366,366,6,0.01639344262295082,True,True,True
2fzc,2772,2772,14,0.005050505050505051,True,True,True
4knn,258,258,5,0.01937984496124031,True,True,True
4o1l,665,665,25,0.03759398496240601,True,True,False
3zrm,737,737,13,0.017639077340569877,False,True,False
4cff,885,885,8,0.00903954802259887,True,True,False
5j18,82,82,4,0.04878048780487805,True,True,False
3g9l,336,336,10,0.02976190476190476,True,True,False
5ufi,192,192,12,0.0625,True,True,False
4p6w,252,252,9,0.03571428571428571,True,True,True
3r17,257,257,3,0.011673151750972763,True,True,True
5tyl,566,566,8,0.014134275618374558,True,True,False
6pgc,305,305,5,0.01639344262295082,True,False,True
3gjd,509,509,6,0.011787819253438114,True,True,False
3rdh,466,466,5,0.01072961373390558,True,True,False
5kad,285,285,9,0.031578947368421054,True,True,True
6a80,468,468,9,0.019230769230769232,True,True,False
3d4f,265,265,8,0.03018867924528302,True,True,False
2vpn,306,306,5,0.016339869281045753,True,True,True
5ayf,238,238,2,0.008403361344537815,True,True,False
4yh4,127,127,7,0.05511811023622047,True,True,False
5du4,732,732,6,0.00819672131147541,True,True,False
5hjq,284,284,6,0.02112676056338028,True,True,True
1c6y,198,198,18,0.09090909090909091,True,True,False
5nkb,285,285,8,0.028070175438596492,True,True,True
3pck,2598,2598,36,0.013856812933025405,True,True,True
4tjw,199,199,6,0.03015075376884422,True,True,False
4bkz,309,309,9,0.02912621359223301,True,True,False
4mr4,127,127,5,0.03937007874015748,True,True,False
3oe9,835,835,9,0.010778443113772455,True,True,False
4zyi,90,90,10,0.1111111111111111,True,True,False
1wdn,223,223,8,0.03587443946188341,True,True,True
5f63,127,127,9,0.07086614173228346,True,True,True
1p93,247,247,5,0.020242914979757085,True,True,False
2w8g,1037,1037,20,0.019286403085824494,True,True,False
4q1d,458,458,21,0.04585152838427948,True,True,False
1w6y,252,252,5,0.01984126984126984,False,True,False
4i0d,387,387,6,0.015503875968992248,True,True,False
4j5p,1089,1089,19,0.017447199265381085,True,True,False
5zh5,482,482,4,0.008298755186721992,True,True,False
2r9m,217,217,6,0.027649769585253458,True,True,False
5vom,126,126,9,0.07142857142857142,True,True,False
2o9a,362,362,14,0.03867403314917127,True,True,False
6pyd,418,418,9,0.0215311004784689,True,True,False
6rj5,603,603,17,0.028192371475953566,True,True,False
5t2p,898,898,32,0.035634743875278395,True,True,False
2w4i,1017,1017,24,0.02359882005899705,True,True,False
4bo0,957,957,11,0.011494252873563218,True,True,False
2wj2,1091,1091,24,0.021998166819431713,True,True,False
5uxn,445,445,3,0.006741573033707865,True,True,False
6h3k,257,257,8,0.0311284046692607,True,True,False
3pb7,309,309,3,0.009708737864077669,True,True,True
6qhg,115,115,4,0.034782608695652174,True,False,False
5d1r,453,453,5,0.011037527593818985,True,True,True
1ax0,478,478,6,0.012552301255230125,True,True,True
4bcp,555,555,9,0.016216216216216217,True,True,True
3ljo,220,220,8,0.03636363636363636,False,True,True
2ie4,869,869,9,0.010356731875719217,True,True,False
5a7c,112,112,4,0.03571428571428571,True,True,False
5dva,241,241,5,0.02074688796680498,True,True,False
6r11,109,109,5,0.045871559633027525,True,True,True
4cpy,780,780,18,0.023076923076923078,True,True,True
4az6,435,435,9,0.020689655172413793,True,True,True
3sjt,939,939,13,0.013844515441959531,True,False,False
4anu,833,833,6,0.007202881152460984,True,False,False
5ni5,250,250,13,0.052,True,True,False
1pkx,1177,1177,13,0.011045029736618521,True,True,True
2xj1,273,273,11,0.040293040293040296,True,True,True
1c3b,716,716,14,0.019553072625698324,True,True,False
5w84,279,279,9,0.03225806451612903,True,True,False
3ipb,460,460,3,0.006521739130434782,True,True,False
6ccm,954,954,6,0.006289308176100629,True,True,False
1f74,1172,1172,15,0.012798634812286689,True,True,True
5dey,295,295,8,0.02711864406779661,True,True,True
5t8j,249,249,5,0.020080321285140562,True,True,False
5dtj,536,536,7,0.013059701492537313,True,True,False
5ddf,465,465,4,0.008602150537634409,False,True,False
4mm8,498,498,7,0.014056224899598393,True,True,False
3hfz,2102,2102,15,0.007136060894386299,True,True,False
2qi6,198,198,14,0.0707070707070707,True,True,True
4ndu,188,188,8,0.0425531914893617,True,True,True
4az5,868,868,4,0.004608294930875576,True,True,True
3q43,889,889,12,0.013498312710911136,True,True,False
1bcd,258,258,3,0.011627906976744186,True,True,True
2wb5,585,585,13,0.022222222222222223,False,True,True
2xu5,216,216,9,0.041666666666666664,True,True,False
4d83,377,377,10,0.026525198938992044,True,False,False
1enu,372,372,7,0.01881720430107527,True,True,True
6dj2,198,198,16,0.08080808080808081,True,True,True
5m7t,898,898,19,0.021158129175946547,True,True,False
1nu1,4210,4210,6,0.0014251781472684087,True,True,False
4j0p,376,376,5,0.013297872340425532,True,True,False
4q15,460,460,8,0.017391304347826087,True,True,False
5tc0,238,238,4,0.01680672268907563,True,False,False
6irt,926,926,5,0.005399568034557235,True,True,False
1zyj,331,331,8,0.02416918429003021,True,True,False
3mhm,257,257,6,0.023346303501945526,True,True,True
4ir6,116,116,6,0.05172413793103448,True,True,False
1li6,162,162,6,0.037037037037037035,True,False,True
1bdl,198,198,14,0.0707070707070707,True,False,False
4uru,620,620,3,0.004838709677419355,False,True,False
2vv9,279,279,9,0.03225806451612903,True,True,False
2j7x,228,228,9,0.039473684210526314,True,True,False
5umy,242,242,23,0.09504132231404959,True,True,True
1vjb,418,418,22,0.05263157894736842,True,True,False
2ioa,1178,1178,23,0.019524617996604415,True,True,False
1lke,157,157,5,0.03184713375796178,True,True,True
2q9m,359,359,9,0.025069637883008356,True,True,False
1ftm,258,258,8,0.031007751937984496,True,True,True
4kn2,202,202,13,0.06435643564356436,True,False,False
2vpo,307,307,5,0.016286644951140065,True,True,True
1i41,1584,1584,47,0.029671717171717172,True,True,False
3gsm,324,324,3,0.009259259259259259,True,True,True
6p11,280,280,5,0.017857142857142856,True,True,False
4bf6,257,257,4,0.01556420233463035,True,True,True
4hiq,462,462,6,0.012987012987012988,True,False,False
3d8w,257,257,7,0.027237354085603113,True,True,True
2fwy,207,207,8,0.03864734299516908,True,True,False
3w9k,135,135,10,0.07407407407407407,True,True,True
1n7i,261,261,4,0.01532567049808429,True,True,False
5w14,356,356,8,0.02247191011235955,True,True,False
4z8d,317,317,6,0.01892744479495268,True,True,False
1d4k,194,194,18,0.09278350515463918,True,True,True
3hlo,191,191,17,0.08900523560209424,True,True,False
6afd,374,374,10,0.026737967914438502,True,True,False
6exs,487,487,9,0.018480492813141684,True,True,True
2hmw,1088,1088,20,0.01838235294117647,True,True,False
4ixu,306,306,9,0.029411764705882353,True,False,False
6imt,644,644,8,0.012422360248447204,True,False,False
2alv,604,604,7,0.011589403973509934,True,True,False
3il6,638,638,9,0.014106583072100314,True,True,False
4eos,553,553,8,0.014466546112115732,True,True,False
6ps3,442,442,8,0.01809954751131222,True,False,False
4fab,435,435,7,0.016091954022988506,True,True,False
6aan,522,522,7,0.013409961685823755,True,True,False
2ajd,1456,1456,16,0.01098901098901099,True,True,False
6uhv,617,617,5,0.008103727714748784,True,True,False
2op9,601,601,15,0.024958402662229616,True,True,False
4ui8,209,209,7,0.03349282296650718,True,True,False
5urk,1706,1706,9,0.005275498241500586,True,True,False
3uew,312,312,10,0.03205128205128205,True,True,True
2w1c,262,262,5,0.019083969465648856,False,False,False
5n21,122,122,8,0.06557377049180328,True,True,False
2pyn,198,198,14,0.0707070707070707,True,True,True
1ilh,270,270,9,0.03333333333333333,True,True,False
5o9h,589,589,14,0.023769100169779286,True,True,False
4rll,329,329,8,0.0243161094224924,True,True,False
2gcd,308,308,8,0.025974025974025976,True,True,False
4puk,742,742,7,0.009433962264150943,True,False,False
3wf9,287,287,12,0.041811846689895474,True,True,False
2yc0,698,698,7,0.01002865329512894,True,True,False
4w4w,349,349,7,0.02005730659025788,True,True,False
5oae,573,573,10,0.017452006980802792,True,True,False
2vgc,226,226,2,0.008849557522123894,True,True,False
4zlo,277,277,6,0.021660649819494584,True,True,False
2gvj,925,925,20,0.021621621621621623,True,True,True
2rgp,284,284,9,0.03169014084507042,True,True,False
6h7y,696,696,9,0.01293103448275862,True,True,False
3k02,388,388,13,0.03350515463917526,True,True,True
2h21,424,424,8,0.018867924528301886,True,True,True
4io2,484,484,17,0.03512396694214876,True,True,True
2jal,436,436,8,0.01834862385321101,True,True,False
6ce8,101,101,5,0.04950495049504951,True,True,False
5ll7,264,264,8,0.030303030303030304,True,False,False
2qcg,516,516,24,0.046511627906976744,True,True,False
1ca8,241,241,9,0.03734439834024896,False,True,False
4yo8,480,480,17,0.035416666666666666,True,False,True
5a83,260,260,7,0.026923076923076925,True,True,False
6cec,100,100,5,0.05,True,True,False
2ww0,736,736,3,0.004076086956521739,True,True,False
3vyd,337,337,6,0.017804154302670624,True,True,False
3a2o,198,198,11,0.05555555555555555,True,True,True
3h89,215,215,13,0.06046511627906977,True,True,True
5fun,455,455,6,0.013186813186813187,True,True,False
4a51,322,322,11,0.034161490683229816,True,True,False
3v04,289,289,9,0.031141868512110725,True,False,False
5tkt,229,229,11,0.048034934497816595,False,False,False
4j3d,287,287,9,0.0313588850174216,True,True,False
9abp,305,305,8,0.02622950819672131,True,True,False
1l7x,3176,3176,9,0.0028337531486146094,True,True,False
3f3t,261,261,14,0.05363984674329502,True,True,False
2r6n,216,216,6,0.027777777777777776,True,True,False
4p4s,609,609,28,0.04597701149425287,True,False,False
4omj,274,274,17,0.06204379562043796,True,True,True
6cvf,453,453,22,0.04856512141280353,True,True,True
3ce0,352,352,6,0.017045454545454544,True,True,False
4wyy,360,360,8,0.022222222222222223,True,True,False
2fm0,1322,1322,9,0.00680786686838124,True,True,False
1r58,369,369,4,0.01084010840108401,True,True,False
6guc,552,552,9,0.016304347826086956,True,False,True
6eya,203,203,9,0.04433497536945813,True,False,True
2ndo,189,189,2,0.010582010582010581,True,True,False
2yhy,616,616,9,0.01461038961038961,True,True,False
5w92,178,178,6,0.033707865168539325,True,True,False
6ugz,257,257,3,0.011673151750972763,True,True,True
1kdk,354,354,7,0.01977401129943503,True,True,True
5h0h,446,446,11,0.02466367713004484,True,True,False
6iyv,264,264,6,0.022727272727272728,True,True,False
1ijr,104,104,10,0.09615384615384616,True,True,False
4mq2,343,343,5,0.014577259475218658,True,True,False
3h0z,248,248,6,0.024193548387096774,True,True,False
3r7o,299,299,8,0.026755852842809364,True,True,True
4kov,159,159,9,0.05660377358490566,True,True,False
6bqg,378,378,9,0.023809523809523808,True,False,False
6rfw,332,332,4,0.012048192771084338,True,True,True
1tka,1356,1356,19,0.014011799410029498,True,True,False
3r16,257,257,5,0.019455252918287938,True,True,True
4oow,555,555,3,0.005405405405405406,True,True,False
1doj,245,245,14,0.05714285714285714,False,True,False
4yht,256,256,8,0.03125,True,False,False
3bqn,182,182,6,0.03296703296703297,True,True,False
5afm,412,412,7,0.01699029126213592,True,False,False
2q88,257,257,5,0.019455252918287938,True,True,True
4y24,266,266,13,0.04887218045112782,True,True,False
6eog,138,138,4,0.028985507246376812,True,True,True
4rhx,706,706,67,0.09490084985835694,True,True,True
4k8a,509,509,7,0.0137524557956778,True,False,False
3vbt,267,267,5,0.018726591760299626,True,False,False
3as2,570,570,16,0.028070175438596492,True,True,False
1jq3,1167,1167,34,0.02913453299057412,True,True,False
4jv8,147,147,17,0.11564625850340136,True,True,False
5f0h,386,386,13,0.03367875647668394,True,True,False
4xv2,496,496,20,0.04032258064516129,True,True,False
4lv4,1280,1280,3,0.00234375,True,True,False
6anl,338,338,10,0.029585798816568046,True,True,False
5nb7,222,222,9,0.04054054054054054,False,True,False
5c8m,302,302,4,0.013245033112582781,True,True,False
1f0s,278,278,5,0.017985611510791366,False,False,True
2boj,456,456,8,0.017543859649122806,True,True,True
6b4u,155,155,7,0.04516129032258064,True,True,True
4efg,133,133,10,0.07518796992481203,True,True,False
5lo6,207,207,12,0.057971014492753624,True,False,False
4xas,440,440,7,0.015909090909090907,True,True,True
1h61,364,364,7,0.019230769230769232,True,True,False
2g00,279,279,9,0.03225806451612903,False,True,False
5dgu,198,198,13,0.06565656565656566,True,True,True
2iw8,552,552,5,0.009057971014492754,True,False,False
3bgq,272,272,7,0.025735294117647058,True,True,True
4mga,472,472,12,0.025423728813559324,True,True,False
4kqo,513,513,12,0.023391812865497075,True,True,False
6r8w,164,164,10,0.06097560975609756,True,True,True
5c2e,646,646,6,0.009287925696594427,True,True,False
3p9j,249,249,6,0.024096385542168676,True,False,False
2d3u,558,558,10,0.017921146953405017,True,True,True
3mxs,265,265,6,0.022641509433962263,True,True,False
2h8h,444,444,5,0.01126126126126126,True,True,False
4dmn,145,145,3,0.020689655172413793,True,True,False
4k9y,271,271,12,0.04428044280442804,True,True,True
2bmk,425,425,6,0.01411764705882353,False,True,True
6dq4,312,312,6,0.019230769230769232,True,True,True
4hlc,392,392,12,0.030612244897959183,True,True,False
2buv,435,435,7,0.016091954022988506,False,True,True
5xih,956,956,16,0.016736401673640166,True,True,False
5uwk,160,160,9,0.05625,True,True,False
4m2u,257,257,3,0.011673151750972763,True,True,True
5v3o,363,363,8,0.02203856749311295,True,True,False
2rkg,200,200,12,0.06,True,True,True
3fl5,324,324,10,0.030864197530864196,True,True,True
6e22,304,304,6,0.019736842105263157,True,False,True
6h38,259,259,5,0.019305019305019305,True,True,True
5km0,228,228,8,0.03508771929824561,False,True,False
2kmx,185,185,5,0.02702702702702703,True,True,False
6mlf,447,447,7,0.015659955257270694,True,True,False
5knu,690,690,26,0.03768115942028986,True,False,False
4l6q,776,776,13,0.01675257731958763,True,False,False
5mqx,160,160,6,0.0375,True,True,False
4b13,385,385,13,0.033766233766233764,True,True,False
5f9b,504,504,8,0.015873015873015872,True,True,True
6ar9,421,421,21,0.0498812351543943,True,False,False
2vj6,371,371,15,0.04043126684636118,False,True,False
4h42,229,229,4,0.017467248908296942,False,True,True
1o6i,994,994,12,0.012072434607645875,False,True,False
3nal,994,994,12,0.012072434607645875,True,True,False
6b3v,704,704,1,0.0014204545454545455,True,True,False
4kxl,261,261,25,0.09578544061302682,True,True,False
3n2p,258,258,5,0.01937984496124031,True,True,True
1rri,968,968,1,0.0010330578512396695,True,True,False
2ym7,248,248,9,0.036290322580645164,True,True,False
5yid,327,327,13,0.039755351681957186,True,True,False
5zh3,469,469,3,0.006396588486140725,True,True,False
5e0h,166,166,8,0.04819277108433735,True,True,False
3ozp,1144,1144,10,0.008741258741258742,True,True,True
3ms7,1616,1616,15,0.009282178217821782,True,True,False
4r4t,122,122,6,0.04918032786885246,True,True,True
3i0s,963,963,8,0.008307372793354102,True,True,False
5ufs,248,248,9,0.036290322580645164,True,True,True
4uvv,208,208,7,0.03365384615384615,True,True,False
2viv,229,229,4,0.017467248908296942,False,True,False
4jfw,439,439,6,0.01366742596810934,True,True,False
4hhy,345,345,9,0.02608695652173913,True,True,False
4qbb,159,159,9,0.05660377358490566,True,True,False
4ycm,993,993,15,0.015105740181268883,True,True,False
5x73,148,148,15,0.10135135135135136,True,True,False
5xfj,266,266,4,0.015037593984962405,True,False,False
6g0v,138,138,6,0.043478260869565216,True,True,False
2w54,1210,1210,5,0.004132231404958678,True,True,False
3uug,329,329,7,0.02127659574468085,True,True,True
5hgc,373,373,8,0.021447721179624665,True,True,False
3iut,215,215,4,0.018604651162790697,True,True,False
3b28,210,210,5,0.023809523809523808,True,True,False
1pxp,294,294,6,0.02040816326530612,True,True,True
3k3i,332,332,8,0.024096385542168676,True,False,False
1x8j,686,686,9,0.013119533527696793,True,True,True
6nyh,265,265,8,0.03018867924528302,True,True,False
5i59,537,537,8,0.0148975791433892,True,True,False
5a8y,210,210,4,0.01904761904761905,False,True,False
4ciy,1632,1632,12,0.007352941176470588,True,True,False
5hv0,403,403,7,0.017369727047146403,True,True,False
5eci,569,569,6,0.01054481546572935,True,True,False
5ogl,707,707,12,0.016973125884016973,True,True,False
3gqz,358,358,5,0.013966480446927373,True,True,True
4mha,256,256,7,0.02734375,True,True,False
6ssy,298,298,7,0.02348993288590604,True,True,True
1utl,219,219,3,0.0136986301369863,False,True,True
1mq5,277,277,8,0.02888086642599278,False,True,True
4ayt,1128,1128,10,0.008865248226950355,True,True,False
4fc0,517,517,25,0.048355899419729204,True,True,False
5ofv,390,390,7,0.017948717948717947,True,True,False
4y29,257,257,2,0.007782101167315175,True,True,False
1udt,313,313,7,0.022364217252396165,True,True,False
5y0g,136,136,12,0.08823529411764706,True,True,False
3kqt,525,525,10,0.01904761904761905,True,True,False
4l1a,198,198,14,0.0707070707070707,True,True,False
4wvl,331,331,9,0.027190332326283987,True,True,False
4ibf,123,123,6,0.04878048780487805,True,True,True
4p90,272,272,6,0.022058823529411766,True,False,False
3zns,368,368,6,0.016304347826086956,True,True,True
2j7w,571,571,6,0.010507880910683012,True,True,False
4kcx,212,212,15,0.07075471698113207,True,True,True
1f5l,226,226,6,0.02654867256637168,False,True,True
4nal,426,426,6,0.014084507042253521,True,False,False
5k6a,740,740,20,0.02702702702702703,True,True,False
5cfb,678,678,14,0.02064896755162242,True,True,False
6hp0,774,774,21,0.027131782945736434,True,True,False
2jdn,456,456,7,0.015350877192982455,True,True,False
2bks,660,660,13,0.019696969696969695,False,True,False
3eoc,552,552,7,0.012681159420289856,True,True,False
3hj0,458,458,6,0.013100436681222707,False,True,False
6ipk,329,329,9,0.02735562310030395,True,False,False
6qad,526,526,5,0.009505703422053232,True,False,False
5jv1,672,672,10,0.01488095238095238,True,True,False
4mpe,726,726,10,0.013774104683195593,True,True,False
4j17,379,379,5,0.013192612137203167,True,True,False
4qjm,257,257,7,0.027237354085603113,True,True,False
2weq,426,426,15,0.035211267605633804,True,True,True
5uf0,108,108,5,0.046296296296296294,True,True,True
4zl4,395,395,12,0.030379746835443037,True,True,True
6fmn,746,746,8,0.010723860589812333,True,False,False
4cwb,159,159,7,0.0440251572327044,True,False,False
5cu2,328,328,7,0.021341463414634148,True,True,False
5j5r,664,664,2,0.0030120481927710845,True,True,False
5jat,371,371,8,0.0215633423180593,True,True,False
3pe2,327,327,8,0.024464831804281346,True,True,True
1xkk,289,289,12,0.04152249134948097,True,True,True
3k3g,993,993,3,0.0030211480362537764,True,True,False
6ggn,94,94,5,0.05319148936170213,True,True,False
1hii,198,198,16,0.08080808080808081,True,True,True
4du8,330,330,8,0.024242424242424242,True,True,False
2gj4,1606,1606,3,0.0018679950186799503,True,False,False
4yes,281,281,8,0.028469750889679714,True,False,True
3oob,146,146,6,0.0410958904109589,True,True,False
1ih0,71,71,8,0.11267605633802817,True,True,False
6apv,358,358,25,0.06983240223463687,True,False,False
3th9,198,198,13,0.06565656565656566,True,True,True
3ua9,207,207,8,0.03864734299516908,True,True,False
3l54,837,837,9,0.010752688172043012,True,False,False
6c9v,630,630,20,0.031746031746031744,True,True,True
4pl0,1147,1147,26,0.022667829119442023,True,True,False
3d2t,448,448,4,0.008928571428571428,True,True,False
5etj,863,863,21,0.02433371958285052,True,False,True
5d3n,126,126,10,0.07936507936507936,True,False,True
3we4,286,286,6,0.02097902097902098,True,False,False
3bva,198,198,18,0.09090909090909091,True,True,True
2hqu,403,403,48,0.11910669975186104,True,True,False
4x0u,477,477,6,0.012578616352201259,True,True,False
4zip,198,198,14,0.0707070707070707,True,True,True
4i12,374,374,6,0.016042780748663103,True,False,False
5ov9,534,534,5,0.009363295880149813,True,True,False
4qmy,287,287,8,0.027874564459930314,True,True,False
3rx7,530,530,6,0.011320754716981131,True,True,False
3sjo,179,179,10,0.055865921787709494,True,True,False
5kqg,154,154,12,0.07792207792207792,True,True,False
4lts,945,945,21,0.022222222222222223,True,True,False
1g27,164,164,4,0.024390243902439025,True,True,False
4uhg,208,208,8,0.038461538461538464,True,True,False
4cwp,207,207,9,0.043478260869565216,True,True,True
2glm,905,905,7,0.0077348066298342545,True,True,False
4ycu,1004,1004,14,0.013944223107569721,True,True,False
3kqd,279,279,10,0.035842293906810034,False,True,False
2qrq,1614,1614,11,0.006815365551425031,True,True,False
5nqe,180,180,8,0.044444444444444446,True,True,False
5yg2,884,884,13,0.014705882352941176,True,False,False
5ai9,546,546,10,0.018315018315018316,True,True,False
2xeg,1388,1388,10,0.007204610951008645,True,True,True
4dcd,184,184,10,0.05434782608695652,True,True,False
2btr,275,275,6,0.02181818181818182,True,True,False
5fd2,498,498,17,0.03413654618473896,True,False,False
1fq5,326,326,13,0.03987730061349693,False,True,True
4f6u,601,601,9,0.014975041597337771,True,True,True
1d4j,198,198,17,0.08585858585858586,True,True,True
6p89,1011,1011,4,0.003956478733926805,True,True,True
5mli,127,127,1,0.007874015748031496,True,True,False
2hf8,410,410,27,0.06585365853658537,True,True,False
5fi6,1640,1640,19,0.011585365853658536,True,True,False
4qna,284,284,5,0.017605633802816902,True,True,False
5zkc,384,384,9,0.0234375,True,True,True
5aqn,494,494,4,0.008097165991902834,False,True,False
5ct1,346,346,1,0.002890173410404624,True,True,False
4gwk,467,467,6,0.01284796573875803,True,True,False
3s1y,361,361,12,0.0332409972299169,True,True,False
1lol,418,418,18,0.0430622009569378,True,True,False
4hg7,91,91,6,0.06593406593406594,True,True,False
6std,492,492,25,0.0508130081300813,True,True,True
3kig,257,257,4,0.01556420233463035,True,True,False
4xub,116,116,5,0.04310344827586207,True,True,False
5vqu,948,948,6,0.006329113924050633,True,True,False
1v0p,277,277,10,0.036101083032490974,True,True,False
3fum,605,605,8,0.013223140495867768,True,True,False
5ufr,223,223,7,0.03139013452914798,True,True,True
5vqy,948,948,7,0.007383966244725738,True,True,False
2xyd,607,607,13,0.0214168039538715,True,True,True
6c8c,233,233,8,0.034334763948497854,True,True,False
6g37,327,327,6,0.01834862385321101,True,True,True
5g4m,197,197,5,0.025380710659898477,True,True,True
5li3,742,742,15,0.02021563342318059,True,True,False
5tq3,282,282,9,0.031914893617021274,True,False,False
3ime,555,555,8,0.014414414414414415,True,True,True
6cnk,728,728,2,0.0027472527472527475,True,True,False
5lma,267,267,3,0.011235955056179775,True,True,False
2v10,334,334,10,0.029940119760479042,False,True,False
5k4l,577,577,6,0.010398613518197574,True,True,False
5uor,249,249,9,0.03614457831325301,True,True,False
6ez6,863,863,7,0.008111239860950173,True,False,False
3udn,394,394,6,0.015228426395939087,True,True,False
3wtl,416,416,8,0.019230769230769232,True,True,True
1vot,1058,1058,6,0.005671077504725898,True,True,False
5tyr,198,198,16,0.08080808080808081,True,True,False
2f1g,220,220,5,0.022727272727272728,True,True,True
6oyz,437,437,6,0.013729977116704805,True,True,False
3l0n,510,510,27,0.052941176470588235,True,True,False
4hyi,269,269,5,0.01858736059479554,False,True,False
3zqt,250,250,7,0.028,True,True,False
4n6y,273,273,5,0.018315018315018316,True,True,False
1lf3,331,331,12,0.03625377643504532,True,True,False
5vc5,261,261,8,0.03065134099616858,True,True,False
6en4,935,935,8,0.008556149732620321,True,True,False
2viz,371,371,15,0.04043126684636118,False,True,False
1s50,258,258,7,0.027131782945736434,True,True,False
1m5e,774,774,24,0.031007751937984496,True,True,False
4a6b,198,198,16,0.08080808080808081,True,True,True
3kah,145,145,7,0.04827586206896552,True,False,False
6qqz,412,412,10,0.024271844660194174,True,False,True
3rwp,277,277,8,0.02888086642599278,True,True,True
5jsm,528,528,24,0.045454545454545456,True,False,False
5mrd,283,283,5,0.0176678445229682,True,True,False
4k55,118,118,3,0.025423728813559324,True,True,True
3zxv,2850,2850,38,0.013333333333333334,True,False,False
2f1b,1014,1014,6,0.005917159763313609,True,True,False
2xde,137,137,7,0.051094890510948905,False,False,True
6en6,605,605,11,0.01818181818181818,True,True,False
2w6z,447,447,3,0.006711409395973154,False,True,False
4x7l,260,260,13,0.05,True,True,False
5akw,208,208,7,0.03365384615384615,True,True,False
5zt1,324,324,7,0.021604938271604937,True,True,False
1xp1,490,490,11,0.022448979591836733,True,True,False
2ov4,656,656,13,0.019817073170731708,True,True,False
5qa8,241,241,4,0.016597510373443983,True,True,True
4c38,354,354,6,0.01694915254237288,False,True,False
6s4n,235,235,27,0.1148936170212766,True,True,True
2xpa,146,146,5,0.03424657534246575,True,False,False
2g1q,330,330,10,0.030303030303030304,True,True,False
6nnr,526,526,15,0.028517110266159697,True,True,False
4i0z,390,390,9,0.023076923076923078,True,True,False
6gjl,165,165,9,0.05454545454545454,True,False,True
4ayx,1142,1142,9,0.00788091068301226,True,True,False
4amz,710,710,10,0.014084507042253521,True,True,False
4jvi,406,406,10,0.024630541871921183,True,True,False
3e3u,196,196,14,0.07142857142857142,True,True,False
4k60,213,213,5,0.023474178403755867,False,True,False
3fcf,223,223,11,0.04932735426008968,True,True,False
3dog,531,531,9,0.01694915254237288,True,True,False
3lxk,279,279,7,0.025089605734767026,True,False,True
4jg6,302,302,6,0.019867549668874173,True,False,False
6nm4,185,185,3,0.016216216216216217,True,True,False
4zxx,286,286,8,0.027972027972027972,False,True,False
3ddg,1015,1015,6,0.005911330049261084,True,True,True
4ajw,765,765,8,0.01045751633986928,True,True,False
6kjd,400,400,9,0.0225,True,True,True
4oct,210,210,2,0.009523809523809525,False,True,True
3wto,412,412,10,0.024271844660194174,True,True,True
1ndw,349,349,5,0.014326647564469915,True,True,True
1ie9,255,255,10,0.0392156862745098,True,True,True
4uix,126,126,4,0.031746031746031744,True,True,False
1xa5,144,144,8,0.05555555555555555,True,False,False
4xkc,225,225,9,0.04,True,True,False
4ocv,355,355,13,0.036619718309859155,True,True,False
5vsf,519,519,14,0.02697495183044316,True,True,True
2p0d,107,107,5,0.04672897196261682,True,True,False
2vj9,375,375,16,0.042666666666666665,False,True,False
5urm,1718,1718,5,0.002910360884749709,True,True,False
3vs3,434,434,10,0.02304147465437788,True,True,False
4xkx,363,363,10,0.027548209366391185,True,True,False
2qm7,625,625,21,0.0336,True,False,False
6p3u,396,396,6,0.015151515151515152,True,True,False
4q07,257,257,7,0.027237354085603113,True,True,False
4dht,456,456,6,0.013157894736842105,True,True,False
5nf5,509,509,9,0.01768172888015717,True,True,False
6hp9,297,297,8,0.026936026936026935,True,True,False
2xuf,534,534,9,0.016853932584269662,True,True,False
1rhr,432,432,9,0.020833333333333332,False,True,False
4n1u,153,153,10,0.06535947712418301,True,True,False
3f68,240,240,6,0.025,False,True,True
1hmr,131,131,9,0.06870229007633588,True,True,True
4kz8,358,358,8,0.0223463687150838,True,True,False
5h0b,446,446,12,0.026905829596412557,True,True,False
5lh4,220,220,9,0.04090909090909091,False,True,False
2iws,211,211,6,0.02843601895734597,False,True,False
3v5l,240,240,9,0.0375,True,False,False
3bc4,198,198,5,0.025252525252525252,True,True,False
4cc6,308,308,7,0.022727272727272728,True,False,False
4x7h,256,256,12,0.046875,True,True,False
4fak,326,326,9,0.027607361963190184,True,True,False
5dp7,181,181,10,0.055248618784530384,True,True,False
4m12,264,264,12,0.045454545454545456,True,True,True
6bln,263,263,12,0.045627376425855515,True,True,False
4mi3,1612,1612,12,0.007444168734491315,True,True,False
3mt9,1618,1618,14,0.00865265760197775,True,True,False
2i40,548,548,9,0.016423357664233577,True,True,False
1ppk,323,323,12,0.03715170278637771,True,True,True
2cll,1304,1304,12,0.009202453987730062,False,True,False
4oeu,493,493,1,0.002028397565922921,True,False,True
3rlr,219,219,8,0.0365296803652968,True,False,True
3djo,248,248,9,0.036290322580645164,True,True,True
3iny,288,288,2,0.006944444444444444,True,False,False
6gxq,333,333,4,0.012012012012012012,True,True,True
5qb2,241,241,8,0.03319502074688797,True,True,False
6bgu,309,309,6,0.019417475728155338,True,False,False
5h21,124,124,2,0.016129032258064516,True,True,False
5w8i,658,658,3,0.004559270516717325,True,True,False
1eat,229,229,9,0.039301310043668124,False,True,False
3h1x,121,121,2,0.01652892561983471,True,True,True
6czf,996,996,8,0.008032128514056224,True,False,True
2ri9,475,475,1,0.002105263157894737,True,True,True
4wm9,243,243,6,0.024691358024691357,True,True,False
1sdu,198,198,21,0.10606060606060606,True,True,True
6m89,237,237,11,0.046413502109704644,True,True,False
5ofi,484,484,11,0.022727272727272728,True,True,False
5ar7,557,557,27,0.04847396768402154,False,True,False
1pwu,747,747,6,0.008032128514056224,True,False,False
5lhi,666,666,7,0.010510510510510511,True,True,False
4mx1,268,268,11,0.041044776119402986,True,False,False
1zp8,198,198,8,0.04040404040404041,True,True,True
3npa,1618,1618,11,0.006798516687268232,True,True,False
2ygf,213,213,13,0.06103286384976526,True,True,True
6eks,749,749,9,0.012016021361815754,True,True,False
2xo8,776,776,3,0.003865979381443299,True,False,False
4qwi,648,648,11,0.016975308641975308,True,True,False
4qt1,277,277,5,0.018050541516245487,True,False,False
2bxu,246,246,4,0.016260162601626018,False,True,False
1gt1,314,314,13,0.041401273885350316,False,True,False
4mq1,345,345,10,0.028985507246376812,True,True,False
1qpb,2220,2220,4,0.0018018018018018018,True,True,False
3vbq,271,271,10,0.03690036900369004,True,True,False
6dil,198,198,12,0.06060606060606061,True,True,True
2lya,131,131,3,0.022900763358778626,True,True,False
4zpg,369,369,12,0.032520325203252036,True,True,False
6cyc,691,691,15,0.02170767004341534,True,True,False
3eos,712,712,11,0.01544943820224719,True,False,False
2arm,121,121,3,0.024793388429752067,True,True,True
4w4x,342,342,6,0.017543859649122806,True,True,False
1q91,194,194,11,0.05670103092783505,True,True,True
2g5p,1452,1452,9,0.006198347107438017,True,True,False
3au6,562,562,4,0.0071174377224199285,True,False,False
4n9c,939,939,6,0.006389776357827476,True,False,True
4xt2,227,227,6,0.02643171806167401,True,True,True
6oin,271,271,10,0.03690036900369004,True,True,False
4ivk,404,404,6,0.01485148514851485,True,True,False
4cki,586,586,4,0.006825938566552901,True,True,False
5fi2,820,820,11,0.013414634146341463,True,True,False
5i56,566,566,11,0.019434628975265017,True,True,False
4bcs,484,484,19,0.03925619834710744,True,True,True
5odx,209,209,7,0.03349282296650718,True,False,True
3o7u,2532,2532,2,0.0007898894154818325,True,True,True
6dlj,704,704,6,0.008522727272727272,True,True,False
4bjb,200,200,6,0.03,True,True,False
3qxm,250,250,7,0.028,True,True,False
6r7k,252,252,9,0.03571428571428571,True,True,False
5ut0,272,272,7,0.025735294117647058,True,False,False
4kn1,205,205,16,0.07804878048780488,True,True,True
5htb,328,328,11,0.03353658536585366,True,True,False
4p4d,687,687,8,0.011644832605531296,True,True,False
1amk,500,500,8,0.016,True,True,True
4o3c,524,524,5,0.009541984732824428,True,True,True
1w12,228,228,12,0.05263157894736842,False,True,False
5kbh,403,403,12,0.02977667493796526,True,True,False
4nbl,500,500,6,0.012,True,True,True
4b3c,224,224,1,0.004464285714285714,True,False,True
6pvz,188,188,6,0.031914893617021274,True,True,True
4uin,435,435,4,0.009195402298850575,True,True,True
5i80,126,126,5,0.03968253968253968,True,False,True
1xom,326,326,6,0.018404907975460124,True,True,False
2byr,1058,1058,28,0.026465028355387523,True,True,True
5g1n,919,919,30,0.03264417845484222,True,True,False
3u90,168,168,3,0.017857142857142856,True,True,True
3evf,261,261,14,0.05363984674329502,True,True,False
2x7x,601,601,15,0.024958402662229616,True,True,False
3c4f,290,290,8,0.027586206896551724,True,False,False
3v4v,1385,1385,4,0.002888086642599278,True,False,False
4zla,1451,1451,17,0.01171605789110958,True,True,False
3ad7,1653,1653,1,0.0006049606775559589,True,True,False
5ekn,336,336,9,0.026785714285714284,True,True,False
6bq0,563,563,13,0.023090586145648313,True,True,False
3ckt,198,198,14,0.0707070707070707,True,True,False
5obr,255,255,4,0.01568627450980392,True,True,False
1ex8,158,158,20,0.12658227848101267,True,True,True
2ivu,576,576,9,0.015625,True,True,False
5hcv,236,236,6,0.025423728813559324,True,True,True
6f92,1520,1520,7,0.004605263157894736,True,True,True
6gxb,257,257,7,0.027237354085603113,True,True,True
6hlz,316,316,8,0.02531645569620253,True,True,False
4zlz,270,270,5,0.018518518518518517,True,True,False
4b5s,1506,1506,10,0.006640106241699867,True,True,True
5a5z,236,236,3,0.012711864406779662,True,True,False
6ilq,261,261,9,0.034482758620689655,True,True,False
5a3t,454,454,6,0.013215859030837005,True,True,False
6axq,112,112,4,0.03571428571428571,True,False,False
1d4y,198,198,10,0.050505050505050504,True,True,True
3zvt,466,466,3,0.006437768240343348,True,True,False
1h1h,134,134,2,0.014925373134328358,True,True,False
4nrt,500,500,7,0.014,True,True,False
1jn2,237,237,5,0.02109704641350211,True,False,False
6b7b,472,472,10,0.0211864406779661,True,False,True
4ci1,1457,1457,6,0.004118050789293068,True,True,False
5n3y,316,316,11,0.03481012658227848,True,True,True
3of8,221,221,8,0.03619909502262444,True,True,False
5hkm,272,272,8,0.029411764705882353,True,False,False
4hvi,274,274,4,0.014598540145985401,True,False,False
3h78,665,665,16,0.02406015037593985,True,True,True
5jjs,849,849,11,0.012956419316843345,True,True,False
5npb,780,780,9,0.011538461538461539,True,True,False
2hny,923,923,9,0.009750812567713976,True,True,False
1e1x,290,290,5,0.017241379310344827,True,True,True
5he1,618,618,11,0.01779935275080906,True,False,False
5m2v,504,504,13,0.025793650793650792,True,True,False
3ho2,822,822,8,0.009732360097323601,True,True,False
6afj,374,374,5,0.013368983957219251,True,True,False
4wr8,342,342,11,0.03216374269005848,True,True,False
5ep7,119,119,3,0.025210084033613446,True,True,True
3qtv,242,242,5,0.02066115702479339,False,False,True
5qj3,567,567,8,0.014109347442680775,True,False,False
1xot,644,644,10,0.015527950310559006,True,False,False
6a3n,644,644,9,0.013975155279503106,True,True,False
5mxk,386,386,5,0.012953367875647668,True,True,False
5d3h,125,125,10,0.08,True,False,True
3kqa,418,418,3,0.007177033492822967,True,True,False
3c7q,286,286,7,0.024475524475524476,True,True,False
5nr8,377,377,9,0.023872679045092837,True,False,False
3lfs,290,290,9,0.03103448275862069,True,False,False
4ddh,568,568,8,0.014084507042253521,True,True,True
3ebo,1618,1618,5,0.0030902348578491965,True,True,True
2viq,229,229,4,0.017467248908296942,False,True,False
6as6,712,712,5,0.007022471910112359,True,True,False
2vcx,396,396,4,0.010101010101010102,True,False,False
5bwb,532,532,8,0.015037593984962405,True,True,False
6ey7,225,225,4,0.017777777777777778,True,True,False
4av5,158,158,9,0.056962025316455694,True,True,True
6jsz,474,474,7,0.014767932489451477,True,True,False
3cjf,276,276,6,0.021739130434782608,True,False,False
4u6z,304,304,9,0.029605263157894735,True,True,True
4fht,283,283,10,0.0353356890459364,True,True,True
6b30,215,215,7,0.03255813953488372,True,True,False
2upj,198,198,10,0.050505050505050504,True,True,False
3fv1,256,256,8,0.03125,True,True,True
2xxw,501,501,13,0.02594810379241517,True,True,False
6g6t,257,257,1,0.0038910505836575876,False,True,True
4jsz,257,257,7,0.027237354085603113,True,True,True
4bqg,209,209,6,0.028708133971291867,True,True,True
6afl,374,374,7,0.01871657754010695,True,True,False
3mbl,580,580,8,0.013793103448275862,True,True,False
4alv,274,274,7,0.025547445255474453,True,True,False
5f6v,156,156,4,0.02564102564102564,True,True,False
3n75,3550,3550,32,0.009014084507042254,True,False,False
3po1,276,276,7,0.025362318840579712,True,True,True
4q4o,736,736,8,0.010869565217391304,True,False,True
6oxr,198,198,18,0.09090909090909091,True,True,False
1uwt,1938,1938,14,0.007223942208462332,True,True,True
4ej8,198,198,5,0.025252525252525252,True,False,True
4ge2,298,298,12,0.040268456375838924,True,True,False
1nq0,253,253,6,0.023715415019762844,True,True,False
1w4p,124,124,5,0.04032258064516129,True,True,True
3io7,282,282,3,0.010638297872340425,True,True,False
5iub,388,388,6,0.015463917525773196,True,True,False
6d1m,259,259,9,0.03474903474903475,True,True,False
2nsx,497,497,2,0.004024144869215292,True,True,False
1inh,1552,1552,12,0.007731958762886598,True,True,False
1g4k,168,168,4,0.023809523809523808,True,True,False
4ks2,1528,1528,9,0.0058900523560209425,False,True,False
5ox6,222,222,3,0.013513513513513514,True,True,False
5d25,124,124,10,0.08064516129032258,True,False,True
1njd,632,632,5,0.007911392405063292,True,True,True
2v0z,330,330,11,0.03333333333333333,False,True,False
1oiq,264,264,5,0.01893939393939394,True,True,False
4ie3,918,918,21,0.02287581699346405,True,False,False
5k0h,278,278,12,0.04316546762589928,False,True,True
6s7s,901,901,12,0.013318534961154272,False,True,False
2fr3,137,137,10,0.072992700729927,True,True,False
4j53,293,293,4,0.013651877133105802,True,True,False
3suw,504,504,9,0.017857142857142856,True,True,True
4j1p,113,113,6,0.05309734513274336,False,True,False
3tlh,198,198,7,0.03535353535353535,True,True,False
1c8k,1660,1660,6,0.0036144578313253013,True,True,False
4bqw,216,216,3,0.013888888888888888,True,True,False
2x7t,257,257,4,0.01556420233463035,True,True,True
3f0r,364,364,3,0.008241758241758242,True,True,False
4fpk,658,658,8,0.0121580547112462,True,True,False
4ktc,175,175,14,0.08,True,True,False
1c5c,425,425,6,0.01411764705882353,False,True,True
6a05,364,364,12,0.03296703296703297,True,False,False
4gbd,869,869,8,0.009205983889528193,True,True,True
5ldk,172,172,5,0.029069767441860465,True,True,False
1q0b,331,331,9,0.027190332326283987,True,True,False
3bu1,144,144,5,0.034722222222222224,True,False,True
6r0v,110,110,6,0.05454545454545454,True,True,True
5dus,165,165,14,0.08484848484848485,True,True,True
4ge7,854,854,27,0.03161592505854801,True,True,False
1il3,267,267,5,0.018726591760299626,True,False,False
1c1v,245,245,6,0.024489795918367346,False,False,True
5eyk,285,285,10,0.03508771929824561,True,True,False
5cp5,127,127,9,0.07086614173228346,True,True,True
4h3j,390,390,9,0.023076923076923078,True,True,True
1m5w,1936,1936,33,0.017045454545454544,True,True,True
3f33,4032,4032,4,0.000992063492063492,True,True,True
6ggf,196,196,5,0.025510204081632654,True,True,True
4m7x,546,546,8,0.014652014652014652,True,True,False
4uc5,692,692,17,0.024566473988439308,True,True,True
4gq4,469,469,3,0.006396588486140725,False,True,True
4p45,690,690,10,0.014492753623188406,True,True,False
6udy,151,151,8,0.052980132450331126,True,True,False
5mby,967,967,4,0.004136504653567736,True,True,True
4lxd,143,143,10,0.06993006993006994,True,True,True
5ehr,485,485,6,0.012371134020618556,True,True,True
4p75,2060,2060,8,0.003883495145631068,True,False,False
3hiv,257,257,9,0.03501945525291829,True,False,False
2y2p,932,932,6,0.006437768240343348,True,True,False
1yc5,234,234,4,0.017094017094017096,True,True,False
4to8,557,557,13,0.02333931777378815,True,True,False
4efk,554,554,7,0.01263537906137184,True,True,True
5vcv,287,287,6,0.020905923344947737,True,True,True
6dh1,198,198,15,0.07575757575757576,True,True,True
5cp9,346,346,4,0.011560693641618497,True,True,True
1a0q,412,412,10,0.024271844660194174,False,True,False
6aol,217,217,8,0.03686635944700461,True,True,False
4m6q,941,941,32,0.03400637619553666,True,True,False
4ie5,440,440,7,0.015909090909090907,True,True,False
6n54,210,210,11,0.05238095238095238,True,False,False
4oc2,1388,1388,11,0.00792507204610951,True,True,True
5ia0,263,263,9,0.034220532319391636,True,True,True
4nw6,302,302,9,0.029801324503311258,True,False,False
1jjt,220,220,8,0.03636363636363636,True,True,False
3gdt,512,512,22,0.04296875,True,True,True
5q10,227,227,10,0.04405286343612335,True,True,False
1h37,620,620,10,0.016129032258064516,False,True,False
5f2r,381,381,14,0.03674540682414698,True,True,True
4ui3,208,208,7,0.03365384615384615,True,True,False
4j70,1034,1034,9,0.008704061895551257,True,True,False
4tq3,283,283,7,0.024734982332155476,True,True,False
3gvu,271,271,19,0.07011070110701106,True,True,True
2r2w,228,228,7,0.03070175438596491,False,True,True
4s2i,259,259,8,0.03088803088803089,True,True,False
5iyy,156,156,7,0.04487179487179487,True,True,True
1hk4,582,582,6,0.010309278350515464,True,True,True
2za3,631,631,26,0.04120443740095087,True,True,False
5u12,537,537,11,0.020484171322160148,True,False,True
3b27,215,215,7,0.03255813953488372,True,True,True
1cet,1196,1196,5,0.004180602006688963,False,True,True
3eks,374,374,9,0.02406417112299465,True,True,False
4b5d,1055,1055,22,0.02085308056872038,True,True,True
4qmv,288,288,8,0.027777777777777776,True,True,False
4i1r,706,706,6,0.0084985835694051,True,True,False
4wku,712,712,7,0.009831460674157303,True,False,False
1uys,1308,1308,12,0.009174311926605505,False,True,False
5ngs,154,154,5,0.032467532467532464,True,False,False
3kgp,226,226,5,0.022123893805309734,False,True,True
4rce,364,364,8,0.02197802197802198,True,True,False
5abe,681,681,7,0.010279001468428781,True,True,False
6c7f,339,339,7,0.02064896755162242,True,True,False
6nwk,249,249,10,0.040160642570281124,True,True,True
6gg5,508,508,5,0.00984251968503937,True,False,False
2aoc,198,198,19,0.09595959595959595,True,True,True
1g1d,258,258,5,0.01937984496124031,True,True,True
2wou,299,299,8,0.026755852842809364,True,True,False
1vj5,1090,1090,4,0.003669724770642202,False,True,False
3ika,310,310,4,0.012903225806451613,True,True,False
5x72,149,149,12,0.08053691275167785,True,True,False
1afk,124,124,8,0.06451612903225806,True,True,True
3u78,366,366,2,0.00546448087431694,True,True,False
3h0j,1362,1362,13,0.009544787077826725,True,True,False
4bcb,710,710,10,0.014084507042253521,True,True,False
4mzo,218,218,9,0.04128440366972477,True,True,False
4cr9,440,440,5,0.011363636363636364,False,True,True
5ezx,374,374,7,0.01871657754010695,True,True,False
3qj9,1093,1093,17,0.01555352241537054,True,True,False
3tpp,375,375,18,0.048,True,True,False
6o68,261,261,3,0.011494252873563218,True,True,False
5aad,252,252,6,0.023809523809523808,True,False,False
2ewa,330,330,8,0.024242424242424242,True,False,True
2ybs,348,348,5,0.014367816091954023,True,True,False
1nt1,241,241,6,0.024896265560165973,False,True,True
2o7e,2054,2054,46,0.022395326192794548,True,True,False
4ear,852,852,21,0.02464788732394366,True,False,False
6gcw,513,513,15,0.029239766081871343,True,True,False
4kn7,3646,3646,11,0.0030170049369171695,True,True,False
3uok,265,265,6,0.022641509433962263,True,True,False
4ysl,587,587,15,0.02555366269165247,True,True,True
4hld,394,394,14,0.03553299492385787,True,True,False
6i8b,194,194,15,0.07731958762886598,True,True,False
1hvj,198,198,13,0.06565656565656566,True,True,True
2o3z,534,534,8,0.0149812734082397,True,True,False
3mks,1155,1155,6,0.005194805194805195,True,True,False
3anr,342,342,8,0.023391812865497075,True,False,False
1dzp,296,296,8,0.02702702702702703,True,True,False
4zx0,257,257,3,0.011673151750972763,True,True,True
2vtq,274,274,5,0.01824817518248175,True,False,False
3ekw,198,198,19,0.09595959595959595,True,True,True
6h4s,335,335,3,0.008955223880597015,True,True,False
5e0g,173,173,6,0.03468208092485549,True,True,False
4eb9,204,204,17,0.08333333333333333,True,True,False
2cbs,137,137,9,0.06569343065693431,True,True,False
6oip,271,271,10,0.03690036900369004,True,True,False
2fm2,369,369,13,0.03523035230352303,True,True,False
4zjj,280,280,9,0.03214285714285714,True,True,False
3vi7,396,396,6,0.015151515151515152,True,True,False
1kc7,1744,1744,4,0.0022935779816513763,True,True,True
5jha,803,803,8,0.009962640099626401,True,True,False
3e0p,211,211,12,0.05687203791469194,False,True,False
4zw6,889,889,10,0.01124859392575928,True,True,True
4yoj,612,612,7,0.011437908496732025,True,True,False
4cxw,431,431,10,0.02320185614849188,True,True,False
1qbv,240,240,7,0.029166666666666667,False,True,True
4iif,1665,1665,19,0.011411411411411412,True,True,True
1q6n,289,289,14,0.04844290657439446,True,True,False
3uwo,194,194,6,0.030927835051546393,True,True,False
4bdi,580,580,6,0.010344827586206896,True,True,False
4n8q,691,691,7,0.010130246020260492,True,True,True
5bvd,330,330,9,0.02727272727272727,True,True,False
5wyq,478,478,15,0.03138075313807531,True,True,False
5eol,273,273,10,0.03663003663003663,True,False,False
2oji,344,344,7,0.020348837209302327,True,False,False
6ak5,331,331,10,0.030211480362537766,True,False,False
2fov,258,258,14,0.05426356589147287,True,False,False
4fm7,394,394,9,0.02284263959390863,True,True,True
4zw7,888,888,9,0.010135135135135136,True,True,True
5ea3,419,419,4,0.00954653937947494,True,True,False
3wyj,441,441,14,0.031746031746031744,True,True,False
5wdl,745,745,14,0.01879194630872483,True,True,False
4dk5,834,834,10,0.011990407673860911,True,True,False
2xwe,496,496,9,0.018145161290322582,True,True,False
6fgc,824,824,6,0.007281553398058253,True,True,False
5eqp,701,701,8,0.011412268188302425,True,True,True
6ge7,162,162,7,0.043209876543209874,True,True,True
4njd,290,290,5,0.017241379310344827,True,False,False
6mx8,282,282,2,0.0070921985815602835,True,True,False
4kpx,1350,1350,14,0.01037037037037037,True,True,False
3g35,259,259,14,0.05405405405405406,True,False,True
3el8,263,263,10,0.03802281368821293,True,True,False
4bvb,273,273,9,0.03296703296703297,True,False,False
6hb7,824,824,25,0.03033980582524272,True,True,False
5ni8,252,252,13,0.051587301587301584,True,True,False
2e9u,269,269,5,0.01858736059479554,True,True,True
3oki,230,230,10,0.043478260869565216,True,True,False
4dt2,852,852,6,0.007042253521126761,True,True,False
1y2h,322,322,6,0.018633540372670808,True,True,False
4btw,1414,1414,13,0.009193776520509194,True,False,False
3djf,832,832,15,0.018028846153846152,True,False,False
3nnw,349,349,10,0.02865329512893983,True,True,False
4z7f,331,331,15,0.045317220543806644,True,False,False
4wiv,127,127,10,0.07874015748031496,True,True,True
3amv,1622,1622,7,0.004315659679408138,True,True,False
6bee,1613,1613,8,0.0049597024178549285,True,True,False
4kii,156,156,10,0.0641025641025641,True,False,False
1m2r,327,327,10,0.03058103975535168,True,True,True
2hnx,136,136,7,0.051470588235294115,True,True,True
6gjr,165,165,10,0.06060606060606061,True,True,True
2qtt,493,493,5,0.010141987829614604,True,False,True
6pvv,124,124,7,0.056451612903225805,True,True,True
4e1k,1350,1350,12,0.008888888888888889,True,True,True
4itp,257,257,4,0.01556420233463035,True,True,True
2iwx,214,214,8,0.037383177570093455,True,True,True
2pql,144,144,8,0.05555555555555555,True,False,True
3rqw,1535,1535,16,0.010423452768729642,True,True,False
6dz0,822,822,4,0.004866180048661801,True,False,True
3jq7,977,977,31,0.03172978505629478,True,True,False
3tsk,159,159,11,0.06918238993710692,True,True,True
3c5u,676,676,20,0.029585798816568046,True,True,False
2y5g,281,281,4,0.014234875444839857,False,True,True
1n0t,514,514,19,0.03696498054474708,True,True,False
3vw7,442,442,10,0.02262443438914027,True,True,False
4yv0,559,559,6,0.01073345259391771,True,True,False
4qz6,648,648,7,0.010802469135802469,True,True,False
6bh0,291,291,6,0.020618556701030927,True,False,False
3kr1,525,525,10,0.01904761904761905,True,False,False
3vbw,264,264,6,0.022727272727272728,True,True,False
3w07,430,430,11,0.02558139534883721,True,True,True
5e1s,284,284,7,0.02464788732394366,True,True,True
2ga2,369,369,3,0.008130081300813009,True,True,False
4uw1,209,209,6,0.028708133971291867,True,True,False
6hzy,875,875,14,0.016,True,True,True
2z97,405,405,8,0.019753086419753086,True,True,False
4ohm,585,585,6,0.010256410256410256,True,True,False
6dyu,464,464,9,0.01939655172413793,True,False,True
3fgc,667,667,10,0.014992503748125937,True,True,False
4ptc,689,689,12,0.01741654571843251,True,True,False
4agm,197,197,4,0.02030456852791878,True,True,True
5zc5,226,226,6,0.02654867256637168,False,True,True
5zh2,464,464,4,0.008620689655172414,True,True,False
6q39,918,918,25,0.027233115468409588,True,False,False
3d28,557,557,8,0.01436265709156194,True,True,False
4yxd,479,479,8,0.016701461377870562,True,True,False
1p28,119,119,3,0.025210084033613446,True,True,False
5i2r,312,312,7,0.022435897435897436,True,True,False
5htc,328,328,15,0.04573170731707317,True,True,False
5hcl,127,127,2,0.015748031496062992,True,True,False
3twd,666,666,11,0.016516516516516516,True,True,False
1df8,476,476,15,0.031512605042016806,True,True,True
3byo,270,270,8,0.02962962962962963,True,True,False
3ral,277,277,8,0.02888086642599278,True,True,False
3da6,328,328,10,0.03048780487804878,True,False,False
6j0k,382,382,14,0.03664921465968586,True,True,False
5enf,123,123,2,0.016260162601626018,True,True,False
4c94,161,161,3,0.018633540372670808,True,True,False
3o95,1460,1460,12,0.00821917808219178,True,True,False
2cn8,532,532,9,0.016917293233082706,True,False,False
3q0z,551,551,13,0.023593466424682397,True,True,False
5ey8,598,598,9,0.015050167224080268,True,True,False
1aid,198,198,6,0.030303030303030304,True,True,True
3dgl,69,69,7,0.10144927536231885,True,True,False
3f19,158,158,4,0.02531645569620253,True,True,True
2ybk,349,349,6,0.017191977077363897,True,True,False
6oxs,198,198,18,0.09090909090909091,True,True,False
4olh,585,585,7,0.011965811965811967,True,True,False
6bfx,389,389,12,0.030848329048843187,True,True,False
6hhr,208,208,6,0.028846153846153848,True,True,True
5jf3,202,202,4,0.019801980198019802,True,True,False
2fqw,316,316,8,0.02531645569620253,True,True,True
6s9x,382,382,13,0.034031413612565446,True,True,False
5hki,343,343,4,0.011661807580174927,True,True,False
2b1g,1180,1180,10,0.00847457627118644,True,True,True
3fyj,846,846,6,0.0070921985815602835,True,True,False
5lwd,316,316,9,0.028481012658227847,True,True,True
4k2y,210,210,5,0.023809523809523808,False,True,False
4ty7,229,229,10,0.043668122270742356,False,False,True
1hvk,198,198,17,0.08585858585858586,True,True,True
3vvz,368,368,17,0.04619565217391304,True,True,False
3os3,272,272,7,0.025735294117647058,True,True,False
5tcy,289,289,8,0.02768166089965398,True,True,True
4ntj,369,369,10,0.02710027100271003,True,True,False
5xsu,346,346,6,0.017341040462427744,True,False,False
4wz6,258,258,10,0.03875968992248062,True,True,False
4dbn,520,520,22,0.04230769230769231,True,True,False
4mk1,200,200,7,0.035,True,True,False
3bsc,557,557,7,0.012567324955116697,True,True,False
4qpa,331,331,5,0.015105740181268883,True,False,False
4yps,280,280,6,0.02142857142857143,True,True,False
3gus,417,417,5,0.011990407673860911,True,True,False
5ya5,273,273,7,0.02564102564102564,True,False,True
2vd7,350,350,4,0.011428571428571429,True,True,False
1ajn,763,763,4,0.005242463958060288,True,True,True
2ya6,470,470,10,0.02127659574468085,True,True,True
1a99,682,682,13,0.01906158357771261,True,True,True
4hvg,281,281,6,0.021352313167259787,True,False,False
3vzv,85,85,3,0.03529411764705882,True,True,False
5aia,547,547,8,0.014625228519195612,False,True,False
5aqz,390,390,6,0.015384615384615385,True,True,True
6d17,270,270,8,0.02962962962962963,True,True,True
2wq5,357,357,5,0.014005602240896359,True,True,True
2p3c,196,196,15,0.07653061224489796,True,True,True
5fv7,283,283,2,0.007067137809187279,True,True,False
6qqq,416,416,13,0.03125,True,False,True
4lps,215,215,12,0.05581395348837209,True,False,True
5abh,677,677,7,0.0103397341211226,True,True,False
5ahu,714,714,16,0.022408963585434174,True,True,False
2ydk,263,263,8,0.030418250950570342,True,True,False
6r7d,446,446,25,0.05605381165919283,True,True,False
4mk7,557,557,6,0.010771992818671455,True,True,False
5vc6,259,259,7,0.02702702702702703,True,True,False
1y2c,326,326,6,0.018404907975460124,True,True,False
4quo,847,847,14,0.01652892561983471,True,True,False
2vey,298,298,8,0.026845637583892617,False,False,False
5may,454,454,1,0.0022026431718061676,True,True,False
6rk4,93,93,6,0.06451612903225806,True,True,False
6tl2,494,494,3,0.006072874493927126,True,True,False
3g9e,258,258,5,0.01937984496124031,True,True,False
5ufp,214,214,4,0.018691588785046728,True,True,True
4k8s,371,371,10,0.026954177897574125,True,True,False
4olc,616,616,2,0.003246753246753247,True,True,False
3su4,192,192,17,0.08854166666666667,True,True,True
4cik,81,81,5,0.06172839506172839,True,True,False
3erk,350,350,5,0.014285714285714285,True,True,False
5kcv,353,353,11,0.031161473087818695,True,True,False
4z22,329,329,3,0.00911854103343465,True,True,False
4asd,305,305,11,0.036065573770491806,True,True,True
5umx,242,242,12,0.049586776859504134,True,True,True
6mo4,299,299,7,0.023411371237458192,True,True,False
4bco,556,556,9,0.01618705035971223,True,True,True
6f8r,646,646,11,0.017027863777089782,True,True,False
6s55,130,130,12,0.09230769230769231,True,True,False
3fu6,606,606,7,0.01155115511551155,True,True,False
5mts,158,158,11,0.06962025316455696,True,True,False
3iae,2216,2216,38,0.017148014440433214,True,True,True
5tzh,341,341,8,0.02346041055718475,True,True,False
5q1e,224,224,10,0.044642857142857144,True,False,False
2vzr,125,125,5,0.04,True,True,True
5kks,790,790,20,0.02531645569620253,True,False,False
5d6q,186,186,5,0.026881720430107527,True,False,False
5ntt,276,276,7,0.025362318840579712,True,True,False
6few,291,291,9,0.030927835051546393,True,False,False
4d1b,456,456,7,0.015350877192982455,True,True,False
5xpn,239,239,9,0.03765690376569038,True,True,False
3fmz,174,174,7,0.040229885057471264,True,True,False
3u6j,308,308,9,0.02922077922077922,True,True,False
5ks7,245,245,13,0.053061224489795916,True,True,False
2yir,572,572,10,0.017482517482517484,True,False,False
3djv,248,248,15,0.06048387096774194,True,True,True
4g95,186,186,9,0.04838709677419355,True,True,True
5wev,293,293,5,0.017064846416382253,True,False,False
5d6p,192,192,8,0.041666666666666664,True,False,False
1qkn,456,456,10,0.021929824561403508,True,True,False
5nz2,465,465,5,0.010752688172043012,True,True,False
5ji8,100,100,5,0.05,True,True,True
5kh3,101,101,4,0.039603960396039604,True,True,True
4eki,319,319,13,0.04075235109717868,True,True,False
2fum,263,263,6,0.022813688212927757,True,True,False
3grj,355,355,1,0.0028169014084507044,False,False,False
4alx,1007,1007,32,0.031777557100297914,True,True,True
3s2o,378,378,4,0.010582010582010581,False,True,False
6d1k,229,229,3,0.013100436681222707,True,True,True
6d15,270,270,8,0.02962962962962963,True,True,True
2ay7,782,782,6,0.0076726342710997444,True,True,False
2ohs,374,374,7,0.01871657754010695,True,True,False
3ouj,226,226,6,0.02654867256637168,True,True,True
2rox,468,468,4,0.008547008547008548,True,True,False
6c4d,267,267,8,0.0299625468164794,True,True,False
4css,155,155,10,0.06451612903225806,True,True,True
5fbn,256,256,12,0.046875,False,True,False
6csp,356,356,6,0.016853932584269662,True,True,True
4y87,322,322,5,0.015527950310559006,True,True,False
2xui,536,536,14,0.026119402985074626,True,True,False
4jyu,286,286,7,0.024475524475524476,False,True,False
3ti6,1528,1528,16,0.010471204188481676,False,True,False
1hsg,198,198,20,0.10101010101010101,True,True,False
3lbz,244,244,11,0.045081967213114756,True,True,False
2vnm,375,375,20,0.05333333333333334,False,True,False
3e85,154,154,17,0.11038961038961038,True,True,False
4uvy,208,208,7,0.03365384615384615,True,True,False
4llk,330,330,6,0.01818181818181818,True,True,True
2aia,192,192,9,0.046875,True,True,False
3kx1,213,213,4,0.018779342723004695,True,True,False
5zr3,212,212,9,0.04245283018867924,True,True,False
5xvg,292,292,9,0.030821917808219176,True,False,True
1tkz,917,917,9,0.009814612868047983,True,True,False
4zw5,889,889,8,0.008998875140607425,True,True,True
6h7l,518,518,15,0.02895752895752896,True,True,False
5fe9,109,109,6,0.05504587155963303,True,True,True
3bl7,575,575,10,0.017391304347826087,True,True,False
2f34,251,251,10,0.0398406374501992,True,True,True
4q08,257,257,4,0.01556420233463035,True,True,True
3d8z,124,124,3,0.024193548387096774,True,True,True
5aib,547,547,4,0.007312614259597806,True,True,False
1nf8,414,414,9,0.021739130434782608,True,True,True
5t27,819,819,5,0.006105006105006105,True,True,False
4azi,410,410,9,0.02195121951219512,True,True,True
6cj5,271,271,5,0.01845018450184502,True,True,False
5osk,858,858,7,0.008158508158508158,True,True,False
1f8e,1544,1544,10,0.006476683937823834,False,True,True
4f6v,281,281,4,0.014234875444839857,True,True,False
3uza,291,291,9,0.030927835051546393,True,True,False
6bkw,265,265,12,0.045283018867924525,True,True,False
2yge,214,214,12,0.056074766355140186,True,True,True
5sz6,257,257,5,0.019455252918287938,True,True,True
4yv5,244,244,22,0.09016393442622951,True,True,False
4j0v,379,379,5,0.013192612137203167,True,True,False
2uyn,377,377,19,0.050397877984084884,True,True,True
5qa5,241,241,5,0.02074688796680498,True,True,False
5nb6,213,213,9,0.04225352112676056,False,True,False
2f9k,686,686,8,0.011661807580174927,True,True,True
5w99,319,319,7,0.0219435736677116,True,True,False
5j3s,236,236,4,0.01694915254237288,True,False,False
1u0h,708,708,10,0.014124293785310734,True,True,False
3sus,504,504,5,0.00992063492063492,True,True,True
4umu,316,316,10,0.03164556962025317,True,True,False
3my5,558,558,3,0.005376344086021506,True,True,False
1lrt,1346,1346,46,0.03417533432392273,True,True,False
3q2g,282,282,5,0.01773049645390071,True,True,False
4wlb,248,248,9,0.036290322580645164,True,True,False
5qa7,241,241,3,0.012448132780082987,True,True,False
5nxg,257,257,6,0.023346303501945526,True,True,True
3kqm,525,525,5,0.009523809523809525,True,False,False
1hi4,135,135,7,0.05185185185185185,True,True,True
3eig,186,186,10,0.053763440860215055,True,True,False
3que,343,343,8,0.023323615160349854,True,True,False
2bdy,276,276,14,0.050724637681159424,True,True,False
3bmy,213,213,8,0.03755868544600939,True,True,False
4xoe,279,279,10,0.035842293906810034,True,True,True
1h4n,257,257,3,0.011673151750972763,True,True,False
4nh8,209,209,8,0.03827751196172249,True,True,True
3e4a,961,961,9,0.009365244536940686,True,True,False
6fmc,158,158,8,0.05063291139240506,True,True,True
1you,168,168,4,0.023809523809523808,True,True,False
5acb,572,572,7,0.012237762237762238,True,False,False
2qmg,390,390,12,0.03076923076923077,True,True,True
1r5n,408,408,10,0.024509803921568627,True,True,False
3cy2,271,271,5,0.01845018450184502,True,True,False
5wa6,178,178,4,0.02247191011235955,True,True,False
6qlo,138,138,6,0.043478260869565216,True,True,True
1eoc,435,435,6,0.013793103448275862,False,True,True
3h0y,500,500,6,0.012,True,True,False
4rx8,269,269,8,0.02973977695167286,True,False,False
2xow,179,179,4,0.0223463687150838,True,True,False
4io5,484,484,11,0.022727272727272728,True,True,True
2std,486,486,13,0.026748971193415638,True,True,True
5ap6,262,262,6,0.022900763358778626,True,True,False
5q0r,224,224,13,0.05803571428571429,True,True,False
3qio,136,136,2,0.014705882352941176,True,True,False
6qyp,151,151,7,0.046357615894039736,True,True,False
3uoh,264,264,6,0.022727272727272728,True,True,False
1bsk,166,166,8,0.04819277108433735,True,True,False
1gaf,431,431,6,0.013921113689095127,True,True,True
4gii,289,289,5,0.01730103806228374,True,True,True
6g91,344,344,3,0.00872093023255814,True,True,False
5emm,1250,1250,6,0.0048,True,True,False
5cxz,269,269,8,0.02973977695167286,True,True,False
6jof,412,412,5,0.012135922330097087,True,True,True
5vew,422,422,6,0.014218009478672985,True,True,False
5em8,303,303,6,0.019801980198019802,True,True,False
3cqu,318,318,6,0.018867924528301886,True,False,False
6s7k,900,900,16,0.017777777777777778,True,True,False
3jzf,827,827,8,0.009673518742442563,True,True,False
6mhc,488,488,13,0.02663934426229508,True,True,False
4oc4,1380,1380,9,0.006521739130434782,True,True,False
5koq,335,335,9,0.026865671641791045,True,True,False
3g0c,1452,1452,13,0.008953168044077135,True,True,False
3fuf,607,607,3,0.004942339373970346,True,False,False
4urz,622,622,8,0.012861736334405145,False,True,True
2vj8,610,610,12,0.019672131147540985,True,True,True
4w55,164,164,6,0.036585365853658534,True,True,False
3r8z,290,290,5,0.017241379310344827,True,True,False
3qin,137,137,2,0.014598540145985401,True,True,False
3rt6,516,516,4,0.007751937984496124,True,True,False
3svj,192,192,6,0.03125,True,True,False
3rlp,217,217,8,0.03686635944700461,True,True,True
4y2q,546,546,4,0.007326007326007326,True,True,True
4uyh,109,109,6,0.05504587155963303,True,True,False
1d5r,307,307,8,0.026058631921824105,True,True,False
3jwr,323,323,7,0.021671826625386997,True,False,False
5nsx,208,208,6,0.028846153846153848,True,False,False
2oc7,370,370,10,0.02702702702702703,True,True,False
4k5m,889,889,4,0.0044994375703037125,True,True,False
5l2y,286,286,9,0.03146853146853147,False,True,False
4uib,304,304,11,0.03618421052631579,False,True,False
5v4q,532,532,6,0.011278195488721804,True,True,False
6qz8,153,153,9,0.058823529411764705,True,True,False
6p84,1011,1011,23,0.02274975272007913,True,True,True
5fnc,418,418,8,0.019138755980861243,False,True,True
1mu6,241,241,4,0.016597510373443983,False,True,True
3dcw,257,257,4,0.01556420233463035,True,True,False
5ywx,396,396,12,0.030303030303030304,True,True,False
4wop,450,450,12,0.02666666666666667,True,True,True
3vqh,364,364,6,0.016483516483516484,True,True,False
5wzu,123,123,9,0.07317073170731707,True,True,False
6aps,364,364,25,0.06868131868131869,True,False,False
4uiz,127,127,1,0.007874015748031496,True,True,False
4rrf,277,277,17,0.061371841155234655,True,True,True
2w5g,124,124,5,0.04032258064516129,True,True,True
1iep,274,274,9,0.032846715328467155,True,True,False
4pee,445,445,7,0.015730337078651686,True,True,True
3v01,289,289,9,0.031141868512110725,True,True,False
5enm,359,359,7,0.019498607242339833,True,True,False
3wf6,277,277,5,0.018050541516245487,True,False,False
1d4h,198,198,21,0.10606060606060606,True,True,True
3mof,624,624,3,0.004807692307692308,True,True,True
5mks,381,381,7,0.01837270341207349,True,True,True
1g2l,290,290,8,0.027586206896551724,True,True,True
5ljq,258,258,7,0.027131782945736434,True,True,True
5vex,422,422,7,0.016587677725118485,True,False,False
6pvw,124,124,6,0.04838709677419355,True,True,True
5edd,432,432,5,0.011574074074074073,True,True,True
3zhz,744,744,6,0.008064516129032258,True,True,False
3dd8,256,256,6,0.0234375,True,True,True
6nel,202,202,7,0.034653465346534656,True,True,False
5trj,551,551,7,0.012704174228675136,True,True,False
5fe7,109,109,9,0.08256880733944955,True,True,True
5kos,331,331,7,0.021148036253776436,True,True,False
4x11,767,767,19,0.024771838331160364,True,True,False
6h1u,287,287,4,0.013937282229965157,True,True,True
3zlk,1180,1180,38,0.03220338983050847,True,True,False
2w6p,446,446,9,0.020179372197309416,True,True,False
4ek9,325,325,4,0.012307692307692308,True,True,True
6pl3,291,291,11,0.037800687285223365,True,True,False
1k22,242,242,11,0.045454545454545456,False,True,True
4lpf,190,190,1,0.005263157894736842,True,False,False
4zzd,196,196,2,0.01020408163265306,True,True,True
2yln,240,240,8,0.03333333333333333,True,True,False
4qmu,286,286,4,0.013986013986013986,True,True,False
4owv,688,688,10,0.014534883720930232,True,True,True
4aia,188,188,5,0.026595744680851064,True,True,True
6g8n,1080,1080,10,0.009259259259259259,True,True,False
5lcf,222,222,9,0.04054054054054054,True,True,False
4owo,697,697,24,0.03443328550932568,True,True,False
4lv1,358,358,10,0.027932960893854747,True,False,False
5dts,240,240,5,0.020833333333333332,True,True,False
2ieh,334,334,9,0.02694610778443114,True,True,False
5qb1,241,241,10,0.04149377593360996,True,True,False
5km5,213,213,8,0.03755868544600939,True,True,False
1w0x,280,280,5,0.017857142857142856,True,True,False
4j3m,208,208,7,0.03365384615384615,True,True,False
2yak,277,277,10,0.036101083032490974,True,False,False
3wk9,1092,1092,7,0.00641025641025641,True,True,False
5t2b,820,820,9,0.01097560975609756,True,False,False
6j63,737,737,8,0.010854816824966078,True,True,False
4u5u,426,426,6,0.014084507042253521,True,True,False
1hvy,574,574,15,0.02613240418118467,True,True,False
2qi7,198,198,14,0.0707070707070707,True,True,True
1xfv,881,881,4,0.004540295119182747,True,True,False
4yz9,381,381,9,0.023622047244094488,True,True,False
1rpj,288,288,10,0.034722222222222224,True,True,True
3k5c,374,374,17,0.045454545454545456,False,True,False
3gz9,262,262,13,0.04961832061068702,True,True,False
4pdk,524,524,50,0.09541984732824428,True,True,False
4zly,270,270,5,0.018518518518518517,True,True,False
4j4v,1215,1215,37,0.030452674897119343,True,True,False
3d7m,305,305,15,0.04918032786885246,True,False,False
1pmu,342,342,7,0.02046783625730994,True,True,False
4abb,220,220,4,0.01818181818181818,False,True,True
5orz,264,264,3,0.011363636363636364,True,True,False
6b7a,318,318,7,0.0220125786163522,True,False,True
1atr,383,383,10,0.02610966057441253,True,True,True
1vik,198,198,17,0.08585858585858586,True,True,False
3bgs,858,858,6,0.006993006993006993,True,False,True
4agc,305,305,10,0.03278688524590164,False,False,True
3f8f,225,225,4,0.017777777777777778,True,True,True
3rjc,294,294,6,0.02040816326530612,True,True,False
5ceq,269,269,7,0.026022304832713755,True,True,True
5ksx,678,678,12,0.017699115044247787,True,True,False
2vte,433,433,7,0.016166281755196306,False,True,False
6dj5,198,198,14,0.0707070707070707,True,True,True
3iss,418,418,10,0.023923444976076555,True,True,True
2q2n,309,309,11,0.03559870550161812,True,True,False
3m93,180,180,2,0.011111111111111112,True,False,False
2ay4,782,782,5,0.00639386189258312,True,True,False
1bkj,460,460,24,0.05217391304347826,True,True,False
4hzt,393,393,7,0.017811704834605598,True,True,False
4ca4,316,316,14,0.04430379746835443,True,True,False
3g6h,259,259,8,0.03088803088803089,True,True,False
6mmq,256,256,13,0.05078125,True,True,False
1d5j,169,169,5,0.029585798816568046,True,True,False
3ip6,348,348,6,0.017241379310344827,True,True,True
3ps6,841,841,8,0.009512485136741973,True,True,False
2woq,2632,2632,11,0.004179331306990881,False,True,False
1ew9,898,898,4,0.004454342984409799,True,True,True
1h2k,712,712,3,0.004213483146067416,True,True,True
4fns,2872,2872,28,0.009749303621169917,True,True,False
2y1g,753,753,6,0.00796812749003984,True,True,False
5f4u,671,671,16,0.02384500745156483,True,True,False
4nni,161,161,3,0.018633540372670808,True,True,False
4lph,684,684,4,0.005847953216374269,True,True,False
5lif,316,316,10,0.03164556962025317,True,True,True
4crl,605,605,8,0.013223140495867768,True,True,True
3jqg,992,992,19,0.019153225806451613,True,True,False
3d04,903,903,10,0.01107419712070875,True,True,False
1m2x,219,219,3,0.0136986301369863,True,True,True
5luu,127,127,9,0.07086614173228346,True,False,False
3hs4,257,257,12,0.04669260700389105,True,True,True
2wfg,250,250,11,0.044,True,False,False
3d8y,124,124,2,0.016129032258064516,True,True,False
5mo8,325,325,12,0.036923076923076927,True,True,True
3nc9,595,595,12,0.020168067226890758,False,True,False
1c3i,343,343,7,0.02040816326530612,True,True,False
6s9d,300,300,8,0.02666666666666667,True,True,False
6k4x,260,260,3,0.011538461538461539,True,True,False
5k4i,336,336,9,0.026785714285714284,True,True,False
2x9f,265,265,8,0.03018867924528302,True,False,False
5wic,279,279,6,0.021505376344086023,True,True,False
1n1m,1454,1454,14,0.009628610729023384,True,True,True
5vqe,559,559,6,0.01073345259391771,True,True,False
5fog,279,279,8,0.02867383512544803,True,True,True
4jal,311,311,15,0.04823151125401929,True,True,True
5fl6,251,251,5,0.0199203187250996,True,True,True
5fpu,455,455,3,0.006593406593406593,True,True,False
4el5,1618,1618,12,0.007416563658838072,True,True,False
2pqc,445,445,19,0.04269662921348315,True,True,True
2xk1,466,466,6,0.012875536480686695,True,True,False
3u18,342,342,9,0.02631578947368421,True,True,False
4ab9,220,220,3,0.013636363636363636,False,True,True
5al4,208,208,4,0.019230769230769232,True,True,False
6jki,485,485,23,0.04742268041237113,True,True,False
4do5,787,787,15,0.01905972045743329,True,True,True
6e9a,198,198,13,0.06565656565656566,True,True,True
5gvk,884,884,15,0.016968325791855202,True,False,False
1k6t,198,198,14,0.0707070707070707,True,True,True
2wf3,375,375,17,0.04533333333333334,False,True,False
6cki,271,271,6,0.02214022140221402,True,True,False
5oht,670,670,6,0.008955223880597015,True,True,True
5h1u,174,174,3,0.017241379310344827,True,True,True
2o22,164,164,9,0.054878048780487805,True,True,False
4mx0,1552,1552,9,0.005798969072164949,True,True,False
1c3x,798,798,12,0.015037593984962405,True,False,True
4emr,246,246,12,0.04878048780487805,True,False,True
2vcj,418,418,6,0.014354066985645933,False,True,False
4kxb,875,875,9,0.010285714285714285,True,True,True
5mrb,264,264,6,0.022727272727272728,True,True,True
1xog,387,387,8,0.020671834625323,True,True,False
6dud,272,272,7,0.025735294117647058,True,False,False
1lxf,89,89,8,0.0898876404494382,True,True,False
3qtu,294,294,11,0.03741496598639456,True,True,False
5q1b,230,230,12,0.05217391304347826,True,True,False
3ard,833,833,22,0.026410564225690276,True,True,False
3dx4,1016,1016,4,0.003937007874015748,True,True,True
4ea2,281,281,6,0.021352313167259787,True,True,True
5j9f,200,200,8,0.04,True,False,False
2r75,323,323,18,0.05572755417956656,True,False,True
3hf6,280,280,11,0.039285714285714285,True,True,False
4ajn,1318,1318,54,0.0409711684370258,True,True,False
2oo8,259,259,9,0.03474903474903475,True,True,False
4yux,587,587,10,0.017035775127768313,True,True,False
3ejq,1016,1016,6,0.005905511811023622,True,True,True
3at4,331,331,8,0.02416918429003021,True,True,False
5wqc,499,499,5,0.01002004008016032,True,True,True
6q7h,225,225,8,0.035555555555555556,True,True,False
2xez,249,249,1,0.004016064257028112,True,False,False
5alk,546,546,11,0.020146520146520148,True,False,False
2o64,274,274,7,0.025547445255474453,True,True,False
4o44,979,979,10,0.010214504596527068,True,True,False
3nw5,302,302,9,0.029801324503311258,True,False,False
6en5,605,605,12,0.019834710743801654,True,True,True
6qlt,138,138,8,0.057971014492753624,True,True,True
3i1y,545,545,11,0.02018348623853211,True,True,False
2vwm,277,277,8,0.02888086642599278,False,True,True
3kwj,1456,1456,11,0.007554945054945055,True,True,False
3smq,598,598,4,0.006688963210702341,True,True,False
5hvs,342,342,27,0.07894736842105263,True,True,True
2e95,627,627,21,0.03349282296650718,True,True,False
3bft,518,518,14,0.02702702702702703,True,True,True
3nf7,298,298,9,0.030201342281879196,True,True,False
3ijh,419,419,4,0.00954653937947494,False,True,True
3axk,4404,4404,36,0.008174386920980926,True,True,False
4cjp,296,296,10,0.033783783783783786,True,True,True
2ima,402,402,4,0.009950248756218905,True,True,False
6d49,126,126,9,0.07142857142857142,True,True,False
4omk,274,274,20,0.072992700729927,True,True,True
6cjs,436,436,8,0.01834862385321101,True,True,True
5m23,300,300,9,0.03,True,True,True
1yvm,262,262,2,0.007633587786259542,True,False,True
4wwp,820,820,8,0.00975609756097561,True,False,False
6fqu,116,116,6,0.05172413793103448,True,True,False
4d8n,219,219,10,0.045662100456621,False,True,False
6ajv,133,133,7,0.05263157894736842,True,True,True
4y59,484,484,25,0.05165289256198347,True,True,True
1q8w,354,354,5,0.014124293785310734,True,True,True
2e92,581,581,12,0.020654044750430294,True,True,True
4mm5,497,497,7,0.014084507042253521,True,True,False
1vja,228,228,8,0.03508771929824561,False,True,False
2g63,1452,1452,9,0.006198347107438017,True,True,False
2bge,298,298,11,0.03691275167785235,False,True,False
5ipj,273,273,8,0.029304029304029304,True,False,True
4uva,799,799,17,0.02127659574468085,True,True,False
3hdz,322,322,7,0.021739130434782608,False,True,False
5ekj,258,258,3,0.011627906976744186,True,True,False
1yhm,694,694,12,0.01729106628242075,True,True,False
6bxy,468,468,5,0.010683760683760684,True,True,False
4zg9,750,750,13,0.017333333333333333,True,True,False
5lsg,256,256,11,0.04296875,True,True,True
5o1s,290,290,2,0.006896551724137931,True,True,False
1ikw,962,962,7,0.007276507276507277,True,True,False
5ewa,219,219,2,0.0091324200913242,True,True,True
1stp,484,484,9,0.01859504132231405,True,True,False
3aje,329,329,4,0.0121580547112462,True,True,False
3hxe,630,630,10,0.015873015873015872,True,False,False
4ksq,513,513,20,0.03898635477582846,True,True,False
3vfq,375,375,14,0.037333333333333336,True,True,False
3g3r,286,286,10,0.03496503496503497,True,True,True
4umq,314,314,10,0.03184713375796178,True,True,False
2sim,381,381,13,0.03412073490813648,True,True,True
5wkm,602,602,4,0.006644518272425249,True,True,False
3mn8,383,383,3,0.007832898172323759,True,True,False
4kab,255,255,3,0.011764705882352941,True,True,False
3tkh,269,269,4,0.01486988847583643,True,True,False
6psb,125,125,5,0.04,True,True,False
2ftd,215,215,8,0.037209302325581395,True,True,False
4yzn,269,269,4,0.01486988847583643,True,True,False
1d9i,242,242,7,0.028925619834710745,False,True,True
5f02,219,219,8,0.0365296803652968,True,True,False
1u9v,215,215,6,0.027906976744186046,True,True,False
4ohk,585,585,7,0.011965811965811967,True,True,False
5bvo,276,276,12,0.043478260869565216,True,True,False
5aae,252,252,4,0.015873015873015872,True,False,False
2xln,467,467,4,0.008565310492505354,False,True,False
3zjc,283,283,16,0.05653710247349823,True,False,False
3zsx,298,298,12,0.040268456375838924,True,True,True
3v7c,644,644,9,0.013975155279503106,True,True,False
6afa,374,374,6,0.016042780748663103,True,True,False
4cku,1304,1304,55,0.04217791411042945,True,True,False
3lp0,955,955,1,0.0010471204188481676,True,True,False
1npa,198,198,17,0.08585858585858586,True,True,False
2pj8,303,303,11,0.036303630363036306,False,True,False
4mr5,110,110,6,0.05454545454545454,True,True,False
3lnk,387,387,9,0.023255813953488372,True,True,False
5ea6,422,422,1,0.002369668246445498,True,True,False
3nuy,276,276,6,0.021739130434782608,True,True,False
6qxj,513,513,6,0.011695906432748537,True,False,False
6qqw,411,411,12,0.029197080291970802,True,False,True
4u69,304,304,8,0.02631578947368421,True,True,True
4bfz,612,612,14,0.02287581699346405,True,True,False
4za0,866,866,17,0.019630484988452657,True,True,False
3g0e,332,332,9,0.02710843373493976,True,False,True
5nkk,600,600,8,0.013333333333333334,True,False,False
4iid,1666,1666,16,0.009603841536614645,True,True,True
4yw7,121,121,7,0.05785123966942149,True,True,False
3spf,142,142,7,0.04929577464788732,True,True,True
4occ,93,93,6,0.06451612903225806,True,True,False
3uol,263,263,7,0.026615969581749048,True,False,False
1tt1,502,502,13,0.025896414342629483,True,True,False
4wn0,831,831,1,0.0012033694344163659,True,True,False
6mod,298,298,6,0.020134228187919462,True,True,False
6s1s,367,367,7,0.01907356948228883,True,False,False
1kwq,258,258,6,0.023255813953488372,True,True,False
2nwl,1203,1203,19,0.015793848711554447,True,True,False
2prj,1660,1660,9,0.005421686746987952,True,True,False
2wsx,1488,1488,5,0.003360215053763441,True,True,False
6kzd,282,282,14,0.04964539007092199,True,True,False
1sbg,198,198,18,0.09090909090909091,True,False,True
4az0,826,826,8,0.009685230024213076,True,True,False
5duf,735,735,8,0.010884353741496598,True,True,False
4dai,524,524,7,0.013358778625954198,True,False,False
3i06,215,215,7,0.03255813953488372,False,True,False
2vwy,274,274,6,0.021897810218978103,True,True,False
3ljj,220,220,9,0.04090909090909091,False,True,False
5ugm,271,271,10,0.03690036900369004,True,True,False
5n2z,316,316,11,0.03481012658227848,True,True,True
5fkj,536,536,10,0.018656716417910446,True,True,False
6nti,268,268,10,0.03731343283582089,True,True,False
2fqo,308,308,4,0.012987012987012988,True,True,True
5ng9,526,526,8,0.015209125475285171,True,True,False
5t2m,820,820,10,0.012195121951219513,True,True,False
2qtn,378,378,7,0.018518518518518517,True,True,True
5mw6,241,241,4,0.016597510373443983,True,True,False
4bdb,284,284,7,0.02464788732394366,False,True,False
5ajw,439,439,10,0.022779043280182234,True,True,False
4jbs,869,869,7,0.00805523590333717,True,False,False
4mbf,265,265,8,0.03018867924528302,True,True,False
3lj3,829,829,6,0.007237635705669481,True,True,False
5v3y,269,269,12,0.04460966542750929,True,True,False
6eyb,207,207,10,0.04830917874396135,True,False,True
3qqa,400,400,6,0.015,True,True,True
4q4s,732,732,8,0.01092896174863388,True,False,True
4bgk,770,770,4,0.005194805194805195,True,True,False
4o3f,409,409,5,0.012224938875305624,True,True,True
2nq7,304,304,5,0.01644736842105263,True,True,False
1rbp,175,175,8,0.045714285714285714,False,True,True
1qq9,277,277,2,0.007220216606498195,True,True,False
3kdd,198,198,13,0.06565656565656566,True,True,True
1ppx,129,129,3,0.023255813953488372,True,True,False
5o7e,380,380,4,0.010526315789473684,True,True,False
6nem,200,200,8,0.04,True,False,False
3vry,428,428,11,0.02570093457943925,True,True,False
3fq7,854,854,30,0.0351288056206089,True,True,False
1ai7,763,763,5,0.00655307994757536,True,True,True
2a8g,484,484,7,0.014462809917355372,True,True,True
5c7d,106,106,6,0.05660377358490566,True,True,False
4km0,161,161,7,0.043478260869565216,True,True,True
6g07,245,245,12,0.04897959183673469,True,True,False
6bec,1622,1622,11,0.006781750924784217,True,True,False
6g9u,470,470,18,0.03829787234042553,False,True,True
4ybs,178,178,4,0.02247191011235955,True,True,False
5vdq,359,359,8,0.022284122562674095,True,False,False
4mi6,1618,1618,12,0.007416563658838072,True,True,False
2xa4,276,276,6,0.021739130434782608,True,False,False
2r6w,452,452,27,0.059734513274336286,True,True,False
6o0p,141,141,9,0.06382978723404255,True,False,True
3dv5,374,374,16,0.0427807486631016,False,True,False
3bjm,1456,1456,20,0.013736263736263736,True,True,False
3zc5,290,290,8,0.027586206896551724,False,True,True
5op6,333,333,5,0.015015015015015015,True,True,False
5yh8,510,510,9,0.01764705882352941,True,False,True
1gzv,1108,1108,9,0.008122743682310469,True,True,False
6g35,338,338,7,0.020710059171597635,True,True,True
4hej,395,395,8,0.020253164556962026,True,True,False
1yy4,450,450,15,0.03333333333333333,True,True,False
5cuh,164,164,6,0.036585365853658534,True,True,False
5yjp,214,214,6,0.028037383177570093,False,True,False
4j4o,244,244,7,0.028688524590163935,True,False,False
4mvn,199,199,7,0.035175879396984924,False,True,False
4uxj,343,343,20,0.05830903790087463,True,True,False
4eb8,859,859,18,0.020954598370197905,True,False,True
3ff6,1498,1498,18,0.012016021361815754,True,True,False
4yxo,257,257,5,0.019455252918287938,True,True,False
4a4f,64,64,2,0.03125,True,True,False
3dbu,257,257,8,0.0311284046692607,True,True,True
3khv,226,226,2,0.008849557522123894,False,True,False
2r4f,1623,1623,44,0.027110289587184228,True,True,False
5ewm,713,713,4,0.005610098176718092,True,True,False
5alc,414,414,2,0.004830917874396135,False,True,False
2q6h,512,512,14,0.02734375,True,True,False
2hhn,217,217,7,0.03225806451612903,True,True,True
6kdx,324,324,6,0.018518518518518517,True,True,False
3mho,256,256,5,0.01953125,True,True,True
4d2t,316,316,12,0.0379746835443038,True,False,False
3kpu,525,525,12,0.022857142857142857,True,True,False
4ngm,1392,1392,9,0.00646551724137931,True,True,True
4zs3,432,432,6,0.013888888888888888,True,True,False
5w73,179,179,5,0.027932960893854747,True,True,False
2qhm,268,268,6,0.022388059701492536,True,False,False
2ydw,210,210,19,0.09047619047619047,True,True,True
6g14,285,285,13,0.0456140350877193,True,False,True
6n17,438,438,8,0.0182648401826484,True,True,False
3feg,672,672,7,0.010416666666666666,True,True,False
2c3j,257,257,10,0.038910505836575876,True,False,False
5ioz,386,386,8,0.02072538860103627,True,True,True
6ufn,638,638,5,0.007836990595611285,True,True,False
1h36,620,620,8,0.012903225806451613,False,True,False
3gwv,498,498,6,0.012048192771084338,True,True,False
1o0o,124,124,7,0.056451612903225805,True,True,False
5ofw,390,390,12,0.03076923076923077,True,True,False
3prf,262,262,6,0.022900763358778626,True,True,False
2q64,198,198,13,0.06565656565656566,True,True,True
5w5v,599,599,3,0.005008347245409015,True,True,False
2n14,89,89,2,0.02247191011235955,True,True,False
2is0,373,373,17,0.045576407506702415,False,True,False
5xag,863,863,9,0.010428736964078795,True,True,False
3g34,262,262,8,0.030534351145038167,True,False,True
6aqs,460,460,3,0.006521739130434782,True,False,True
1o0n,124,124,5,0.04032258064516129,True,True,True
2ggb,263,263,8,0.030418250950570342,True,True,False
5zyj,228,228,12,0.05263157894736842,True,True,False
4gg5,274,274,5,0.01824817518248175,True,True,False
4f1q,183,183,4,0.02185792349726776,True,True,False
5ttf,530,530,9,0.016981132075471698,True,True,False
6ox0,481,481,11,0.02286902286902287,True,True,False
3wd9,345,345,8,0.02318840579710145,True,True,False
5k4j,282,282,7,0.024822695035460994,True,True,False
4kp6,324,324,7,0.021604938271604937,True,True,False
6u8o,304,304,6,0.019736842105263157,True,True,True
4wn5,105,105,10,0.09523809523809523,True,True,True
6ez9,693,693,8,0.011544011544011544,True,True,False
5h22,209,209,11,0.05263157894736842,True,True,False
3k41,296,296,19,0.06418918918918919,True,True,False
3ads,513,513,20,0.03898635477582846,True,True,False
1f2p,274,274,3,0.010948905109489052,True,True,False
3iw5,336,336,12,0.03571428571428571,True,True,True
2xk9,568,568,4,0.007042253521126761,True,False,False
5f6u,156,156,3,0.019230769230769232,True,True,False
3kme,254,254,5,0.01968503937007874,True,True,False
3pvw,1011,1011,13,0.012858555885262116,True,True,False
3rak,277,277,8,0.02888086642599278,True,True,False
5eb3,301,301,2,0.006644518272425249,True,True,False
1qxw,249,249,7,0.028112449799196786,True,True,False
5i43,157,157,6,0.03821656050955414,True,True,False
1w10,228,228,11,0.04824561403508772,False,True,False
1m48,123,123,8,0.06504065040650407,True,True,True
7gch,452,452,7,0.015486725663716814,True,True,False
2xtk,310,310,5,0.016129032258064516,True,True,False
2vuk,196,196,7,0.03571428571428571,True,True,True
5dri,708,708,6,0.00847457627118644,True,False,False
2f2c,524,524,7,0.013358778625954198,True,True,False
3n5k,994,994,13,0.013078470824949699,True,True,False
4zw8,889,889,12,0.013498312710911136,True,True,True
5cnm,434,434,4,0.009216589861751152,True,False,False
4qz7,648,648,6,0.009259259259259259,True,True,False
1aj7,430,430,6,0.013953488372093023,False,True,True
4exs,231,231,3,0.012987012987012988,True,True,True
1wvj,524,524,9,0.01717557251908397,True,True,True
2hvx,219,219,8,0.0365296803652968,False,True,False
4b80,1071,1071,12,0.011204481792717087,True,True,False
6ayd,272,272,11,0.04044117647058824,True,False,False
1r5h,369,369,7,0.018970189701897018,True,True,False
5hg1,867,867,16,0.01845444059976932,True,True,False
4igt,526,526,8,0.015209125475285171,True,True,True
5zzw,400,400,7,0.0175,True,True,False
6ftz,220,220,6,0.02727272727272727,False,False,True
1u2y,495,495,5,0.010101010101010102,True,True,False
4a7b,670,670,8,0.011940298507462687,True,True,False
1xnz,262,262,3,0.011450381679389313,True,True,False
6qcj,559,559,20,0.03577817531305903,True,True,False
6npp,275,275,7,0.025454545454545455,True,True,False
3zki,365,365,9,0.024657534246575342,True,True,False
3kpw,525,525,9,0.017142857142857144,True,True,False
3o9v,1460,1460,12,0.00821917808219178,True,True,False
3zk6,144,144,13,0.09027777777777778,True,True,True
6n5h,336,336,10,0.02976190476190476,True,True,False
4qf7,121,121,8,0.06611570247933884,True,True,True
4dpt,322,322,7,0.021739130434782608,True,True,False
5x8i,327,327,8,0.024464831804281346,True,True,False
4y5d,488,488,25,0.05122950819672131,True,True,True
2xp8,145,145,4,0.027586206896551724,True,False,False
3g86,557,557,8,0.01436265709156194,True,True,False
5ta6,294,294,7,0.023809523809523808,True,True,False
4gby,475,475,7,0.014736842105263158,True,True,False
4na7,229,229,8,0.034934497816593885,False,True,False
4jhz,1166,1166,4,0.003430531732418525,True,True,False
1imx,56,56,6,0.10714285714285714,True,True,False
2pvk,327,327,9,0.027522935779816515,True,True,True
4pda,1212,1212,8,0.006600660066006601,True,False,False
5m4u,332,332,9,0.02710843373493976,True,True,False
3l5r,350,350,9,0.025714285714285714,True,True,False
1qvu,372,372,5,0.013440860215053764,True,True,False
2iko,2010,2010,9,0.004477611940298508,True,True,True
6ugp,257,257,6,0.023346303501945526,True,True,True
4xy9,127,127,5,0.03937007874015748,True,False,False
3pjt,480,480,23,0.04791666666666667,True,True,False
4obp,285,285,6,0.021052631578947368,True,True,False
3hiw,257,257,12,0.04669260700389105,True,False,False
2ath,542,542,19,0.03505535055350553,True,True,False
3vw1,368,368,6,0.016304347826086956,True,True,True
3pwd,327,327,7,0.021406727828746176,True,True,True
4ef4,355,355,6,0.016901408450704224,True,True,False
5g0q,455,455,13,0.02857142857142857,True,True,False
6bt6,262,262,12,0.04580152671755725,True,False,False
4mpn,726,726,8,0.011019283746556474,True,True,True
4o4g,982,982,11,0.01120162932790224,True,True,False
3sug,201,201,12,0.05970149253731343,True,True,True
3hxc,630,630,7,0.011111111111111112,True,False,False
6agp,181,181,9,0.049723756906077346,True,True,False
6imb,647,647,5,0.0077279752704791345,True,True,False
4isu,517,517,5,0.009671179883945842,True,True,True
3r1v,124,124,6,0.04838709677419355,True,True,True
1rm8,169,169,5,0.029585798816568046,True,True,False
2py4,459,459,5,0.010893246187363835,True,True,True
2ydi,280,280,6,0.02142857142857143,False,True,False
5kls,657,657,1,0.0015220700152207,True,True,False
5o8t,411,411,10,0.024330900243309004,True,True,False
3e37,725,725,11,0.015172413793103448,True,True,False
4yuz,549,549,8,0.014571948998178506,True,True,False
2sfp,756,756,11,0.01455026455026455,True,True,False
6mv3,125,125,5,0.04,True,True,False
6upj,198,198,5,0.025252525252525252,True,True,True
5tkd,248,248,8,0.03225806451612903,True,True,False
6itq,489,489,23,0.04703476482617587,True,True,False
2gz8,612,612,7,0.011437908496732025,True,False,False
1pxj,294,294,4,0.013605442176870748,True,True,False
6cw4,87,87,2,0.022988505747126436,True,True,False
3px9,258,258,7,0.027131782945736434,True,False,False
6g34,327,327,5,0.01529051987767584,True,True,True
6cjp,214,214,10,0.04672897196261682,True,True,False
2ydm,575,575,4,0.006956521739130435,False,True,False
1hyo,835,835,15,0.017964071856287425,True,True,True
3r92,208,208,9,0.04326923076923077,True,True,False
4txc,276,276,10,0.036231884057971016,True,True,False
3st5,198,198,12,0.06060606060606061,True,True,True
2jfh,430,430,7,0.01627906976744186,False,True,False
3aid,198,198,10,0.050505050505050504,True,True,True
5epy,198,198,14,0.0707070707070707,True,True,False
1b8y,167,167,5,0.029940119760479042,True,True,True
6r18,326,326,4,0.012269938650306749,True,True,True
4msl,654,654,5,0.00764525993883792,True,True,False
4flj,304,304,6,0.019736842105263157,True,True,False
3cm7,201,201,28,0.13930348258706468,True,True,False
3hl7,336,336,6,0.017857142857142856,True,False,True
6f5l,693,693,8,0.011544011544011544,True,True,False
6bjo,171,171,18,0.10526315789473684,True,True,False
6czv,126,126,6,0.047619047619047616,True,True,False
5ogb,135,135,11,0.08148148148148149,True,True,True
1i7c,636,636,3,0.0047169811320754715,True,True,False
5n9l,329,329,8,0.0243161094224924,True,True,False
6c7q,110,110,8,0.07272727272727272,True,False,True
2wf5,218,218,12,0.05504587155963303,True,True,True
6n3x,227,227,10,0.04405286343612335,True,False,True
2xuc,310,310,7,0.02258064516129032,True,True,False
2irz,373,373,17,0.045576407506702415,False,True,False
6oyh,450,450,12,0.02666666666666667,True,True,False
1ttv,107,107,4,0.037383177570093455,True,True,False
3bv2,337,337,14,0.04154302670623145,True,True,False
5wzw,123,123,12,0.0975609756097561,True,True,False
6e9w,383,383,7,0.018276762402088774,True,True,False
6d1b,229,229,1,0.004366812227074236,True,True,True
4ca6,608,608,13,0.02138157894736842,True,True,True
6i75,138,138,9,0.06521739130434782,True,True,False
3pxz,302,302,7,0.023178807947019868,True,True,False
6htg,399,399,5,0.012531328320802004,True,True,True
5tfx,258,258,7,0.027131782945736434,True,True,True
2yj8,219,219,9,0.0410958904109589,True,True,False
3nnx,336,336,9,0.026785714285714284,True,True,False
6esy,527,527,2,0.003795066413662239,True,True,False
6fo8,236,236,14,0.059322033898305086,True,True,False
2fhy,1272,1272,32,0.025157232704402517,False,True,False
3n3g,217,217,7,0.03225806451612903,True,True,True
3km4,670,670,38,0.056716417910447764,True,True,False
3p79,332,332,11,0.03313253012048193,True,True,False
5vm6,129,129,9,0.06976744186046512,True,True,False
5eif,256,256,3,0.01171875,True,True,False
3rv4,892,892,8,0.008968609865470852,True,True,True
5o1i,196,196,7,0.03571428571428571,True,True,False
4oys,553,553,7,0.012658227848101266,True,False,False
3exh,1378,1378,25,0.018142235123367198,True,True,True
6gwr,585,585,14,0.023931623931623933,True,True,True
6rrm,351,351,6,0.017094017094017096,True,True,False
4ff8,169,169,7,0.04142011834319527,True,True,False
3l0e,243,243,5,0.0205761316872428,True,True,False
5qau,241,241,7,0.029045643153526972,True,False,False
3qti,292,292,7,0.023972602739726026,True,True,False
3prs,330,330,15,0.045454545454545456,True,True,True
1r4w,442,442,14,0.03167420814479638,True,True,False
2g83,303,303,12,0.039603960396039604,True,True,False
2aq7,807,807,10,0.012391573729863693,True,True,False
3pxy,294,294,7,0.023809523809523808,True,True,False
1w4o,124,124,6,0.04838709677419355,True,True,True
4jin,254,254,7,0.027559055118110236,True,True,False
2wap,1084,1084,22,0.02029520295202952,True,True,False
1g53,258,258,5,0.01937984496124031,True,True,True
1hk1,553,553,18,0.0325497287522604,True,True,False
6qfv,255,255,7,0.027450980392156862,True,False,False
5lca,222,222,7,0.03153153153153153,False,True,False
5fnt,289,289,8,0.02768166089965398,True,True,True
5kyj,468,468,5,0.010683760683760684,True,True,False
5ia1,261,261,8,0.03065134099616858,True,True,True
5itp,254,254,10,0.03937007874015748,True,True,True
6csq,356,356,2,0.0056179775280898875,True,True,True
1ikv,960,960,8,0.008333333333333333,True,True,False
4x7n,259,259,15,0.05791505791505792,True,True,False
3wtn,416,416,10,0.02403846153846154,True,True,True
1ajv,198,198,18,0.09090909090909091,True,True,True
3mhl,257,257,3,0.011673151750972763,True,True,True
5ak3,547,547,5,0.009140767824497258,False,True,False
2fqt,308,308,4,0.012987012987012988,True,True,True
4wyo,1456,1456,21,0.014423076923076924,True,False,False
5ura,134,134,13,0.09701492537313433,True,True,False
1drj,271,271,7,0.025830258302583026,True,True,True
3ozs,213,213,8,0.03755868544600939,True,True,True
3su6,199,199,12,0.06030150753768844,True,True,True
4qlu,1261,1261,9,0.007137192704203013,True,False,False
4q81,257,257,4,0.01556420233463035,True,True,True
2fxr,896,896,53,0.05915178571428571,False,True,False
3hkw,561,561,6,0.0106951871657754,True,True,True
4bg1,770,770,6,0.007792207792207792,True,True,False
2wxp,822,822,5,0.006082725060827251,True,False,False
4m8t,303,303,6,0.019801980198019802,True,False,False
6mbo,519,519,28,0.05394990366088632,True,True,False
4cwq,207,207,10,0.04830917874396135,True,True,True
1uwf,158,158,8,0.05063291139240506,True,True,True
4xv3,482,482,8,0.016597510373443983,True,True,False
4fsl,387,387,11,0.028423772609819122,True,True,True
5jk3,269,269,3,0.011152416356877323,True,True,False
3suf,190,190,11,0.05789473684210526,True,True,True
5tb6,119,119,7,0.058823529411764705,True,False,True
2ewb,2916,2916,4,0.0013717421124828531,True,True,True
2o4k,198,198,13,0.06565656565656566,True,True,True
4f0c,456,456,11,0.02412280701754386,True,True,True
3e7o,342,342,6,0.017543859649122806,True,False,False
2gnh,358,358,10,0.027932960893854747,True,True,False
3ow3,353,353,9,0.025495750708215296,True,False,False
1cbr,272,272,13,0.04779411764705882,True,True,False
3qqs,346,346,7,0.02023121387283237,True,True,True
4iti,272,272,3,0.011029411764705883,True,True,False
6o5u,268,268,5,0.018656716417910446,True,True,True
5zo9,331,331,8,0.02416918429003021,True,True,False
6nng,866,866,7,0.008083140877598153,True,False,False
6pyr,933,933,6,0.006430868167202572,True,True,False
2qrg,1618,1618,11,0.006798516687268232,True,True,False
6a03,353,353,12,0.0339943342776204,True,True,False
4zup,682,682,9,0.013196480938416423,True,True,False
4q87,257,257,4,0.01556420233463035,True,True,True
5i3w,377,377,9,0.023872679045092837,True,True,True
5sy2,335,335,7,0.020895522388059702,True,True,False
3cvk,557,557,10,0.017953321364452424,True,True,False
6etj,431,431,11,0.025522041763341066,True,True,False
6s9c,301,301,8,0.026578073089700997,True,True,False
4hmq,303,303,8,0.026402640264026403,True,True,False
3f38,4032,4032,2,0.000496031746031746,True,True,False
3zlw,312,312,4,0.01282051282051282,False,True,False
5ka7,298,298,9,0.030201342281879196,True,True,True
6ayo,458,458,15,0.03275109170305677,True,False,True
2aie,194,194,5,0.02577319587628866,True,True,False
2pja,303,303,15,0.04950495049504951,False,True,False
4f08,288,288,4,0.013888888888888888,True,False,False
2zbk,1706,1706,10,0.005861664712778429,True,True,False
5dxu,922,922,7,0.007592190889370932,True,True,False
3c0z,383,383,3,0.007832898172323759,True,True,False
5eak,305,305,6,0.019672131147540985,True,True,False
6jav,377,377,6,0.015915119363395226,True,True,True
4f3h,247,247,11,0.044534412955465584,True,False,False
4pl4,769,769,5,0.006501950585175552,True,True,False
4hge,284,284,5,0.017605633802816902,True,True,True
5q18,230,230,11,0.04782608695652174,True,True,False
3si4,242,242,7,0.028925619834710745,False,False,True
3t1a,954,954,9,0.009433962264150943,True,False,True
4xx9,288,288,13,0.04513888888888889,True,True,False
6m9l,331,331,6,0.01812688821752266,True,True,False
6i8l,193,193,5,0.025906735751295335,False,True,False
6b33,218,218,9,0.04128440366972477,True,True,False
4qp2,336,336,4,0.011904761904761904,True,True,True
6dcy,176,176,2,0.011363636363636364,True,True,False
4a6v,264,264,5,0.01893939393939394,True,True,False
2pcp,422,422,8,0.018957345971563982,False,True,True
4mk5,200,200,4,0.02,True,True,False
3vc4,274,274,7,0.025547445255474453,True,True,False
3f1a,158,158,4,0.02531645569620253,True,True,True
5owc,244,244,15,0.06147540983606557,True,True,False
1w6r,1056,1056,11,0.010416666666666666,True,True,False
4i60,512,512,8,0.015625,True,True,False
3wt5,240,240,11,0.04583333333333333,True,True,False
4xit,208,208,10,0.04807692307692308,True,True,True
4y2u,546,546,9,0.016483516483516484,True,True,False
1g9t,672,672,11,0.01636904761904762,True,True,False
3fhe,607,607,12,0.019769357495881382,True,True,False
4ayy,287,287,10,0.03484320557491289,True,True,False
3zze,287,287,10,0.03484320557491289,False,True,True
2qky,1456,1456,19,0.01304945054945055,True,True,False
2uze,553,553,7,0.012658227848101266,True,True,False
3qai,597,597,10,0.01675041876046901,True,True,False
1i32,1432,1432,33,0.023044692737430168,True,True,False
1we2,165,165,4,0.024242424242424242,True,True,False
2wxv,556,556,10,0.017985611510791366,True,True,False
1pb8,282,282,4,0.014184397163120567,True,True,True
5tx5,522,522,14,0.02681992337164751,True,False,False
3iod,548,548,17,0.03102189781021898,True,True,True
4mrh,150,150,6,0.04,True,True,False
3kqs,525,525,10,0.01904761904761905,True,True,False
5n69,759,759,5,0.006587615283267457,True,True,False
3s3k,285,285,5,0.017543859649122806,True,True,False
1x8d,208,208,7,0.03365384615384615,True,True,True
5q11,221,221,7,0.03167420814479638,True,True,False
4o2p,265,265,9,0.033962264150943396,True,True,True
1veb,358,358,9,0.025139664804469275,True,True,False
4e49,257,257,16,0.0622568093385214,True,True,False
1k27,810,810,7,0.008641975308641974,True,False,True
4jfj,128,128,8,0.0625,True,True,False
4q90,257,257,5,0.019455252918287938,True,True,True
5nzq,390,390,10,0.02564102564102564,True,True,False
4p3h,190,190,8,0.042105263157894736,True,False,True
1x81,712,712,3,0.004213483146067416,True,True,False
4civ,1644,1644,10,0.006082725060827251,True,True,False
6f3d,277,277,7,0.02527075812274368,True,False,False
4d8z,526,526,9,0.017110266159695818,True,True,True
3zj6,469,469,9,0.019189765458422176,True,True,True
6kjf,400,400,9,0.0225,True,True,False
3gpe,137,137,3,0.021897810218978103,True,True,False
2hai,560,560,8,0.014285714285714285,True,True,False
3miy,239,239,9,0.03765690376569038,True,False,True
5mz3,350,350,14,0.04,True,True,False
4y6m,329,329,16,0.0486322188449848,True,True,False
3wtj,416,416,8,0.019230769230769232,True,True,True
5z4o,184,184,9,0.04891304347826087,True,True,False
3hv8,242,242,10,0.04132231404958678,True,False,True
3o75,540,540,28,0.05185185185185185,True,True,True
3fdn,261,261,10,0.038314176245210725,True,False,False
1xuc,169,169,8,0.047337278106508875,True,True,False
5aux,275,275,9,0.03272727272727273,True,True,False
4g2j,328,328,6,0.018292682926829267,True,True,False
6p9e,148,148,8,0.05405405405405406,True,True,True
5gs9,595,595,19,0.031932773109243695,True,True,True
6n94,520,520,24,0.046153846153846156,True,True,False
4p1r,954,954,21,0.0220125786163522,True,True,False
4auj,158,158,8,0.05063291139240506,True,True,True
3n2u,158,158,3,0.0189873417721519,True,True,True
5bpp,607,607,7,0.011532125205930808,True,True,False
4qgh,393,393,12,0.030534351145038167,True,True,False
2x38,822,822,7,0.00851581508515815,True,True,False
4lm1,332,332,4,0.012048192771084338,True,True,True
4obv,939,939,10,0.010649627263045794,True,False,False
4n9b,938,938,10,0.010660980810234541,True,True,False
2cct,209,209,6,0.028708133971291867,False,False,False
1qca,633,633,6,0.009478672985781991,True,True,False
6ea1,889,889,8,0.008998875140607425,True,True,False
6i0z,484,484,8,0.01652892561983471,True,True,True
5al3,208,208,7,0.03365384615384615,True,True,False
2uy4,284,284,6,0.02112676056338028,False,True,True
3m40,258,258,4,0.015503875968992248,True,True,True
4ucc,223,223,2,0.008968609865470852,True,True,True
6mji,809,809,19,0.023485784919653894,True,True,True
6f29,254,254,5,0.01968503937007874,True,True,False
6ax1,280,280,3,0.010714285714285714,True,True,False
4x6p,227,227,11,0.048458149779735685,False,False,False
6eq4,154,154,5,0.032467532467532464,True,False,False
4dli,334,334,11,0.03293413173652695,True,True,False
5d0r,460,460,9,0.01956521739130435,True,True,True
4m8h,214,214,12,0.056074766355140186,True,True,True
4avs,1020,1020,22,0.021568627450980392,True,True,True
1ql7,220,220,3,0.013636363636363636,False,True,True
4jyc,625,625,13,0.0208,True,False,True
2cm8,298,298,12,0.040268456375838924,False,True,False
6gu7,355,355,5,0.014084507042253521,True,True,False
4rt1,216,216,16,0.07407407407407407,True,True,False
3ej1,553,553,6,0.0108499095840868,True,True,False
3vjc,999,999,44,0.044044044044044044,True,True,True
3vid,299,299,4,0.013377926421404682,True,False,False
3kr8,206,206,4,0.019417475728155338,True,True,True
3ip9,348,348,7,0.020114942528735632,True,True,True
3rxf,223,223,5,0.02242152466367713,True,True,False
2ycs,562,562,7,0.012455516014234875,True,False,False
3c84,1042,1042,23,0.022072936660268713,True,True,True
5fqt,466,466,10,0.02145922746781116,True,True,False
4n3r,212,212,10,0.04716981132075472,True,True,False
3owj,328,328,8,0.024390243902439025,True,False,True
6gpb,1656,1656,11,0.006642512077294686,True,True,False
5dlx,125,125,8,0.064,True,True,True
3g1v,426,426,19,0.04460093896713615,True,True,True
4x6i,215,215,8,0.037209302325581395,True,True,False
1b9t,1560,1560,6,0.0038461538461538464,True,True,False
2e7f,524,524,25,0.04770992366412214,True,True,True
5ny6,258,258,4,0.015503875968992248,True,True,False
4pnq,202,202,5,0.024752475247524754,True,True,False
6avi,258,258,3,0.011627906976744186,True,True,False
3wq5,475,475,16,0.03368421052631579,True,True,False
1x1z,430,430,25,0.05813953488372093,True,True,True
4zow,391,391,5,0.01278772378516624,True,True,True
5hvy,602,602,10,0.016611295681063124,True,True,False
4ixv,918,918,21,0.02287581699346405,True,False,False
1t4s,942,942,18,0.01910828025477707,True,True,False
2z7g,349,349,8,0.022922636103151862,True,True,False
3kc0,1273,1273,32,0.02513747054202671,True,True,False
5orj,649,649,20,0.030816640986132512,True,True,True
6maj,286,286,13,0.045454545454545456,True,True,True
4q0k,154,154,11,0.07142857142857142,True,True,True
5w6o,705,705,26,0.03687943262411347,True,True,False
3i6o,198,198,14,0.0707070707070707,True,True,True
1hqf,942,942,16,0.016985138004246284,True,True,False
2ptz,862,862,7,0.008120649651972157,True,True,True
5n4t,234,234,4,0.017094017094017096,True,False,False
3ddf,1015,1015,6,0.005911330049261084,True,True,True
5wh6,326,326,4,0.012269938650306749,True,True,False
4dij,93,93,5,0.053763440860215055,True,False,False
6j0o,229,229,8,0.034934497816593885,True,False,True
6sbt,498,498,5,0.010040160642570281,True,True,True
4inb,292,292,8,0.0273972602739726,True,True,False
1kzn,186,186,9,0.04838709677419355,True,False,True
5a3n,456,456,6,0.013157894736842105,True,True,False
4u0f,1206,1206,8,0.006633499170812604,True,False,True
3dp3,904,904,10,0.011061946902654867,True,True,False
4ifh,953,953,4,0.004197271773347324,True,True,False
5eng,114,114,8,0.07017543859649122,True,True,True
6ffh,413,413,6,0.014527845036319613,True,True,False
5iwg,368,368,6,0.016304347826086956,True,True,True
6ibv,227,227,1,0.004405286343612335,True,False,False
3n35,242,242,6,0.024793388429752067,True,True,True
5dj5,266,266,11,0.041353383458646614,True,True,False
2bmg,280,280,8,0.02857142857142857,False,True,False
3ggv,198,198,16,0.08080808080808081,True,True,False
5zhm,476,476,5,0.01050420168067227,True,True,False
4mo8,257,257,4,0.01556420233463035,True,True,True
5od1,94,94,10,0.10638297872340426,True,True,True
6g2m,394,394,14,0.03553299492385787,True,True,True
4agd,304,304,9,0.029605263157894735,False,False,False
5xff,269,269,4,0.01486988847583643,True,False,False
4hev,397,397,3,0.007556675062972292,True,True,False
4r3b,265,265,7,0.026415094339622643,True,True,False
1wur,1848,1848,40,0.021645021645021644,True,False,True
1ms7,516,516,19,0.03682170542635659,True,True,False
6d5w,803,803,3,0.0037359900373599006,True,True,False
2on6,846,846,9,0.010638297872340425,True,False,True
6pvy,188,188,5,0.026595744680851064,True,True,False
6g9b,374,374,8,0.0213903743315508,True,True,False
6ft4,127,127,6,0.047244094488188976,True,True,False
2pll,942,942,14,0.014861995753715499,True,False,False
1g7v,284,284,6,0.02112676056338028,True,True,True
5osd,266,266,5,0.018796992481203006,True,True,False
5opv,261,261,4,0.01532567049808429,True,False,False
5yzc,1101,1101,5,0.004541326067211626,True,True,False
3dz4,307,307,5,0.016286644951140065,True,True,False
4mxc,290,290,12,0.041379310344827586,True,True,False
5lo5,207,207,9,0.043478260869565216,True,False,False
1gpk,529,529,7,0.013232514177693762,True,True,True
5gn9,528,528,11,0.020833333333333332,True,True,False
3ilq,360,360,16,0.044444444444444446,True,True,False
2rin,288,288,2,0.006944444444444444,True,True,True
2b8l,373,373,18,0.04825737265415549,False,True,False
3ip8,232,232,8,0.034482758620689655,True,True,True
4e3m,358,358,13,0.036312849162011177,True,False,False
5cgc,409,409,8,0.019559902200488997,True,True,False
2wei,278,278,10,0.03597122302158273,True,True,False
3br9,557,557,10,0.017953321364452424,True,True,False
6acb,308,308,4,0.012987012987012988,True,False,False
1ydr,354,354,8,0.022598870056497175,True,True,True
1yly,263,263,8,0.030418250950570342,True,True,False
5mft,868,868,4,0.004608294930875576,True,True,False
3waw,779,779,3,0.0038510911424903724,True,True,False
2i4x,198,198,13,0.06565656565656566,True,True,True
2vie,374,374,16,0.0427807486631016,False,True,False
4p6x,252,252,5,0.01984126984126984,True,True,True
3c1x,290,290,9,0.03103448275862069,True,True,False
3ffg,279,279,12,0.043010752688172046,False,True,True
3blt,282,282,8,0.028368794326241134,True,True,False
2cbu,440,440,11,0.025,True,True,True
5qim,304,304,7,0.023026315789473683,True,False,False
3m6p,180,180,9,0.05,True,True,False
3pa3,261,261,5,0.019157088122605363,False,True,False
1y6q,466,466,5,0.01072961373390558,True,False,True
1mmq,165,165,5,0.030303030303030304,False,True,True
4c61,272,272,3,0.011029411764705883,True,True,False
4kbk,283,283,6,0.02120141342756184,True,True,False
4mcv,267,267,9,0.033707865168539325,True,False,False
5agr,190,190,8,0.042105263157894736,True,False,False
5mw3,319,319,3,0.009404388714733543,True,False,False
4n7m,499,499,4,0.008016032064128256,True,True,True
3iw7,335,335,8,0.023880597014925373,True,True,False
5wqk,292,292,6,0.02054794520547945,True,True,False
3t6y,436,436,16,0.03669724770642202,True,True,False
4ejn,376,376,13,0.034574468085106384,True,True,False
1my3,516,516,11,0.02131782945736434,True,True,False
2a3c,395,395,7,0.017721518987341773,True,True,False
5lsx,231,231,14,0.06060606060606061,True,True,False
3p7b,332,332,14,0.04216867469879518,True,True,False
4qvn,652,652,9,0.013803680981595092,True,True,False
2adm,385,385,8,0.02077922077922078,True,True,False
6eol,138,138,4,0.028985507246376812,True,True,True
1mm7,516,516,13,0.025193798449612403,True,True,False
3l4t,856,856,6,0.007009345794392523,False,True,False
4py1,289,289,8,0.02768166089965398,True,True,False
4luz,123,123,6,0.04878048780487805,True,True,True
6fmj,329,329,7,0.02127659574468085,True,True,True
5igl,139,139,8,0.05755395683453238,True,True,False
4qye,271,271,8,0.02952029520295203,True,True,False
4mm4,497,497,6,0.012072434607645875,True,True,False
1h0r,1668,1668,9,0.00539568345323741,True,True,False
4x3t,122,122,14,0.11475409836065574,True,True,False
4e6c,330,330,2,0.006060606060606061,True,True,False
5m29,229,229,15,0.06550218340611354,True,True,False
4b7j,1548,1548,7,0.004521963824289405,True,True,True
2q9y,704,704,6,0.008522727272727272,True,True,False
2vcw,396,396,4,0.010101010101010102,True,True,False
4e5f,174,174,1,0.005747126436781609,False,True,False
6d4w,662,662,4,0.006042296072507553,True,True,False
3u8w,349,349,10,0.02865329512893983,True,True,False
2hnc,257,257,3,0.011673151750972763,True,True,True
5fi7,820,820,8,0.00975609756097561,True,True,False
2w1h,283,283,3,0.01060070671378092,True,False,False
5uey,108,108,6,0.05555555555555555,True,True,False
3e5a,297,297,9,0.030303030303030304,True,False,True
1juj,572,572,13,0.022727272727272728,True,False,False
3koo,545,545,7,0.012844036697247707,True,True,False
4b0j,334,334,10,0.029940119760479042,True,True,False
5ylu,976,976,5,0.005122950819672131,True,True,False
2h5e,488,488,12,0.02459016393442623,True,False,False
1hte,198,198,12,0.06060606060606061,True,True,False
5qc4,221,221,6,0.027149321266968326,True,True,False
4umc,1336,1336,19,0.014221556886227544,True,True,True
5trs,667,667,43,0.06446776611694154,True,True,False
4fcq,208,208,8,0.038461538461538464,True,False,True
4yqh,642,642,19,0.029595015576323987,True,False,False
4ual,806,806,4,0.004962779156327543,True,False,True
6eds,971,971,5,0.005149330587023687,True,True,False
3pz2,620,620,4,0.0064516129032258064,True,True,False
5mny,220,220,4,0.01818181818181818,False,True,False
6oxv,198,198,17,0.08585858585858586,True,True,False
4qz4,648,648,7,0.010802469135802469,True,True,False
5na0,253,253,6,0.023715415019762844,True,True,False
6kqi,473,473,15,0.03171247357293869,True,True,False
2c5o,554,554,1,0.0018050541516245488,True,True,False
2pbw,501,501,18,0.03592814371257485,True,True,True
966c,157,157,5,0.03184713375796178,True,True,True
3dcq,456,456,11,0.02412280701754386,True,True,False
5l6i,1082,1082,9,0.00831792975970425,True,True,False
5wvd,453,453,14,0.03090507726269316,True,True,False
4poj,214,214,14,0.06542056074766354,True,True,True
4nzo,325,325,4,0.012307692307692308,True,True,False
4x50,158,158,7,0.04430379746835443,True,True,True
6hb5,830,830,26,0.03132530120481928,True,True,False
1o6q,620,620,7,0.01129032258064516,False,True,False
1dub,1557,1557,64,0.04110468850353243,True,True,False
5mnb,220,220,4,0.01818181818181818,False,True,False
2xdl,416,416,4,0.009615384615384616,False,True,True
5z68,736,736,24,0.03260869565217391,True,True,False
4h5c,692,692,13,0.01878612716763006,True,True,False
3g5k,366,366,18,0.04918032786885246,True,True,True
4f1s,834,834,8,0.009592326139088728,True,True,False
6ny4,277,277,7,0.02527075812274368,True,True,False
6ugr,257,257,3,0.011673151750972763,True,True,True
5myl,386,386,8,0.02072538860103627,True,True,False
5i8b,226,226,6,0.02654867256637168,True,True,False
2v2c,498,498,9,0.018072289156626505,True,True,True
5jmw,820,820,21,0.025609756097560974,True,True,False
4zyf,93,93,7,0.07526881720430108,True,True,True
4ge6,303,303,12,0.039603960396039604,True,True,False
5tgc,802,802,11,0.01371571072319202,True,True,False
4xmr,497,497,15,0.030181086519114688,True,True,True
5yjo,423,423,6,0.014184397163120567,True,True,False
6inm,641,641,10,0.015600624024960999,True,False,False
3kyg,454,454,31,0.06828193832599119,True,False,False
6mkq,262,262,10,0.03816793893129771,True,True,False
3krx,1016,1016,11,0.010826771653543307,True,True,False
1t1r,796,796,15,0.018844221105527637,True,True,False
1yc1,210,210,11,0.05238095238095238,True,False,True
2w08,1020,1020,29,0.028431372549019607,True,True,True
5wo4,292,292,7,0.023972602739726026,True,True,False
6p87,1011,1011,6,0.005934718100890208,True,False,True
4xuh,264,264,14,0.05303030303030303,True,True,False
3fmq,356,356,4,0.011235955056179775,True,True,False
3aau,223,223,7,0.03139013452914798,True,True,True
6ibz,431,431,10,0.02320185614849188,True,True,False
3k3e,640,640,9,0.0140625,False,True,False
6gvx,315,315,4,0.012698412698412698,True,True,False
4mu7,90,90,9,0.1,True,True,False
4rlt,604,604,12,0.019867549668874173,True,True,True
1gyy,152,152,10,0.06578947368421052,True,True,True
5clm,376,376,6,0.015957446808510637,True,True,False
5hwv,245,245,14,0.05714285714285714,True,True,True
6oyw,260,260,7,0.026923076923076925,True,True,False
3o2m,358,358,7,0.019553072625698324,True,False,False
1rt9,846,846,7,0.008274231678486997,True,False,False
3re4,252,252,6,0.023809523809523808,True,True,True
3ztx,312,312,4,0.01282051282051282,True,True,False
3lq8,278,278,12,0.04316546762589928,True,True,False
5eml,1250,1250,8,0.0064,True,True,False
3po6,258,258,5,0.01937984496124031,True,True,True
2kfx,89,89,5,0.056179775280898875,True,True,False
1g32,243,243,10,0.0411522633744856,False,True,True
3o87,351,351,10,0.02849002849002849,True,True,False
1m7q,348,348,4,0.011494252873563218,True,True,False
2viw,229,229,5,0.021834061135371178,False,True,False
4pkv,515,515,6,0.011650485436893204,True,True,False
1hmt,131,131,7,0.05343511450381679,True,True,True
1z6f,354,354,10,0.02824858757062147,True,True,False
4f7v,158,158,16,0.10126582278481013,True,False,True
3bcs,1618,1618,12,0.007416563658838072,True,True,False
5ab9,195,195,7,0.035897435897435895,True,False,False
4h2m,427,427,20,0.0468384074941452,True,True,False
4bky,311,311,10,0.03215434083601286,True,False,False
4r6x,258,258,9,0.03488372093023256,True,True,False
3h3c,263,263,5,0.019011406844106463,True,True,False
5zz4,261,261,11,0.0421455938697318,True,True,False
6ehh,154,154,7,0.045454545454545456,True,True,False
3ihz,244,244,16,0.06557377049180328,True,True,False
1bn1,257,257,5,0.019455252918287938,True,True,True
4e0x,1006,1006,15,0.014910536779324055,True,True,True
6aqq,318,318,5,0.015723270440251572,True,True,False
4pks,486,486,6,0.012345679012345678,True,True,False
5jsg,192,192,10,0.052083333333333336,True,True,True
6f22,157,157,3,0.01910828025477707,True,False,False
4ibm,301,301,8,0.026578073089700997,True,True,False
4eym,340,340,9,0.026470588235294117,True,True,False
3v7t,968,968,19,0.01962809917355372,True,True,False
4rxd,712,712,20,0.028089887640449437,True,True,False
2bak,334,334,10,0.029940119760479042,True,True,True
4x5q,158,158,9,0.056962025316455694,True,True,True
2be2,978,978,10,0.010224948875255624,True,True,False
5wbr,597,597,9,0.01507537688442211,True,True,False
4wtu,371,371,9,0.02425876010781671,True,True,False
5ty9,258,258,5,0.01937984496124031,True,True,True
3g2l,809,809,12,0.014833127317676144,True,True,False
6mt0,273,273,8,0.029304029304029304,True,False,False
5k0m,359,359,5,0.013927576601671309,True,True,True
4r18,415,415,5,0.012048192771084338,True,True,False
6pdj,273,273,8,0.029304029304029304,True,True,False
6k1q,410,410,14,0.03414634146341464,True,False,False
5bs4,198,198,16,0.08080808080808081,True,True,True
3udy,394,394,8,0.02030456852791878,True,True,False
3tk2,277,277,9,0.032490974729241874,True,True,True
5n58,220,220,4,0.01818181818181818,True,False,False
5ugd,246,246,8,0.032520325203252036,True,True,False
1v2q,220,220,6,0.02727272727272727,False,True,False
6n3v,227,227,10,0.04405286343612335,True,False,True
2wzx,362,362,11,0.03038674033149171,True,True,False
5lqq,775,775,8,0.01032258064516129,True,True,False
1sqq,4208,4208,7,0.0016634980988593155,True,True,False
3kmx,784,784,16,0.02040816326530612,True,True,True
1uom,464,464,15,0.032327586206896554,False,True,False
4jym,267,267,3,0.011235955056179775,True,True,True
5kva,455,455,30,0.06593406593406594,True,True,True
3u0d,175,175,9,0.05142857142857143,True,True,False
5hn7,705,705,28,0.03971631205673759,True,True,False
3gol,557,557,6,0.010771992818671455,True,True,False
4wov,258,258,3,0.011627906976744186,True,False,True
4b3d,213,213,3,0.014084507042253521,True,False,True
2zu4,306,306,10,0.032679738562091505,True,True,False
3hqy,305,305,9,0.029508196721311476,True,False,False
4lwe,208,208,9,0.04326923076923077,True,True,False
2xhx,214,214,6,0.028037383177570093,False,True,False
6m7i,267,267,14,0.052434456928838954,True,False,False
1t69,358,358,4,0.0111731843575419,True,True,False
4aig,402,402,7,0.017412935323383085,True,False,False
4xip,208,208,11,0.052884615384615384,True,True,True
6mle,238,238,7,0.029411764705882353,True,True,True
6hvv,652,652,8,0.012269938650306749,True,True,False
4zy5,283,283,5,0.0176678445229682,True,False,False
3zzh,1157,1157,5,0.00432152117545376,True,True,False
5a4l,341,341,1,0.002932551319648094,True,True,False
6fdq,239,239,6,0.02510460251046025,True,True,False
3v49,244,244,8,0.03278688524590164,True,True,False
4bzr,581,581,12,0.020654044750430294,True,True,False
1gi1,219,219,8,0.0365296803652968,False,False,True
4ded,265,265,7,0.026415094339622643,True,True,False
6hkj,694,694,10,0.01440922190201729,True,True,False
1dl7,221,221,5,0.02262443438914027,True,True,True
5kpm,344,344,5,0.014534883720930232,True,False,False
4agl,195,195,3,0.015384615384615385,True,True,True
4gzt,1552,1552,24,0.015463917525773196,True,True,True
2il2,2028,2028,26,0.01282051282051282,True,True,False
5xsr,343,343,5,0.014577259475218658,True,False,True
3ryx,258,258,4,0.015503875968992248,True,True,True
2ai8,166,166,5,0.030120481927710843,True,True,False
6beb,1600,1600,8,0.005,True,True,False
5eto,159,159,8,0.050314465408805034,True,False,False
6nj0,440,440,10,0.022727272727272728,False,True,False
6q4e,284,284,2,0.007042253521126761,True,False,True
1pwy,864,864,2,0.0023148148148148147,True,True,False
1g3m,575,575,17,0.029565217391304348,True,True,False
4jft,438,438,7,0.01598173515981735,True,True,False
1c29,1302,1302,16,0.01228878648233487,True,True,False
4b1c,375,375,7,0.018666666666666668,True,True,False
3krw,1016,1016,13,0.012795275590551181,True,True,False
1bju,220,220,6,0.02727272727272727,False,True,True
3tif,462,462,24,0.05194805194805195,True,True,True
4zx9,1030,1030,13,0.01262135922330097,True,True,False
5d29,686,686,8,0.011661807580174927,True,True,False
3p7a,332,332,9,0.02710843373493976,True,True,False
6nvl,280,280,7,0.025,True,True,False
6goo,456,456,1,0.0021929824561403508,True,True,False
5anv,153,153,5,0.032679738562091505,True,True,True
4ux4,208,208,9,0.04326923076923077,True,True,False
4zs0,257,257,4,0.01556420233463035,True,False,False
3wkc,1092,1092,3,0.0027472527472527475,True,True,False
3bb1,495,495,27,0.05454545454545454,True,False,False
6uil,607,607,5,0.008237232289950576,True,True,False
3orn,280,280,9,0.03214285714285714,True,True,False
5j7q,342,342,7,0.02046783625730994,True,True,True
2wxl,823,823,6,0.007290400972053463,True,True,False
4dhs,454,454,7,0.015418502202643172,True,True,False
3qgy,245,245,12,0.04897959183673469,True,True,True
2oq6,348,348,3,0.008620689655172414,True,True,False
5xpi,140,140,4,0.02857142857142857,True,True,True
4zyw,200,200,5,0.025,True,False,False
6czb,453,453,16,0.03532008830022075,True,True,True
5iuh,285,285,9,0.031578947368421054,True,False,False
5ecv,713,713,8,0.011220196353436185,True,False,False
2r3m,281,281,8,0.028469750889679714,False,True,False
6i5i,335,335,10,0.029850746268656716,True,True,False
5ylt,247,247,8,0.032388663967611336,True,True,False
4ok3,846,846,6,0.0070921985815602835,True,True,False
4ddy,260,260,16,0.06153846153846154,True,False,False
3cf9,901,901,8,0.008879023307436182,True,True,False
1x0n,100,100,7,0.07,True,True,False
1h8y,494,494,14,0.02834008097165992,True,True,False
2o7v,307,307,6,0.019543973941368076,True,True,False
6hbm,304,304,6,0.019736842105263157,True,True,False
4n6g,500,500,4,0.008,True,True,True
3hb4,568,568,9,0.01584507042253521,True,True,True
4zpe,369,369,11,0.02981029810298103,True,True,False
4rss,269,269,5,0.01858736059479554,True,True,False
3way,787,787,7,0.008894536213468869,True,True,False
6abk,534,534,3,0.0056179775280898875,True,True,False
5m55,238,238,2,0.008403361344537815,True,False,False
2onz,257,257,9,0.03501945525291829,True,True,False
4i6b,285,285,3,0.010526315789473684,True,True,False
2qyl,335,335,6,0.01791044776119403,True,True,False
4ec0,399,399,7,0.017543859649122806,True,True,False
5usy,287,287,6,0.020905923344947737,True,True,False
4nie,245,245,14,0.05714285714285714,True,True,False
5qan,241,241,3,0.012448132780082987,True,True,False
6e23,299,299,5,0.016722408026755852,True,True,True
6hr2,457,457,17,0.037199124726477024,True,True,True
6v5l,169,169,7,0.04142011834319527,True,False,False
1nc3,465,465,17,0.03655913978494624,True,False,True
2p7z,207,207,11,0.05314009661835749,True,True,True
4hva,479,479,11,0.022964509394572025,True,True,False
4wri,171,171,15,0.08771929824561403,True,True,False
4az3,414,414,10,0.024154589371980676,True,True,False
2y68,434,434,7,0.016129032258064516,True,True,False
3buh,370,370,5,0.013513513513513514,True,True,True
4o0a,123,123,8,0.06504065040650407,True,True,True
5ad1,290,290,8,0.027586206896551724,True,True,True
4bzn,272,272,9,0.03308823529411765,True,True,False
5f5z,127,127,11,0.08661417322834646,True,True,True
3hxd,632,632,8,0.012658227848101266,True,False,False
3fr5,131,131,11,0.08396946564885496,True,True,False
5acx,463,463,12,0.02591792656587473,True,True,False
1ftl,514,514,9,0.017509727626459144,True,True,False
3vtb,240,240,15,0.0625,True,True,False
3d2r,716,716,26,0.036312849162011177,True,True,False
5b4l,315,315,11,0.03492063492063492,True,True,False
1v48,783,783,10,0.01277139208173691,True,True,True
6htn,572,572,67,0.11713286713286714,True,True,False
6fcl,351,351,23,0.06552706552706553,True,True,False
4rfc,257,257,4,0.01556420233463035,True,True,True
1pxm,290,290,7,0.02413793103448276,True,True,False
1g9b,1287,1287,17,0.01320901320901321,True,False,False
6p14,265,265,12,0.045283018867924525,True,True,False
3zy2,684,684,9,0.013157894736842105,True,True,False
2brm,263,263,5,0.019011406844106463,True,False,True
4dsy,1700,1700,1,0.000588235294117647,True,True,True
1yc4,210,210,13,0.06190476190476191,True,False,True
1oar,230,230,5,0.021739130434782608,True,True,True
5k00,311,311,12,0.03858520900321544,True,True,False
3qi3,325,325,5,0.015384615384615385,True,True,False
3c1n,1825,1825,43,0.023561643835616437,True,True,False
6pm9,535,535,7,0.013084112149532711,True,True,False
2fzk,2772,2772,16,0.005772005772005772,True,True,True
1rdi,223,223,3,0.013452914798206279,True,True,False
2nnk,198,198,13,0.06565656565656566,True,True,False
4ujb,364,364,8,0.02197802197802198,True,True,True
2a4r,370,370,13,0.03513513513513514,True,True,False
5e2l,920,920,12,0.013043478260869565,True,True,True
3djk,198,198,12,0.06060606060606061,True,True,True
4usi,335,335,10,0.029850746268656716,True,True,False
3a1d,540,540,18,0.03333333333333333,True,True,True
3cf1,4330,4330,43,0.009930715935334873,False,True,False
4hyu,322,322,5,0.015527950310559006,True,True,False
4f4p,262,262,7,0.026717557251908396,True,True,False
4wkc,464,464,5,0.010775862068965518,True,False,False
6gl3,354,354,7,0.01977401129943503,True,True,False
3ccn,275,275,7,0.025454545454545455,True,True,False
4f7l,594,594,9,0.015151515151515152,True,True,False
4urm,194,194,12,0.061855670103092786,True,False,False
1cim,256,256,3,0.01171875,True,True,False
3tt4,159,159,8,0.050314465408805034,True,True,True
4j0z,381,381,5,0.013123359580052493,True,True,False
6hgf,372,372,4,0.010752688172043012,True,True,True
5n55,229,229,6,0.026200873362445413,True,False,False
5aaf,254,254,3,0.011811023622047244,True,False,False
4pb1,1212,1212,5,0.004125412541254125,True,True,False
4h4b,1872,1872,3,0.0016025641025641025,True,True,False
1g9s,676,676,11,0.016272189349112426,True,True,False
5djr,684,684,6,0.008771929824561403,True,False,False
6jsn,381,381,3,0.007874015748031496,True,True,False
6gx3,397,397,4,0.010075566750629723,True,True,False
5cuu,757,757,11,0.01453104359313078,True,True,False
4b4g,1170,1170,29,0.024786324786324785,True,True,False
5mmp,191,191,8,0.041884816753926704,True,True,False
3hdm,285,285,6,0.021052631578947368,True,False,False
4ksp,513,513,21,0.04093567251461988,True,True,False
2f35,251,251,8,0.03187250996015936,True,True,True
6gg3,519,519,3,0.005780346820809248,True,True,False
6g0z,290,290,11,0.03793103448275862,True,False,True
4idv,335,335,10,0.029850746268656716,True,False,False
3a4p,285,285,7,0.02456140350877193,True,True,False
6r7j,252,252,9,0.03571428571428571,True,True,False
6cco,951,951,9,0.00946372239747634,True,False,False
5tz3,341,341,9,0.026392961876832845,True,True,False
2kce,528,528,23,0.043560606060606064,True,True,False
6fuh,220,220,9,0.04090909090909091,False,True,True
4jhq,494,494,21,0.04251012145748988,True,True,False
3mg8,1250,1250,11,0.0088,False,False,False
6bqk,193,193,12,0.06217616580310881,True,True,False
5alt,547,547,6,0.010968921389396709,False,True,False
4jv9,85,85,7,0.08235294117647059,True,True,False
3ekx,198,198,18,0.09090909090909091,True,True,True
4mk2,200,200,5,0.025,True,True,False
5oq7,259,259,7,0.02702702702702703,True,True,False
1a85,158,158,10,0.06329113924050633,True,True,False
5dp5,181,181,9,0.049723756906077346,True,True,False
3bxg,500,500,22,0.044,True,True,True
3sdk,1662,1662,8,0.0048134777376654635,False,True,False
4ahr,306,306,10,0.032679738562091505,True,True,True
5kqd,624,624,12,0.019230769230769232,True,True,False
2c1a,355,355,6,0.016901408450704224,True,True,False
3bmq,1007,1007,24,0.023833167825223437,True,True,False
4ts1,628,628,15,0.02388535031847134,True,True,True
3lcu,257,257,10,0.038910505836575876,True,True,False
4jlj,465,465,25,0.053763440860215055,True,True,False
4elf,166,166,12,0.07228915662650602,True,True,True
4rs0,556,556,6,0.01079136690647482,False,True,False
5qqp,229,229,10,0.043668122270742356,False,False,True
3u6w,804,804,5,0.006218905472636816,True,True,False
3db8,261,261,4,0.01532567049808429,True,True,False
5hh6,266,266,3,0.011278195488721804,True,True,False
2ccs,209,209,6,0.028708133971291867,False,False,False
6csf,858,858,7,0.008158508158508158,True,True,False
3bti,372,372,5,0.013440860215053764,True,True,False
5kit,940,940,16,0.01702127659574468,True,True,False
4luo,123,123,8,0.06504065040650407,True,True,False
3ejt,1016,1016,5,0.004921259842519685,True,True,False
6c0s,229,229,12,0.05240174672489083,False,True,True
4rt0,216,216,23,0.10648148148148148,True,True,False
6r8p,353,353,7,0.019830028328611898,True,True,False
6f7q,1054,1054,32,0.030360531309297913,True,True,False
4cmo,296,296,5,0.016891891891891893,False,True,True
3iw4,330,330,9,0.02727272727272727,True,False,False
4mvw,1055,1055,8,0.007582938388625593,True,True,False
4nk9,563,563,14,0.02486678507992895,True,False,False
6t6a,346,346,7,0.02023121387283237,True,False,False
5vp0,334,334,7,0.020958083832335328,True,True,False
5k8v,343,343,13,0.037900874635568516,True,True,False
5dp8,181,181,10,0.055248618784530384,True,True,False
5f4n,258,258,9,0.03488372093023256,True,True,False
5l44,662,662,12,0.01812688821752266,True,True,False
2yer,268,268,7,0.026119402985074626,True,False,False
3g2i,809,809,10,0.012360939431396786,True,True,False
3uix,266,266,10,0.03759398496240601,True,True,False
6apt,338,338,25,0.07396449704142012,True,False,False
4zh4,2491,2491,4,0.0016057808109193096,True,False,False
4wh9,177,177,6,0.03389830508474576,True,True,False
6mkw,237,237,4,0.016877637130801686,True,False,True
4tx6,309,309,5,0.016181229773462782,True,True,False
5tex,274,274,6,0.021897810218978103,True,True,False
2v59,445,445,7,0.015730337078651686,True,True,True
3ctr,75,75,4,0.05333333333333334,True,False,False
4xm6,486,486,9,0.018518518518518517,True,True,False
5kbq,289,289,9,0.031141868512110725,True,True,False
1ecq,1771,1771,38,0.021456804065499716,True,True,True
5oha,105,105,5,0.047619047619047616,True,True,True
6bs3,685,685,22,0.032116788321167884,True,True,True
2g70,261,261,5,0.019157088122605363,True,True,False
1bq3,938,938,12,0.01279317697228145,True,True,False
4qhp,848,848,13,0.015330188679245283,True,True,False
5ngz,152,152,2,0.013157894736842105,True,True,True
1vsn,215,215,9,0.04186046511627907,True,True,False
5ye7,368,368,12,0.03260869565217391,True,True,False
3cjo,330,330,7,0.021212121212121213,True,True,False
6d4q,662,662,3,0.004531722054380665,True,True,False
2drc,318,318,16,0.050314465408805034,True,True,True
3v3m,612,612,6,0.00980392156862745,False,True,False
3s3m,1104,1104,6,0.005434782608695652,True,True,False
5g2g,253,253,10,0.039525691699604744,True,True,True
6st0,298,298,9,0.030201342281879196,True,True,True
3wv1,170,170,12,0.07058823529411765,True,True,False
3oxi,322,322,2,0.006211180124223602,True,True,False
2wtx,894,894,21,0.02348993288590604,True,True,False
6eji,356,356,13,0.03651685393258427,True,True,False
3g4g,338,338,7,0.020710059171597635,True,True,False
5td7,626,626,2,0.003194888178913738,True,True,False
2w6n,445,445,9,0.020224719101123594,True,True,False
6tld,400,400,4,0.01,True,True,False
3dcv,273,273,6,0.02197802197802198,True,True,False
5l6j,1082,1082,12,0.011090573012939002,True,True,False
5amd,257,257,8,0.0311284046692607,True,True,True
5yy6,742,742,6,0.008086253369272238,True,True,False
4x8t,286,286,2,0.006993006993006993,False,True,False
2a2g,632,632,20,0.03164556962025317,True,True,False
1hdt,246,246,8,0.032520325203252036,False,True,False
3pcc,2598,2598,45,0.017321016166281754,True,True,False
6qre,425,425,19,0.04470588235294118,True,False,False
6c2r,500,500,9,0.018,True,False,True
6fag,257,257,7,0.027237354085603113,True,True,True
5o4f,250,250,7,0.028,True,True,True
6eq2,154,154,4,0.025974025974025976,True,False,True
5bsk,762,762,39,0.051181102362204724,True,True,False
5usq,299,299,9,0.030100334448160536,True,True,False
4qem,121,121,3,0.024793388429752067,True,True,True
5bml,788,788,10,0.012690355329949238,True,True,False
5t2d,820,820,7,0.00853658536585366,True,True,False
5lpm,116,116,11,0.09482758620689655,True,False,False
2ha5,1068,1068,12,0.011235955056179775,True,True,False
4fl2,555,555,10,0.018018018018018018,True,True,True
6pg8,300,300,5,0.016666666666666666,True,False,True
5lpj,116,116,9,0.07758620689655173,True,False,False
1pzi,515,515,27,0.05242718446601942,True,True,True
1gz3,2216,2216,42,0.01895306859205776,True,True,False
5h8x,163,163,9,0.05521472392638037,True,True,False
4ylj,346,346,8,0.023121387283236993,True,False,False
6uii,616,616,3,0.00487012987012987,True,True,False
2xto,224,224,9,0.04017857142857143,True,False,False
1bil,654,654,26,0.039755351681957186,False,True,False
4p72,2061,2061,15,0.00727802037845706,True,True,False
6dxl,356,356,8,0.02247191011235955,True,True,False
3sl0,924,924,8,0.008658008658008658,True,True,False
4dpu,330,330,8,0.024242424242424242,True,True,False
3k3b,335,335,10,0.029850746268656716,True,True,False
4b77,376,376,6,0.015957446808510637,True,True,False
2y55,466,466,3,0.006437768240343348,True,True,False
2xei,1388,1388,12,0.008645533141210375,True,True,True
3n7s,178,178,10,0.056179775280898875,True,True,False
5ek9,107,107,9,0.08411214953271028,True,True,False
6mlh,447,447,9,0.020134228187919462,True,True,False
1g9r,271,271,14,0.05166051660516605,True,True,False
4r5t,886,886,9,0.010158013544018058,True,True,True
2wej,258,258,3,0.011627906976744186,True,True,True
4q06,258,258,7,0.027131782945736434,True,True,False
5j9y,300,300,6,0.02,True,True,False
3are,832,832,24,0.028846153846153848,True,True,False
2hd6,257,257,4,0.01556420233463035,True,True,False
3dc2,2098,2098,6,0.002859866539561487,True,True,False
4qf9,494,494,15,0.030364372469635626,True,True,True
5dd9,467,467,5,0.010706638115631691,False,True,False
1yqj,356,356,13,0.03651685393258427,True,True,True
2wbd,1274,1274,33,0.025902668759811617,False,True,False
2y7z,281,281,8,0.028469750889679714,False,True,True
1nj5,926,926,11,0.011879049676025918,True,True,False
3c7n,1189,1189,21,0.017661900756938603,True,True,False
2rku,294,294,6,0.02040816326530612,True,True,False
6dtx,959,959,9,0.009384775808133473,True,True,False
3v5q,263,263,14,0.053231939163498096,True,False,False
4iku,304,304,7,0.023026315789473683,True,True,False
4jfl,128,128,8,0.0625,True,True,False
6q60,527,527,14,0.026565464895635674,True,True,True
4rlk,327,327,10,0.03058103975535168,True,True,False
3dz6,293,293,6,0.020477815699658702,True,True,False
5khh,776,776,7,0.00902061855670103,True,True,False
4mwr,1552,1552,10,0.006443298969072165,True,True,False
5l2w,567,567,9,0.015873015873015872,True,True,False
1v1j,1800,1800,114,0.06333333333333334,True,True,True
2pze,226,226,13,0.05752212389380531,True,True,False
5hls,127,127,8,0.06299212598425197,True,True,False
4yt7,288,288,8,0.027777777777777776,False,False,False
6etg,331,331,5,0.015105740181268883,True,False,False
4mzs,218,218,8,0.03669724770642202,True,True,False
6gmd,325,325,9,0.027692307692307693,True,True,False
3vgc,226,226,7,0.030973451327433628,True,True,False
2ork,452,452,4,0.008849557522123894,True,True,False
3rxi,223,223,5,0.02242152466367713,True,False,False
5cdh,651,651,7,0.010752688172043012,True,True,False
2r3o,290,290,7,0.02413793103448276,False,True,False
4awg,187,187,4,0.0213903743315508,True,True,False
2ko7,117,117,5,0.042735042735042736,True,True,False
2j83,516,516,15,0.029069767441860465,True,True,False
3n2v,158,158,4,0.02531645569620253,True,True,True
6fdu,239,239,8,0.03347280334728033,True,True,False
3hww,1071,1071,9,0.008403361344537815,True,True,True
6fcj,208,208,5,0.02403846153846154,True,True,True
4i9r,137,137,10,0.072992700729927,True,True,False
3zs0,1138,1138,2,0.0017574692442882249,True,False,False
3b9s,342,342,11,0.03216374269005848,True,True,False
3zqe,250,250,4,0.016,False,True,True
4fxj,1923,1923,20,0.010400416016640665,True,True,False
2ntf,420,420,5,0.011904761904761904,False,True,False
4xum,260,260,11,0.04230769230769231,True,True,False
5drs,257,257,5,0.019455252918287938,True,True,False
4bt5,472,472,3,0.006355932203389831,True,True,True
5x4q,130,130,2,0.015384615384615385,True,True,False
1jtq,526,526,9,0.017110266159695818,True,False,False
5tg1,166,166,6,0.03614457831325301,True,True,False
4kb8,265,265,6,0.022641509433962263,True,True,False
1lqe,220,220,8,0.03636363636363636,False,True,False
1e6q,998,998,5,0.00501002004008016,True,False,True
3usn,168,168,4,0.023809523809523808,True,True,False
5cqj,418,418,6,0.014354066985645933,True,True,False
4j0y,379,379,7,0.018469656992084433,True,True,False
3dkf,294,294,9,0.030612244897959183,True,True,False
6fi1,57,57,6,0.10526315789473684,True,True,False
5w5o,550,550,15,0.02727272727272727,True,True,False
2j2i,273,273,9,0.03296703296703297,True,True,False
6f94,187,187,6,0.03208556149732621,True,True,False
2wuf,564,564,8,0.014184397163120567,True,True,True
1tjp,1322,1322,12,0.009077155824508321,True,True,True
2z78,638,638,30,0.047021943573667714,True,True,False
4ufj,640,640,7,0.0109375,True,True,True
4po0,583,583,15,0.025728987993138937,True,True,False
2y54,1025,1025,26,0.025365853658536587,True,True,False
5lgo,220,220,10,0.045454545454545456,False,True,False
5mae,217,217,9,0.041474654377880185,True,True,False
2xk7,246,246,6,0.024390243902439025,True,True,False
3wzq,499,499,25,0.050100200400801605,True,True,False
1g9d,1287,1287,20,0.01554001554001554,True,False,False
5yyb,478,478,9,0.01882845188284519,True,True,False
4knr,1350,1350,11,0.008148148148148147,True,True,False
4mwx,1552,1552,9,0.005798969072164949,True,True,False
6hkn,333,333,9,0.02702702702702703,True,True,False
4dld,509,509,18,0.03536345776031434,True,True,True
1m2q,327,327,8,0.024464831804281346,True,True,True
4rvt,578,578,10,0.01730103806228374,True,True,False
3agl,338,338,15,0.04437869822485207,True,True,True
5m56,331,331,9,0.027190332326283987,True,True,False
3hl8,456,456,6,0.013157894736842105,True,True,True
4iic,1665,1665,13,0.007807807807807808,True,True,True
3eb1,283,283,5,0.0176678445229682,True,True,True
1ssq,1494,1494,5,0.0033467202141900937,True,True,True
2ha7,1070,1070,2,0.001869158878504673,True,True,False
2avm,198,198,19,0.09595959595959595,True,True,True
5pzn,545,545,9,0.01651376146788991,True,True,False
1n95,713,713,7,0.009817671809256662,True,True,False
5d3j,126,126,8,0.06349206349206349,True,False,True
2y8c,404,404,16,0.039603960396039604,True,True,True
6h4u,341,341,4,0.011730205278592375,True,True,False
1ec1,198,198,19,0.09595959595959595,True,True,True
3arz,567,567,5,0.008818342151675485,True,True,False
4ozo,918,918,12,0.013071895424836602,True,True,False
3h30,333,333,9,0.02702702702702703,True,True,True
2qft,427,427,8,0.01873536299765808,True,True,False
1yw2,341,341,5,0.01466275659824047,True,True,False
3wk8,1092,1092,8,0.007326007326007326,True,True,False
4k2f,710,710,9,0.01267605633802817,True,True,False
5hlp,337,337,4,0.011869436201780416,True,False,False
3bki,257,257,6,0.023346303501945526,True,True,False
3f3d,1018,1018,7,0.0068762278978389,True,True,True
2a4q,370,370,9,0.024324324324324326,True,True,False
5u00,341,341,8,0.02346041055718475,True,True,False
1c8v,1302,1302,13,0.009984639016897081,True,True,False
2yaz,520,520,20,0.038461538461538464,True,True,True
3ro0,829,829,16,0.019300361881785282,True,False,False
3hqr,225,225,3,0.013333333333333334,True,True,False
5t8e,249,249,5,0.020080321285140562,True,True,False
4jjs,559,559,8,0.014311270125223614,True,True,False
6e3s,540,540,6,0.011111111111111112,True,True,False
2h15,256,256,7,0.02734375,True,True,True
4m5j,157,157,7,0.044585987261146494,True,False,False
4gtt,635,635,8,0.012598425196850394,True,True,False
4gtv,631,631,8,0.012678288431061807,True,True,False
1fd7,515,515,42,0.08155339805825243,True,True,False
6b4l,150,150,7,0.04666666666666667,True,False,True
5u48,462,462,6,0.012987012987012988,True,True,False
3wzu,270,270,5,0.018518518518518517,True,True,False
4ksy,362,362,5,0.013812154696132596,True,False,True
2zva,261,261,4,0.01532567049808429,True,True,False
4bfp,208,208,11,0.052884615384615384,True,True,False
5wip,278,278,4,0.014388489208633094,True,True,False
4ad6,160,160,7,0.04375,True,False,True
5nvh,208,208,8,0.038461538461538464,True,True,False
5mi6,688,688,6,0.00872093023255814,True,True,False
5ows,417,417,20,0.047961630695443645,True,True,False
5unf,785,785,30,0.03821656050955414,True,False,False
5ohi,778,778,8,0.010282776349614395,True,False,False
5bqi,444,444,4,0.009009009009009009,True,False,False
4i8x,1314,1314,10,0.0076103500761035,True,True,True
6pfj,368,368,17,0.04619565217391304,True,False,False
6eg9,274,274,10,0.0364963503649635,True,True,False
3k22,250,250,6,0.024,True,True,False
1ajx,198,198,14,0.0707070707070707,True,True,True
4rvl,258,258,5,0.01937984496124031,True,False,False
5yr5,304,304,7,0.023026315789473683,True,True,False
5tt3,435,435,4,0.009195402298850575,True,True,True
6e4a,126,126,5,0.03968253968253968,True,True,True
2ojg,337,337,7,0.020771513353115726,True,False,True
2x7d,335,335,7,0.020895522388059702,True,True,False
5fl1,703,703,9,0.012802275960170697,True,True,False
3bf1,496,496,17,0.034274193548387094,True,True,False
4da5,682,682,12,0.017595307917888565,True,True,True
3rz1,257,257,6,0.023346303501945526,True,True,True
4rio,285,285,5,0.017543859649122806,True,True,False
2i4w,198,198,14,0.0707070707070707,True,True,True
1r5g,369,369,8,0.02168021680216802,True,True,False
3dxj,3541,3541,9,0.0025416548997458347,True,True,False
3ufa,199,199,6,0.03015075376884422,True,True,False
4n8d,1460,1460,11,0.007534246575342466,True,True,False
5tqg,286,286,9,0.03146853146853147,False,True,False
4nak,418,418,3,0.007177033492822967,True,False,False
6h9x,856,856,12,0.014018691588785047,True,True,False
5en3,462,462,5,0.010822510822510822,True,True,True
6gg4,508,508,6,0.011811023622047244,True,True,True
6ek3,391,391,12,0.030690537084398978,True,True,False
4j0a,559,559,10,0.017889087656529516,True,True,False
5hva,271,271,9,0.033210332103321034,True,True,True
3d1v,864,864,3,0.003472222222222222,True,True,False
4xsz,2506,2506,6,0.0023942537909018356,True,False,False
4fbe,303,303,2,0.006600660066006601,True,True,False
2obf,257,257,9,0.03501945525291829,True,True,False
4wy1,394,394,6,0.015228426395939087,True,True,False
4mwy,1552,1552,10,0.006443298969072165,True,True,False
4ool,499,499,12,0.02404809619238477,True,True,False
5zwi,240,240,12,0.05,True,True,False
1qm4,736,736,1,0.001358695652173913,True,True,False
1i8j,2584,2584,18,0.00696594427244582,True,True,False
3gc5,736,736,8,0.010869565217391304,True,False,True
2xm9,574,574,8,0.013937282229965157,True,False,False
6dha,255,255,5,0.0196078431372549,True,True,False
1i33,1432,1432,31,0.02164804469273743,True,True,False
6czd,453,453,22,0.04856512141280353,True,True,False
5ccl,425,425,7,0.01647058823529412,True,True,False
3mxr,265,265,6,0.022641509433962263,True,True,False
5wfm,179,179,2,0.0111731843575419,True,True,False
4w52,164,164,7,0.042682926829268296,True,True,True
1stc,351,351,11,0.03133903133903134,True,True,True
4i9i,212,212,12,0.05660377358490566,True,True,False
3ftq,254,254,14,0.05511811023622047,True,False,False
4int,1525,1525,13,0.008524590163934427,True,True,False
4qf8,121,121,4,0.03305785123966942,True,True,True
5dhs,525,525,16,0.030476190476190476,True,True,False
1jjk,446,446,20,0.04484304932735426,True,True,False
4wkb,474,474,7,0.014767932489451477,True,False,True
3kmm,270,270,9,0.03333333333333333,True,True,False
6guk,278,278,7,0.025179856115107913,True,True,True
1p2a,271,271,8,0.02952029520295203,True,False,False
1a4w,239,239,8,0.03347280334728033,False,True,True
4rsk,124,124,7,0.056451612903225805,True,True,True
3nex,464,464,9,0.01939655172413793,True,True,True
6ugq,257,257,10,0.038910505836575876,True,True,False
3mg6,1443,1443,10,0.00693000693000693,False,True,False
2xx2,428,428,19,0.04439252336448598,True,True,False
1f40,107,107,5,0.04672897196261682,True,True,False
3wzp,492,492,31,0.06300813008130081,True,True,False
2k0g,142,142,7,0.04929577464788732,True,True,False
1ze8,258,258,5,0.01937984496124031,True,False,False
2xog,121,121,8,0.06611570247933884,True,True,True
5ovh,455,455,7,0.015384615384615385,True,True,False
2ggd,445,445,9,0.020224719101123594,True,True,False
3jqa,991,991,12,0.012108980827447022,True,False,False
3zmm,273,273,5,0.018315018315018316,True,False,False
1ga9,358,358,8,0.0223463687150838,True,True,False
4lrr,526,526,5,0.009505703422053232,True,True,True
1sqc,619,619,4,0.006462035541195477,True,True,False
6qhr,286,286,6,0.02097902097902098,True,False,False
3l9m,357,357,10,0.028011204481792718,True,False,False
6mxb,430,430,18,0.04186046511627907,True,True,False
4kn4,3646,3646,8,0.0021941854086670325,True,True,False
4m3e,386,386,8,0.02072538860103627,False,True,False
5nwd,208,208,8,0.038461538461538464,True,True,False
4xjr,855,855,14,0.016374269005847954,True,True,False
2x6f,1085,1085,4,0.003686635944700461,True,True,False
2q80,1706,1706,52,0.03048065650644783,True,True,False
1rgl,104,104,6,0.057692307692307696,True,True,False
5jbi,820,820,22,0.026829268292682926,True,True,False
4npv,323,323,4,0.01238390092879257,True,True,False
6rfi,273,273,7,0.02564102564102564,True,True,False
4u6c,304,304,7,0.023026315789473683,True,True,True
4flh,840,840,9,0.010714285714285714,True,True,False
5ut4,273,273,5,0.018315018315018316,True,True,False
2am1,442,442,11,0.024886877828054297,True,True,False
4zv1,226,226,8,0.035398230088495575,True,True,True
6ajg,900,900,13,0.014444444444444444,True,True,False
6guh,284,284,8,0.028169014084507043,True,True,True
5zma,253,253,9,0.03557312252964427,True,True,False
2w2i,305,305,5,0.01639344262295082,True,True,False
3o8g,388,388,5,0.01288659793814433,True,True,False
1o4o,106,106,6,0.05660377358490566,True,True,False
3tnh,532,532,9,0.016917293233082706,True,False,False
5g5v,335,335,8,0.023880597014925373,True,True,True
3wpn,309,309,3,0.009708737864077669,True,True,False
1ysi,181,181,10,0.055248618784530384,True,True,False
3i7b,459,459,7,0.015250544662309368,True,True,False
1ydt,354,354,9,0.025423728813559324,True,True,True
2i4z,540,540,10,0.018518518518518517,True,True,True
1me4,204,204,8,0.0392156862745098,False,True,False
5y0z,288,288,10,0.034722222222222224,True,True,False
2xm1,645,645,12,0.018604651162790697,True,True,True
1xud,169,169,8,0.047337278106508875,True,True,False
1ii5,442,442,6,0.013574660633484163,True,True,True
4oz3,467,467,8,0.017130620985010708,True,False,False
4k4e,208,208,10,0.04807692307692308,True,True,False
4zg7,776,776,9,0.011597938144329897,True,True,False
3rr4,736,736,9,0.012228260869565218,True,False,True
4uyf,119,119,11,0.09243697478991597,True,True,True
4d3h,308,308,33,0.10714285714285714,True,True,True
3bpr,261,261,5,0.019157088122605363,True,True,False
2qwc,1548,1548,9,0.005813953488372093,False,True,True
1onh,363,363,7,0.01928374655647383,True,True,False
3r0y,198,198,8,0.04040404040404041,True,True,False
4wet,375,375,6,0.016,True,True,False
1ws1,151,151,10,0.06622516556291391,True,True,True
5zwe,240,240,10,0.041666666666666664,True,True,False
2xf0,251,251,3,0.01195219123505976,True,False,False
1o0m,124,124,6,0.04838709677419355,True,True,True
2pzy,291,291,7,0.024054982817869417,True,False,False
1zhy,436,436,11,0.02522935779816514,True,True,True
6iiv,461,461,8,0.01735357917570499,True,True,False
1dzj,148,148,3,0.02027027027027027,True,True,False
5l9i,326,326,9,0.027607361963190184,True,True,True
3k7f,1088,1088,25,0.02297794117647059,True,True,False
6htz,401,401,5,0.012468827930174564,True,True,False
3oj8,1089,1089,29,0.02662993572084481,True,True,False
3gs7,458,458,2,0.004366812227074236,True,True,False
4y6p,820,820,20,0.024390243902439025,True,True,False
1d4l,194,194,15,0.07731958762886598,True,True,True
6gch,452,452,6,0.01327433628318584,True,True,False
5elz,544,544,7,0.012867647058823529,True,True,False
5i2f,228,228,9,0.039473684210526314,True,True,True
4o71,127,127,7,0.05511811023622047,True,True,False
6c3u,276,276,11,0.03985507246376811,True,False,False
6e7s,721,721,9,0.012482662968099861,True,True,False
3q77,210,210,4,0.01904761904761905,False,True,False
2gpp,473,473,10,0.021141649048625793,True,True,False
4c4h,248,248,4,0.016129032258064516,True,True,False
5akz,546,546,6,0.01098901098901099,True,True,False
6nfz,544,544,16,0.029411764705882353,True,False,False
3q44,889,889,15,0.01687289088863892,True,True,True
6imi,645,645,13,0.020155038759689922,True,True,False
6hvi,433,433,7,0.016166281755196306,True,True,False
5yfz,884,884,11,0.012443438914027148,True,False,False
1lvu,1638,1638,61,0.03724053724053724,True,True,True
6ajz,133,133,7,0.05263157894736842,True,True,True
3zrk,369,369,6,0.016260162601626018,True,True,False
2i4t,1378,1378,18,0.013062409288824383,True,False,False
4urn,188,188,8,0.0425531914893617,True,True,False
3sgv,439,439,40,0.09111617312072894,True,True,False
3lea,258,258,7,0.027131782945736434,True,True,True
6fqo,115,115,10,0.08695652173913043,False,True,False
5u13,532,532,12,0.022556390977443608,True,False,True
5knj,252,252,9,0.03571428571428571,True,True,False
1w5y,198,198,20,0.10101010101010101,True,True,True
5n25,257,257,6,0.023346303501945526,True,True,True
4rd0,414,414,19,0.04589371980676329,True,False,True
5lny,207,207,11,0.05314009661835749,True,False,True
3b7u,610,610,7,0.011475409836065573,True,True,True
3wbl,283,283,6,0.02120141342756184,True,True,False
3kqr,1020,1020,20,0.0196078431372549,True,True,True
1cny,256,256,3,0.01171875,True,True,True
6qrd,414,414,12,0.028985507246376812,True,False,False
2wl0,198,198,22,0.1111111111111111,True,True,True
2zmj,240,240,16,0.06666666666666667,True,True,False
5e88,137,137,4,0.029197080291970802,True,True,False
5oh4,105,105,6,0.05714285714285714,True,True,True
6i8m,348,348,7,0.020114942528735632,True,True,True
6h34,257,257,5,0.019455252918287938,True,True,True
5k0b,214,214,7,0.03271028037383177,True,False,False
3bkl,582,582,11,0.018900343642611683,True,False,True
5nad,256,256,6,0.0234375,True,True,False
5q1f,229,229,15,0.06550218340611354,True,True,False
3hvg,379,379,8,0.021108179419525065,True,False,False
5nhv,345,345,6,0.017391304347826087,True,True,False
6nu5,522,522,6,0.011494252873563218,True,True,True
2wjg,170,170,10,0.058823529411764705,True,False,True
4twp,266,266,7,0.02631578947368421,True,False,True
5ory,264,264,4,0.015151515151515152,True,False,False
4ci2,1461,1461,6,0.004106776180698152,True,True,False
5mon,220,220,6,0.02727272727272727,False,True,False
3fj7,462,462,14,0.030303030303030304,True,True,True
2wa3,670,670,6,0.008955223880597015,True,True,False
6i17,484,484,10,0.02066115702479339,True,True,True
5fdg,181,181,2,0.011049723756906077,True,True,False
1ebg,872,872,14,0.016055045871559634,True,True,False
2c1b,355,355,10,0.028169014084507043,True,True,False
5wyx,1489,1489,26,0.017461383478844864,True,True,True
2vto,283,283,4,0.014134275618374558,True,False,False
3oqf,327,327,7,0.021406727828746176,False,True,False
4mq6,562,562,24,0.042704626334519574,True,True,True
4z7h,385,385,9,0.023376623376623377,True,True,False
1uyc,209,209,8,0.03827751196172249,False,True,False
6e99,331,331,9,0.027190332326283987,True,True,False
3su0,198,198,13,0.06565656565656566,True,True,True
1v2l,220,220,5,0.022727272727272728,False,True,True
3qup,241,241,9,0.03734439834024896,True,False,False
3ft8,412,412,9,0.021844660194174758,True,True,False
4mgv,244,244,7,0.028688524590163935,True,True,False
3skc,260,260,11,0.04230769230769231,True,False,False
5ih8,306,306,8,0.026143790849673203,True,True,False
1g50,494,494,10,0.020242914979757085,True,True,False
1jak,499,499,8,0.01603206412825651,True,True,True
6g27,119,119,6,0.05042016806722689,True,True,True
2nnp,198,198,16,0.08080808080808081,True,True,False
6q9h,92,92,3,0.03260869565217391,True,False,False
4uuq,580,580,7,0.01206896551724138,True,True,False
1bn4,257,257,6,0.023346303501945526,True,True,True
4ih6,557,557,7,0.012567324955116697,True,True,True
3jsi,328,328,7,0.021341463414634148,True,True,False
2uy5,286,286,7,0.024475524475524476,False,False,True
3p2h,184,184,10,0.05434782608695652,True,True,False
4mw2,1052,1052,9,0.008555133079847909,True,True,False
6gip,296,296,11,0.037162162162162164,True,True,False
1o86,575,575,8,0.01391304347826087,False,True,True
6dd0,230,230,4,0.017391304347826087,True,True,True
1yp9,220,220,9,0.04090909090909091,False,True,True
3ml5,262,262,5,0.019083969465648856,True,True,True
3q6w,297,297,10,0.03367003367003367,True,True,True
3rk7,294,294,5,0.017006802721088437,True,True,False
3sfh,342,342,8,0.023391812865497075,True,True,False
1qku,500,500,17,0.034,True,True,False
3qpo,305,305,7,0.022950819672131147,True,True,False
5osy,591,591,21,0.03553299492385787,True,True,False
2qmf,390,390,12,0.03076923076923077,True,True,False
5w4v,418,418,21,0.050239234449760764,True,True,False
5fl4,251,251,5,0.0199203187250996,True,True,True
5k4x,660,660,4,0.006060606060606061,True,False,False
2wkt,1554,1554,31,0.019948519948519948,False,True,False
6ap8,266,266,11,0.041353383458646614,True,True,False
4own,691,691,21,0.030390738060781478,True,True,False
4p4b,694,694,12,0.01729106628242075,True,True,False
3h2m,540,540,10,0.018518518518518517,True,False,False
3zim,886,886,3,0.003386004514672686,True,False,False
6f3i,258,258,7,0.027131782945736434,True,True,False
1m5f,774,774,21,0.027131782945736434,True,True,False
5oq8,261,261,8,0.03065134099616858,True,True,True
2zdt,342,342,8,0.023391812865497075,True,True,False
3i6m,1068,1068,11,0.010299625468164793,True,True,False
2epn,1246,1246,12,0.009630818619582664,True,True,True
5knx,698,698,22,0.03151862464183381,True,True,False
1q54,356,356,12,0.033707865168539325,True,True,True
6qr7,417,417,11,0.026378896882494004,True,False,True
3wci,2004,2004,52,0.02594810379241517,True,True,False
2vxn,498,498,10,0.020080321285140562,True,True,True
2i0y,289,289,8,0.02768166089965398,True,True,False
3p9t,422,422,8,0.018957345971563982,True,True,False
5lp6,861,861,5,0.005807200929152149,True,True,False
4x7o,246,246,12,0.04878048780487805,True,True,False
4l32,208,208,7,0.03365384615384615,True,True,False
1rth,962,962,6,0.006237006237006237,True,True,False
1z71,241,241,5,0.02074688796680498,False,False,True
4wt6,273,273,9,0.03296703296703297,True,False,False
1bky,582,582,3,0.005154639175257732,True,True,False
1f4x,426,426,5,0.011737089201877934,True,True,True
2xxt,496,496,13,0.02620967741935484,True,True,True
4jbo,266,266,12,0.045112781954887216,True,True,False
5k1f,358,358,6,0.01675977653631285,True,True,True
1q5k,689,689,6,0.008708272859216255,True,True,True
3dpk,279,279,8,0.02867383512544803,True,True,False
5ye9,369,369,12,0.032520325203252036,True,True,False
5ncz,827,827,6,0.007255139056831923,True,True,False
4h3g,390,390,6,0.015384615384615385,True,True,True
5i0l,158,158,7,0.04430379746835443,True,True,False
3m35,219,219,6,0.0273972602739726,False,True,True
3d7b,124,124,5,0.04032258064516129,True,True,False
2d1n,166,166,8,0.04819277108433735,True,True,True
1os0,316,316,9,0.028481012658227847,True,True,True
6czu,129,129,6,0.046511627906976744,True,True,False
5irr,273,273,15,0.054945054945054944,True,False,True
3cr4,180,180,4,0.022222222222222223,True,True,False
3bra,370,370,3,0.008108108108108109,True,True,True
2vvu,280,280,6,0.02142857142857143,False,True,True
6ccl,954,954,8,0.008385744234800839,True,True,False
1hv5,162,162,9,0.05555555555555555,True,False,False
5zef,591,591,10,0.01692047377326565,True,True,False
4inr,1737,1737,22,0.012665515256188831,True,True,False
4gu9,252,252,3,0.011904761904761904,True,False,True
2xmy,295,295,10,0.03389830508474576,True,True,True
6fa5,635,635,10,0.015748031496062992,True,True,False
2fl2,330,330,8,0.024242424242424242,True,True,False
3rni,294,294,7,0.023809523809523808,True,True,False
1l2s,355,355,10,0.028169014084507043,True,True,False
2y5k,1275,1275,39,0.03058823529411765,False,True,False
4pid,204,204,3,0.014705882352941176,True,True,False
5jv0,682,682,13,0.01906158357771261,True,True,False
4i7p,176,176,1,0.005681818181818182,True,False,True
5nge,337,337,9,0.026706231454005934,True,True,False
1nfx,280,280,8,0.02857142857142857,False,True,True
5wal,286,286,5,0.017482517482517484,True,False,True
5vyy,208,208,9,0.04326923076923077,True,True,True
2yga,428,428,13,0.030373831775700934,True,True,False
5km3,227,227,6,0.02643171806167401,True,True,False
3lgp,251,251,12,0.04780876494023904,True,True,False
6ccq,948,948,14,0.014767932489451477,True,False,False
5j6m,422,422,12,0.02843601895734597,True,True,True
3vh9,291,291,3,0.010309278350515464,True,True,True
4zy4,288,288,4,0.013888888888888888,True,False,False
3nkk,220,220,4,0.01818181818181818,False,True,True
4pmt,273,273,5,0.018315018315018316,True,True,False
6qho,275,275,3,0.01090909090909091,True,True,False
4iwz,257,257,5,0.019455252918287938,True,True,True
6ekq,116,116,4,0.034482758620689655,True,True,True
5urj,1707,1707,7,0.004100761570005858,True,True,False
5lxp,363,363,13,0.03581267217630854,True,True,False
4zx3,889,889,5,0.00562429696287964,True,True,True
3f9n,253,253,5,0.019762845849802372,True,True,False
5h15,385,385,6,0.015584415584415584,True,True,False
6hke,294,294,8,0.027210884353741496,True,True,True
5w9g,178,178,5,0.028089887640449437,True,True,False
5m6m,104,104,8,0.07692307692307693,True,True,False
1f0u,220,220,7,0.031818181818181815,False,True,True
4o12,943,943,21,0.022269353128313893,True,True,False
6tel,312,312,8,0.02564102564102564,True,True,False
6e5t,139,139,9,0.06474820143884892,True,True,True
4lhv,165,165,13,0.07878787878787878,True,False,True
2xjx,221,221,10,0.04524886877828054,True,True,True
5yls,865,865,7,0.008092485549132947,True,True,False
5ujv,192,192,9,0.046875,True,True,False
3bl1,256,256,6,0.0234375,True,True,True
5hx8,291,291,8,0.027491408934707903,True,False,False
5op2,263,263,7,0.026615969581749048,True,True,False
6s4u,236,236,15,0.0635593220338983,True,True,False
5o07,256,256,1,0.00390625,True,True,True
2xk8,246,246,6,0.024390243902439025,True,True,False
1jmf,632,632,5,0.007911392405063292,True,True,True
6e59,479,479,7,0.014613778705636743,True,False,False
3q2m,329,329,4,0.0121580547112462,True,True,False
4acm,277,277,7,0.02527075812274368,True,True,False
1br6,268,268,9,0.033582089552238806,True,True,True
4mdn,94,94,10,0.10638297872340426,True,False,True
6ep4,523,523,1,0.0019120458891013384,True,True,True
4d8s,1524,1524,4,0.0026246719160104987,False,True,False
5ttu,271,271,4,0.014760147601476014,True,False,False
4pxm,456,456,17,0.03728070175438596,True,True,False
3d3p,336,336,6,0.017857142857142856,True,True,False
1bug,336,336,2,0.005952380952380952,True,True,False
3u3u,232,232,6,0.02586206896551724,True,True,False
1w6h,325,325,12,0.036923076923076927,True,True,False
5l99,116,116,5,0.04310344827586207,True,True,False
5t9u,163,163,9,0.05521472392638037,True,True,True
5zty,449,449,9,0.0200445434298441,True,True,False
3ry8,611,611,5,0.008183306055646482,True,True,False
4gdy,843,843,26,0.03084223013048636,True,True,False
5f1z,281,281,4,0.014234875444839857,True,False,False
1g2o,786,786,24,0.030534351145038167,True,False,True
2zns,255,255,6,0.023529411764705882,True,True,False
4h5e,692,692,11,0.015895953757225433,True,True,False
5aa9,296,296,6,0.02027027027027027,False,True,True
4hbm,106,106,9,0.08490566037735849,True,True,True
4ckr,295,295,12,0.04067796610169491,True,True,False
3m11,256,256,11,0.04296875,True,True,False
5j7b,558,558,21,0.03763440860215054,True,False,False
6i12,484,484,9,0.01859504132231405,True,True,True
3iaw,191,191,16,0.08376963350785341,True,True,False
3ejs,1016,1016,5,0.004921259842519685,True,True,False
5jz9,284,284,6,0.02112676056338028,True,True,False
6q4g,282,282,8,0.028368794326241134,True,False,True
4awm,178,178,12,0.06741573033707865,True,True,False
4axd,866,866,15,0.017321016166281754,True,True,True
6c9p,627,627,15,0.023923444976076555,True,True,False
6qr3,412,412,10,0.024271844660194174,False,False,True
6hu2,401,401,4,0.00997506234413965,True,True,False
3w2t,1458,1458,19,0.013031550068587106,True,True,False
3hcm,181,181,9,0.049723756906077346,True,True,True
6d2o,209,209,2,0.009569377990430622,True,False,True
4lbu,738,738,11,0.014905149051490514,True,False,True
1hpo,198,198,13,0.06565656565656566,True,True,True
1ody,198,198,18,0.09090909090909091,True,True,False
5ayy,867,867,6,0.006920415224913495,True,True,False
2ay6,782,782,7,0.008951406649616368,True,False,False
2i4j,540,540,12,0.022222222222222223,True,True,True
2avq,198,198,19,0.09595959595959595,True,True,True
2ph9,1068,1068,11,0.010299625468164793,True,True,False
4deg,286,286,8,0.027972027972027972,True,True,False
5mar,302,302,5,0.016556291390728478,True,True,False
6qln,138,138,8,0.057971014492753624,True,True,True
4r74,319,319,11,0.034482758620689655,True,True,True
4l2x,692,692,13,0.01878612716763006,True,True,False
5hkb,594,594,12,0.020202020202020204,True,True,False
4fai,302,302,2,0.006622516556291391,True,True,True
4ogt,99,99,10,0.10101010101010101,True,True,False
5oq5,265,265,6,0.022641509433962263,True,True,False
5eqe,697,697,11,0.015781922525107604,True,True,True
1w1y,994,994,37,0.03722334004024145,False,True,False
4ay5,698,698,10,0.014326647564469915,True,True,False
2f9u,377,377,13,0.034482758620689655,True,True,False
1ftj,258,258,8,0.031007751937984496,True,True,False
1hvh,198,198,13,0.06565656565656566,True,True,True
2ayp,268,268,10,0.03731343283582089,True,False,False
5uln,259,259,6,0.023166023166023165,True,True,True
4dfg,198,198,10,0.050505050505050504,True,True,True
3pxf,302,302,16,0.052980132450331126,True,True,False
4abv,230,230,7,0.030434782608695653,True,True,False
4rcf,370,370,10,0.02702702702702703,True,True,False
5ajy,439,439,6,0.01366742596810934,True,False,False
5n87,255,255,6,0.023529411764705882,True,True,False
1o2s,219,219,9,0.0410958904109589,False,False,False
6bh8,371,371,7,0.018867924528301886,True,False,False
5kw2,411,411,12,0.029197080291970802,True,True,False
4nyj,800,800,2,0.0025,True,False,False
4n8e,1461,1461,10,0.006844626967830253,True,True,False
5aqp,492,492,4,0.008130081300813009,True,True,False
1q8u,361,361,9,0.024930747922437674,True,True,True
5z66,512,512,15,0.029296875,True,True,True
4p73,2064,2064,8,0.003875968992248062,True,True,False
4gfm,289,289,3,0.010380622837370242,True,True,True
2g0h,542,542,17,0.03136531365313653,True,True,False
4bt4,472,472,4,0.00847457627118644,True,True,True
5llc,258,258,4,0.015503875968992248,True,True,True
3w5n,1029,1029,26,0.025267249757045675,True,True,True
4djr,198,198,12,0.06060606060606061,True,True,True
2r3j,281,281,5,0.017793594306049824,False,True,False
5usf,802,802,15,0.018703241895261846,True,True,False
4tya,544,544,2,0.003676470588235294,True,True,False
4lmn,292,292,7,0.023972602739726026,True,True,False
2f6v,297,297,11,0.037037037037037035,True,True,False
6dyv,464,464,11,0.023706896551724137,True,False,True
4lzs,127,127,5,0.03937007874015748,True,False,True
6g9j,347,347,12,0.0345821325648415,True,True,False
3hku,257,257,7,0.027237354085603113,True,True,True
3t0x,209,209,13,0.06220095693779904,False,False,True
2g5t,1452,1452,10,0.006887052341597796,True,True,False
5hrv,115,115,6,0.05217391304347826,True,False,True
6ggv,212,212,7,0.0330188679245283,True,True,False
4rqv,288,288,9,0.03125,True,True,True
5tzy,418,418,11,0.02631578947368421,True,True,False
5am7,294,294,4,0.013605442176870748,True,False,True
4b33,220,220,4,0.01818181818181818,True,True,True
4htx,663,663,23,0.03469079939668175,True,True,False
6aa5,162,162,9,0.05555555555555555,True,True,False
6gnm,460,460,10,0.021739130434782608,True,True,True
4ago,196,196,4,0.02040816326530612,True,True,True
4tww,612,612,8,0.013071895424836602,True,False,False
4lh3,1078,1078,14,0.012987012987012988,True,True,False
6hgr,351,351,23,0.06552706552706553,True,True,True
6fyz,345,345,6,0.017391304347826087,True,True,True
6f7b,342,342,8,0.023391812865497075,True,True,False
1j36,598,598,8,0.013377926421404682,True,True,True
3cph,616,616,15,0.024350649350649352,True,False,False
5a4c,294,294,7,0.023809523809523808,True,True,False
5zdb,253,253,14,0.05533596837944664,True,True,True
5u0w,533,533,9,0.016885553470919325,True,False,True
5twl,319,319,9,0.02821316614420063,True,True,False
3mkn,1199,1199,27,0.022518765638031693,True,True,False
5nvx,329,329,8,0.0243161094224924,True,True,True
2ykc,207,207,10,0.04830917874396135,True,False,False
4ppc,233,233,6,0.02575107296137339,True,False,False
4ks5,1524,1524,6,0.003937007874015748,False,True,False
4e5h,696,696,7,0.010057471264367816,False,True,False
5vfn,242,242,1,0.004132231404958678,True,True,False
2ves,881,881,22,0.024971623155505107,True,True,True
5hh4,218,218,6,0.027522935779816515,True,True,False
5xpp,239,239,11,0.04602510460251046,True,True,False
1r78,273,273,8,0.029304029304029304,True,False,False
6g0w,367,367,16,0.043596730245231606,True,True,False
3a1e,540,540,25,0.046296296296296294,True,True,True
4kzu,208,208,7,0.03365384615384615,True,True,True
1me8,1424,1424,16,0.011235955056179775,True,True,False
3l7b,1616,1616,11,0.006806930693069307,True,True,False
1svg,358,358,9,0.025139664804469275,True,True,False
4bw2,127,127,10,0.07874015748031496,True,True,False
6h3q,257,257,5,0.019455252918287938,True,True,False
5a0a,210,210,5,0.023809523809523808,False,True,False
6dar,302,302,6,0.019867549668874173,True,True,True
4uyd,127,127,3,0.023622047244094488,False,True,False
4yih,379,379,19,0.05013192612137203,True,True,False
1z9g,316,316,7,0.022151898734177215,True,True,True
3dgn,69,69,6,0.08695652173913043,True,True,False
6qmk,290,290,11,0.03793103448275862,True,True,True
6dzx,240,240,7,0.029166666666666667,True,True,True
1p7m,187,187,3,0.016042780748663103,True,True,False
3wzk,258,258,7,0.027131782945736434,True,True,False
1i9m,258,258,11,0.04263565891472868,True,True,False
5cks,684,684,7,0.01023391812865497,True,True,True
3a1s,250,250,11,0.044,True,False,False
5wa8,227,227,10,0.04405286343612335,True,True,True
5ktu,107,107,6,0.056074766355140186,True,False,False
5m5q,219,219,6,0.0273972602739726,True,False,False
3bym,271,271,10,0.03690036900369004,True,True,False
5fqv,466,466,11,0.023605150214592276,True,True,False
3gzn,1035,1035,13,0.012560386473429951,True,True,False
5j7g,94,94,7,0.07446808510638298,True,False,False
5dq8,193,193,7,0.03626943005181347,True,True,True
4u5l,426,426,4,0.009389671361502348,True,True,False
2jdy,456,456,10,0.021929824561403508,True,True,False
6n0m,366,366,7,0.01912568306010929,True,True,False
3oys,257,257,6,0.023346303501945526,True,True,False
5ngf,332,332,7,0.02108433734939759,True,True,False
3r2a,850,850,5,0.0058823529411764705,True,True,False
2p1c,714,714,23,0.03221288515406162,True,True,False
6f90,714,714,8,0.011204481792717087,True,True,True
4dgn,325,325,10,0.03076923076923077,True,True,False
5u4x,663,663,19,0.02865761689291101,False,True,False
1eld,240,240,4,0.016666666666666666,True,True,True
2v95,342,342,9,0.02631578947368421,True,True,True
3tll,732,732,9,0.012295081967213115,True,False,False
6fnq,322,322,7,0.021739130434782608,True,False,True
2xdk,215,215,7,0.03255813953488372,True,True,True
5fnf,209,209,6,0.028708133971291867,False,True,True
5fqb,219,219,8,0.0365296803652968,True,False,False
5q1i,227,227,12,0.05286343612334802,True,True,False
4muw,624,624,20,0.03205128205128205,True,False,False
5xyy,350,350,7,0.02,True,False,False
5q0g,229,229,10,0.043668122270742356,False,False,False
4ai5,188,188,3,0.015957446808510637,True,True,True
2aa6,260,260,8,0.03076923076923077,True,True,False
5cf4,283,283,7,0.024734982332155476,True,True,False
4drn,128,128,8,0.0625,True,True,False
2xjg,213,213,9,0.04225352112676056,True,True,True
3pcn,2598,2598,38,0.014626635873749037,True,True,True
5uig,387,387,10,0.025839793281653745,True,True,False
4m0e,1069,1069,17,0.015902712815715623,True,True,True
4g0l,653,653,7,0.010719754977029096,True,True,False
1v2w,220,220,6,0.02727272727272727,False,True,True
1g85,314,314,5,0.01592356687898089,True,True,True
4o7e,127,127,9,0.07086614173228346,True,False,False
3ara,375,375,23,0.06133333333333333,True,True,False
2y56,1025,1025,24,0.023414634146341463,True,True,False
4uof,453,453,18,0.039735099337748346,True,True,True
6hm7,267,267,5,0.018726591760299626,True,True,False
6r8q,360,360,9,0.025,True,False,False
2web,646,646,13,0.020123839009287926,True,True,True
5w88,120,120,6,0.05,True,True,False
1a46,241,241,11,0.04564315352697095,False,True,False
3dga,544,544,6,0.011029411764705883,True,True,False
4ra5,642,642,9,0.014018691588785047,True,True,False
2vjx,836,836,4,0.004784688995215311,True,True,True
1zeo,510,510,8,0.01568627450980392,True,True,False
2nw4,248,248,6,0.024193548387096774,True,True,False
3v7s,644,644,10,0.015527950310559006,True,True,False
5i8g,226,226,5,0.022123893805309734,True,True,True
4d8c,377,377,10,0.026525198938992044,True,True,False
3azb,859,859,9,0.010477299185098952,True,True,False
5arf,425,425,11,0.02588235294117647,True,True,False
3tki,272,272,7,0.025735294117647058,True,True,False
5fqp,242,242,11,0.045454545454545456,True,True,False
4r5b,260,260,5,0.019230769230769232,True,True,True
5oku,299,299,12,0.04013377926421405,True,True,True
1yej,426,426,6,0.014084507042253521,False,True,True
6me4,484,484,5,0.010330578512396695,True,False,False
3zso,300,300,12,0.04,True,True,True
4k4j,214,214,13,0.06074766355140187,True,True,True
4rg0,263,263,10,0.03802281368821293,True,True,False
4xnv,340,340,9,0.026470588235294117,True,True,False
3oev,1021,1021,11,0.010773751224289911,False,True,False
6f3g,274,274,5,0.01824817518248175,True,True,False
4lyn,287,287,5,0.017421602787456445,True,True,False
4ql8,240,240,8,0.03333333333333333,True,True,False
1uk0,350,350,9,0.025714285714285714,True,True,False
2xyu,260,260,6,0.023076923076923078,True,False,False
4cps,198,198,12,0.06060606060606061,True,True,True
2vx0,273,273,7,0.02564102564102564,True,True,False
6msc,322,322,4,0.012422360248447204,True,True,False
3fnm,530,530,6,0.011320754716981131,True,True,False
3vuc,340,340,14,0.041176470588235294,True,True,False
1npv,198,198,16,0.08080808080808081,True,True,False
3nmq,214,214,8,0.037383177570093455,True,True,False
6ntb,297,297,44,0.14814814814814814,True,True,False
6i66,446,446,6,0.013452914798206279,True,True,True
4ebw,259,259,7,0.02702702702702703,True,True,False
1uu8,278,278,6,0.02158273381294964,False,False,False
5a7b,196,196,6,0.030612244897959183,True,True,True
4gj3,288,288,5,0.017361111111111112,True,True,True
6i8t,348,348,6,0.017241379310344827,True,True,True
3mvj,354,354,6,0.01694915254237288,True,False,False
3twp,346,346,5,0.014450867052023121,True,True,True
6hoy,281,281,11,0.03914590747330961,True,True,False
6hk4,349,349,8,0.022922636103151862,True,True,True
5zde,248,248,8,0.03225806451612903,True,True,False
2y1o,434,434,8,0.018433179723502304,True,True,False
4tyl,130,130,5,0.038461538461538464,True,True,False
3o9f,198,198,15,0.07575757575757576,True,True,False
3lq5,558,558,8,0.014336917562724014,True,True,False
4qme,848,848,11,0.012971698113207548,True,True,False
6mdq,580,580,9,0.015517241379310345,True,True,False
3wz8,330,330,13,0.03939393939393939,True,True,True
1axr,1658,1658,8,0.0048250904704463205,True,True,False
5cf8,285,285,8,0.028070175438596492,True,True,False
5cbs,521,521,15,0.028790786948176585,True,True,True
4ax9,243,243,8,0.03292181069958848,False,True,True
6fap,51,51,4,0.0784313725490196,True,True,False
4pnw,728,728,7,0.009615384615384616,True,True,False
6cjj,214,214,10,0.04672897196261682,True,True,False
2zxb,2652,2652,14,0.005279034690799397,True,True,False
5lhg,666,666,9,0.013513513513513514,True,True,False
3s3i,349,349,10,0.02865329512893983,True,True,False
5nz4,387,387,6,0.015503875968992248,True,True,True
5ujo,262,262,0,0.0,True,False,False
6n5c,317,317,8,0.025236593059936908,True,True,False
3dkj,928,928,28,0.03017241379310345,True,True,False
4cqf,398,398,5,0.01256281407035176,True,True,False
5n3v,316,316,10,0.03164556962025317,True,True,True
4zki,442,442,11,0.024886877828054297,True,True,False
5jdc,732,732,18,0.02459016393442623,True,True,False
3lvp,289,289,3,0.010380622837370242,True,False,False
5aku,210,210,8,0.0380952380952381,False,True,False
5d1w,390,390,13,0.03333333333333333,True,True,False
2yiv,1270,1270,5,0.003937007874015748,True,True,False
3i4b,706,706,18,0.025495750708215296,True,False,True
5k9w,298,298,10,0.03355704697986577,True,True,True
3q92,597,597,11,0.018425460636515914,True,True,False
4qzw,648,648,5,0.007716049382716049,True,True,False
5h9r,138,138,7,0.050724637681159424,True,True,True
3e51,557,557,7,0.012567324955116697,True,True,False
6mnv,448,448,8,0.017857142857142856,True,True,True
3wqm,588,588,11,0.01870748299319728,True,True,False
4y73,289,289,7,0.02422145328719723,True,True,False
6c2x,711,711,10,0.014064697609001406,True,True,False
5zae,227,227,7,0.030837004405286344,False,True,True
3gbe,558,558,10,0.017921146953405017,True,True,True
6rfj,266,266,5,0.018796992481203006,True,True,False
6n7a,276,276,5,0.018115942028985508,True,True,True
4hnn,612,612,14,0.02287581699346405,True,True,False
6i8y,190,190,12,0.06315789473684211,True,True,True
1cnw,256,256,5,0.01953125,True,True,True
4n1t,154,154,6,0.03896103896103896,True,True,False
1utp,220,220,3,0.013636363636363636,False,True,False
4mt9,210,210,11,0.05238095238095238,True,True,False
2fs9,896,896,49,0.0546875,False,True,False
3d5m,559,559,10,0.017889087656529516,True,True,False
2cgx,265,265,3,0.011320754716981131,True,False,False
6h13,532,532,8,0.015037593984962405,True,True,False
2q94,262,262,2,0.007633587786259542,True,True,False
4jpe,402,402,4,0.009950248756218905,True,True,False
2x6d,255,255,2,0.00784313725490196,True,False,False
5d1j,265,265,5,0.018867924528301886,True,True,False
4r1y,265,265,8,0.03018867924528302,True,True,False
3l5c,387,387,7,0.01808785529715762,True,True,False
2vf6,674,674,11,0.016320474777448073,True,True,False
5fsb,678,678,37,0.05457227138643068,True,True,False
2ye9,418,418,12,0.028708133971291867,False,True,False
2p7g,222,222,8,0.036036036036036036,True,True,True
3ipx,229,229,7,0.03056768558951965,True,True,False
2y67,434,434,9,0.020737327188940093,True,True,False
4wmx,516,516,6,0.011627906976744186,True,True,False
3i81,296,296,7,0.02364864864864865,True,False,False
5tci,653,653,8,0.01225114854517611,True,True,False
2yme,1025,1025,18,0.0175609756097561,True,True,True
3abt,643,643,15,0.02332814930015552,True,True,False
3f17,158,158,4,0.02531645569620253,True,True,True
5wbf,258,258,8,0.031007751937984496,True,True,False
5am3,546,546,10,0.018315018315018316,True,True,False
6u8b,308,308,9,0.02922077922077922,True,True,True
1dth,404,404,14,0.034653465346534656,True,True,False
4heu,954,954,20,0.020964360587002098,True,False,False
4lkt,137,137,8,0.058394160583941604,True,True,False
3s22,361,361,9,0.024930747922437674,True,True,False
2brc,214,214,9,0.04205607476635514,True,False,False
3zo2,358,358,5,0.013966480446927373,True,False,False
3f39,4032,4032,2,0.000496031746031746,True,True,False
2mlm,148,148,3,0.02027027027027027,True,True,False
4lw1,123,123,5,0.04065040650406504,True,True,False
1q8t,358,358,8,0.0223463687150838,True,True,True
5fqr,456,456,9,0.019736842105263157,True,True,False
6p8y,166,166,7,0.04216867469879518,True,True,False
1mh5,358,358,13,0.036312849162011177,False,True,True
2fes,241,241,7,0.029045643153526972,False,True,False
5ti0,257,257,1,0.0038910505836575876,True,True,True
6mom,286,286,9,0.03146853146853147,True,True,False
4uuh,204,204,8,0.0392156862745098,True,True,False
2f18,1014,1014,4,0.0039447731755424065,True,True,False
4k6z,279,279,8,0.02867383512544803,True,False,False
6rj6,414,414,13,0.03140096618357488,True,True,False
3h0b,372,372,8,0.021505376344086023,True,False,False
6uvv,393,393,4,0.010178117048346057,True,True,False
2jbl,1185,1185,9,0.007594936708860759,True,True,False
3d91,334,334,12,0.03592814371257485,True,False,True
4ret,1285,1285,9,0.007003891050583658,True,True,False
5lrq,122,122,6,0.04918032786885246,True,True,False
2w70,446,446,8,0.017937219730941704,True,True,False
1hxk,1014,1014,5,0.004930966469428008,True,True,False
3tjc,284,284,8,0.028169014084507043,True,True,False
5ii2,115,115,8,0.06956521739130435,True,True,True
5mty,328,328,9,0.027439024390243903,True,True,False
4lno,2658,2658,29,0.0109104589917231,True,True,False
1mxo,358,358,9,0.025139664804469275,True,True,False
5ar4,553,553,14,0.02531645569620253,True,False,False
6qw8,261,261,7,0.02681992337164751,True,True,False
4qxo,364,364,3,0.008241758241758242,True,True,True
3fup,284,284,5,0.017605633802816902,True,False,False
6nzk,1175,1175,4,0.003404255319148936,True,True,False
6mep,486,486,19,0.03909465020576132,True,True,False
5isl,306,306,5,0.016339869281045753,True,True,False
3mvm,335,335,10,0.029850746268656716,True,True,False
4wcu,1315,1315,22,0.016730038022813688,True,True,False
6mhb,466,466,13,0.027896995708154508,True,True,False
4bqy,221,221,6,0.027149321266968326,True,True,False
2w6q,447,447,7,0.015659955257270694,False,True,False
4c9w,308,308,6,0.01948051948051948,True,True,False
1o5p,113,113,7,0.061946902654867256,True,True,False
6ipm,331,331,4,0.012084592145015106,True,False,False
2ha3,1072,1072,2,0.0018656716417910447,True,True,True
2hrm,411,411,6,0.014598540145985401,True,True,False
5aag,253,253,3,0.011857707509881422,True,False,False
4hvb,830,830,8,0.00963855421686747,True,True,False
2oi2,570,570,7,0.012280701754385965,True,True,True
6abp,305,305,6,0.019672131147540985,True,True,False
3elm,660,660,17,0.025757575757575757,True,True,False
5dh3,570,570,11,0.01929824561403509,True,True,False
4u7q,198,198,13,0.06565656565656566,True,True,False
4kyh,353,353,5,0.014164305949008499,True,True,True
3zmh,180,180,7,0.03888888888888889,True,True,False
3r5t,296,296,12,0.04054054054054054,True,True,True
3u9q,257,257,6,0.023346303501945526,True,True,True
4avu,208,208,7,0.03365384615384615,True,True,False
5a9u,293,293,5,0.017064846416382253,False,True,False
3hzm,424,424,6,0.014150943396226415,False,True,True
6cz4,257,257,7,0.027237354085603113,True,True,False
3p3g,300,300,10,0.03333333333333333,True,True,True
1xdg,182,182,8,0.04395604395604396,True,True,False
3fcb,460,460,7,0.015217391304347827,True,True,False
4qn9,643,643,13,0.02021772939346812,True,True,False
2j95,279,279,5,0.017921146953405017,False,True,True
2xda,1800,1800,10,0.005555555555555556,True,True,True
4ufk,640,640,5,0.0078125,True,True,True
5xpo,239,239,11,0.04602510460251046,True,True,False
5bq0,265,265,6,0.022641509433962263,True,False,False
4llj,329,329,4,0.0121580547112462,True,False,True
1uyf,209,209,7,0.03349282296650718,True,True,False
1o8b,369,369,21,0.056910569105691054,True,True,False
3t3g,1612,1612,9,0.005583126550868486,True,True,False
3p5o,127,127,8,0.06299212598425197,True,True,True
3g0w,249,249,9,0.03614457831325301,True,True,True
3zxr,2850,2850,24,0.008421052631578947,True,False,False
2jsd,160,160,5,0.03125,True,True,False
2f1a,1015,1015,4,0.003940886699507389,True,True,False
5jiq,462,462,9,0.01948051948051948,True,True,False
5vr8,919,919,57,0.062023939064200215,True,True,True
4elh,166,166,11,0.06626506024096386,True,True,True
3l9l,357,357,10,0.028011204481792718,True,True,False
1ydd,256,256,5,0.01953125,True,True,True
6c7d,342,342,7,0.02046783625730994,True,True,False
1htf,198,198,18,0.09090909090909091,True,True,False
5em6,301,301,5,0.016611295681063124,True,True,False
1zoh,652,652,1,0.0015337423312883436,True,True,True
4uzd,1024,1024,19,0.0185546875,True,False,False
5tzx,342,342,10,0.029239766081871343,True,True,False
5vqz,948,948,7,0.007383966244725738,True,True,False
6eeo,257,257,5,0.019455252918287938,True,True,True
4cg9,353,353,5,0.014164305949008499,True,True,True
2w9h,158,158,7,0.04430379746835443,False,True,True
4j1i,371,371,6,0.016172506738544475,True,True,False
5j1x,155,155,7,0.04516129032258064,True,True,True
5q0t,222,222,11,0.04954954954954955,True,True,False
6hu0,387,387,5,0.012919896640826873,True,True,False
3k8q,858,858,6,0.006993006993006993,True,False,True
4drp,128,128,10,0.078125,True,True,False
6h75,308,308,12,0.03896103896103896,True,True,False
3vhk,297,297,13,0.04377104377104377,True,True,True
6bt0,673,673,3,0.004457652303120356,True,True,False
5cy9,131,131,8,0.061068702290076333,True,True,True
4nq6,222,222,1,0.0045045045045045045,True,True,False
3kr5,3087,3087,49,0.015873015873015872,True,True,False
6e7w,716,716,11,0.015363128491620111,True,True,False
4dfb,289,289,6,0.020761245674740483,True,True,False
4x5p,158,158,7,0.04430379746835443,True,True,True
3o0j,323,323,4,0.01238390092879257,True,True,False
1mes,198,198,16,0.08080808080808081,True,True,True
1k21,240,240,9,0.0375,False,True,True
2qv7,293,293,14,0.04778156996587031,True,True,False
4r17,415,415,3,0.007228915662650603,True,True,False
6mlw,448,448,10,0.022321428571428572,True,True,False
4y2j,546,546,6,0.01098901098901099,True,True,False
5n0e,257,257,5,0.019455252918287938,True,True,True
4fhh,239,239,16,0.06694560669456066,True,True,False
6qxa,725,725,4,0.005517241379310344,True,False,False
2fyv,1014,1014,9,0.008875739644970414,True,True,False
3fed,1380,1380,7,0.005072463768115942,True,True,True
4f65,558,558,17,0.03046594982078853,True,False,False
5y7k,725,725,7,0.009655172413793104,True,True,False
6htc,645,645,6,0.009302325581395349,True,True,False
2g9r,1618,1618,9,0.005562422744128554,True,True,False
6jbe,404,404,5,0.012376237623762377,True,True,True
5wfw,180,180,6,0.03333333333333333,True,True,False
6mh1,127,127,8,0.06299212598425197,True,True,True
3arw,575,575,4,0.006956521739130435,True,True,True
5jfd,246,246,9,0.036585365853658534,False,True,False
2ate,1264,1264,6,0.004746835443037975,True,True,False
4aof,837,837,5,0.005973715651135006,False,True,False
4fp1,2856,2856,5,0.0017507002801120449,True,True,True
4ngn,1392,1392,10,0.007183908045977011,True,True,True
1w2h,392,392,22,0.05612244897959184,False,True,False
1i7g,259,259,5,0.019305019305019305,True,True,False
4ce2,428,428,5,0.011682242990654205,True,True,False
4fcb,322,322,10,0.031055900621118012,True,True,False
1bzf,162,162,5,0.030864197530864196,True,True,False
4pkr,495,495,5,0.010101010101010102,True,True,False
1ntk,4228,4228,5,0.0011825922421948912,True,True,False
5wdw,180,180,5,0.027777777777777776,True,True,False
3ama,362,362,9,0.024861878453038673,True,True,False
6qxs,606,606,7,0.01155115511551155,True,True,False
6alz,293,293,11,0.03754266211604096,True,True,False
4wnm,273,273,6,0.02197802197802198,False,False,False
4qpd,308,308,11,0.03571428571428571,True,False,True
2h03,288,288,11,0.03819444444444445,True,True,False
6rz6,365,365,11,0.030136986301369864,True,True,False
5f61,127,127,11,0.08661417322834646,True,True,True
4abk,182,182,13,0.07142857142857142,True,True,False
4b73,1287,1287,19,0.014763014763014764,True,True,True
3kv2,939,939,13,0.013844515441959531,True,True,True
3rf5,348,348,13,0.03735632183908046,True,True,True
2e1w,349,349,8,0.022922636103151862,True,True,True
5wzv,123,123,10,0.08130081300813008,True,True,False
4d1y,350,350,3,0.008571428571428572,True,True,False
2b17,121,121,6,0.049586776859504134,True,True,False
6iuo,275,275,9,0.03272727272727273,True,True,False
2evo,520,520,1,0.0019230769230769232,True,True,False
5opc,678,678,5,0.007374631268436578,True,True,False
3huc,337,337,6,0.017804154302670624,True,False,True
5nkn,172,172,6,0.03488372093023256,True,True,False
3zrl,740,740,11,0.014864864864864866,False,True,False
5e8a,137,137,6,0.043795620437956206,True,True,False
6fnx,126,126,5,0.03968253968253968,True,True,False
4j51,302,302,9,0.029801324503311258,True,True,False
4tpk,528,528,6,0.011363636363636364,False,True,False
3l5e,390,390,8,0.020512820512820513,True,True,False
3t01,413,413,3,0.007263922518159807,True,True,True
4igr,506,506,9,0.017786561264822136,True,True,False
1f2o,277,277,3,0.010830324909747292,True,True,False
5yr4,304,304,6,0.019736842105263157,True,True,False
5aki,544,544,6,0.011029411764705883,True,False,False
4h85,608,608,2,0.003289473684210526,True,True,True
6baw,208,208,7,0.03365384615384615,True,True,False
5kns,684,684,22,0.03216374269005848,True,True,False
5ot8,256,256,7,0.02734375,True,True,True
2flr,478,478,7,0.014644351464435146,False,False,True
6d8v,269,269,4,0.01486988847583643,True,True,False
2tmn,632,632,7,0.011075949367088608,True,True,True
2pog,444,444,17,0.038288288288288286,True,True,True
2xzc,428,428,5,0.011682242990654205,False,True,False
3o5n,772,772,6,0.007772020725388601,True,True,True
5jf4,202,202,4,0.019801980198019802,True,True,False
6pf3,570,570,11,0.01929824561403509,True,False,False
3i25,370,370,19,0.051351351351351354,False,True,True
5f62,127,127,9,0.07086614173228346,True,True,True
3cqw,318,318,5,0.015723270440251572,True,False,False
4eor,550,550,6,0.01090909090909091,True,False,True
2jds,354,354,11,0.031073446327683617,True,False,True
4bbf,288,288,7,0.024305555555555556,True,True,False
4dem,692,692,13,0.01878612716763006,True,True,False
5dlz,127,127,6,0.047244094488188976,True,True,False
2avv,198,198,12,0.06060606060606061,True,True,False
5yie,327,327,14,0.04281345565749235,True,True,False
6i64,448,448,8,0.017857142857142856,True,True,True
2rio,791,791,13,0.01643489254108723,True,True,True
5jdi,744,744,22,0.02956989247311828,True,True,False
5lz9,370,370,11,0.02972972972972973,True,True,False
3dc3,257,257,3,0.011673151750972763,True,True,True
6giu,550,550,19,0.034545454545454546,True,True,False
3qzq,176,176,11,0.0625,True,True,False
6dj7,198,198,15,0.07575757575757576,True,True,True
6hhh,379,379,8,0.021108179419525065,True,True,False
5afx,714,714,16,0.022408963585434174,True,True,False
3ogm,730,730,14,0.019178082191780823,True,True,False
3v3v,351,351,8,0.022792022792022793,True,True,False
3wha,209,209,8,0.03827751196172249,True,True,True
5n84,256,256,6,0.0234375,True,True,True
1tnl,220,220,2,0.00909090909090909,False,True,False
1ejn,228,228,9,0.039473684210526314,False,True,True
5aoj,195,195,5,0.02564102564102564,True,True,True
4y64,281,281,9,0.03202846975088968,True,True,False
10gs,416,416,15,0.036057692307692304,True,True,True
2a58,730,730,27,0.036986301369863014,True,False,False
5h8e,331,331,9,0.027190332326283987,True,True,True
3kf7,337,337,10,0.02967359050445104,True,True,False
4g31,248,248,10,0.04032258064516129,True,True,False
5fqs,466,466,10,0.02145922746781116,True,True,False
1ld8,720,720,6,0.008333333333333333,True,True,False
1kmy,2304,2304,6,0.0026041666666666665,True,True,True
3h23,548,548,13,0.023722627737226276,True,True,False
1k06,1614,1614,18,0.011152416356877323,True,True,False
4xu0,265,265,13,0.04905660377358491,True,True,True
3npc,357,357,12,0.03361344537815126,True,True,True
1uvu,235,235,4,0.01702127659574468,False,True,False
1mpl,345,345,10,0.028985507246376812,True,True,False
1m83,656,656,12,0.018292682926829267,True,True,True
6s88,901,901,10,0.011098779134295227,True,True,False
2bpv,198,198,12,0.06060606060606061,True,True,True
5izc,741,741,12,0.016194331983805668,True,True,False
5vcy,296,296,8,0.02702702702702703,True,True,True
5db3,467,467,4,0.008565310492505354,False,False,False
6ewe,218,218,2,0.009174311926605505,True,True,False
3djx,248,248,16,0.06451612903225806,True,False,True
3rup,890,890,39,0.043820224719101124,True,True,False
3l8x,326,326,8,0.024539877300613498,True,True,False
4kzl,208,208,7,0.03365384615384615,True,True,False
4x5z,466,466,3,0.006437768240343348,True,False,True
1ivp,198,198,16,0.08080808080808081,True,False,True
5ij7,947,947,11,0.011615628299894404,True,True,False
3wq6,475,475,13,0.02736842105263158,True,True,False
5kq5,362,362,8,0.022099447513812154,True,True,False
6d5e,801,801,8,0.009987515605493134,True,True,True
2ow0,159,159,5,0.031446540880503145,True,False,False
4n07,524,524,6,0.011450381679389313,False,True,True
5owf,235,235,6,0.02553191489361702,True,True,False
4hdc,393,393,14,0.035623409669211195,True,True,False
4hcu,263,263,12,0.045627376425855515,True,True,False
2isw,595,595,7,0.011764705882352941,True,True,True
4zpf,371,371,13,0.03504043126684636,True,True,False
2xd9,1828,1828,36,0.019693654266958426,True,True,True
4as9,428,428,13,0.030373831775700934,False,True,False
2gde,240,240,10,0.041666666666666664,False,True,False
3l3m,348,348,7,0.020114942528735632,True,False,True
4bi7,512,512,8,0.015625,True,True,True
5j8i,288,288,6,0.020833333333333332,True,True,False
6c28,135,135,9,0.06666666666666667,True,True,False
4e3i,358,358,11,0.030726256983240222,True,True,False
6b59,257,257,4,0.01556420233463035,True,True,True
6arj,688,688,16,0.023255813953488372,True,True,False
3r00,274,274,7,0.025547445255474453,True,True,False
5kkr,544,544,9,0.016544117647058824,True,True,False
1zvx,163,163,9,0.05521472392638037,True,True,True
4qip,159,159,10,0.06289308176100629,True,True,False
4xu2,262,262,13,0.04961832061068702,True,True,True
3t0w,105,105,6,0.05714285714285714,False,False,False
5alb,418,418,4,0.009569377990430622,False,True,True
1xws,273,273,8,0.029304029304029304,True,False,True
2v3u,253,253,5,0.019762845849802372,True,True,True
2jbp,283,283,7,0.024734982332155476,True,False,False
3ff3,1378,1378,5,0.00362844702467344,True,True,True
4b7z,1069,1069,12,0.011225444340505144,False,True,False
5knr,684,684,22,0.03216374269005848,True,True,False
2vh6,279,279,6,0.021505376344086023,False,True,True
4eo4,833,833,32,0.03841536614645858,True,True,False
6fs0,577,577,7,0.012131715771230503,True,True,True
3nyn,553,553,7,0.012658227848101266,True,True,False
5ll4,260,260,7,0.026923076923076925,True,True,False
2jbk,1374,1374,5,0.00363901018922853,True,True,False
6c85,708,708,6,0.00847457627118644,True,True,True
2vc7,625,625,13,0.0208,True,True,False
3qpp,305,305,9,0.029508196721311476,True,True,False
6fh3,696,696,14,0.020114942528735632,True,True,True
3m3x,258,258,5,0.01937984496124031,True,True,True
3ion,274,274,11,0.040145985401459854,True,True,False
5op4,259,259,5,0.019305019305019305,True,True,True
6h7f,671,671,7,0.010432190760059613,True,False,False
1qk3,895,895,52,0.05810055865921788,False,True,True
5fwr,158,158,8,0.05063291139240506,True,True,False
5bpa,335,335,18,0.05373134328358209,True,False,False
6mzw,282,282,4,0.014184397163120567,True,True,False
1aaq,198,198,15,0.07575757575757576,True,True,True
1d7x,342,342,8,0.023391812865497075,True,True,False
3ls4,434,434,11,0.02534562211981567,True,True,False
4elb,166,166,0,0.0,True,True,False
4mjp,720,720,5,0.006944444444444444,True,True,True
6nt2,660,660,9,0.013636363636363636,True,False,False
6sfk,339,339,10,0.029498525073746312,True,True,False
3loo,335,335,16,0.04776119402985075,True,True,False
4k7i,162,162,6,0.037037037037037035,True,True,True
5mpz,110,110,4,0.03636363636363636,True,True,True
2vnn,375,375,17,0.04533333333333334,False,True,False
5eg4,220,220,11,0.05,False,True,False
1hqg,939,939,15,0.01597444089456869,True,True,False
4aac,350,350,9,0.025714285714285714,True,True,False
1maw,652,652,13,0.019938650306748466,True,True,False
4m3g,382,382,5,0.013089005235602094,False,True,False
3ocg,336,336,10,0.02976190476190476,True,True,False
6q30,229,229,3,0.013100436681222707,True,False,False
2yhw,616,616,7,0.011363636363636364,True,True,True
3zyh,242,242,9,0.0371900826446281,True,True,False
5ml0,108,108,2,0.018518518518518517,True,True,False
1caq,168,168,9,0.05357142857142857,True,False,False
6ha4,55,55,3,0.05454545454545454,True,True,False
5wad,352,352,9,0.02556818181818182,True,False,False
6asu,712,712,7,0.009831460674157303,True,True,False
2ya8,470,470,9,0.019148936170212766,True,True,True
6cwn,163,163,6,0.03680981595092025,True,True,True
4tmr,884,884,13,0.014705882352941176,True,False,False
4jzb,722,722,18,0.024930747922437674,True,False,False
4up5,85,85,6,0.07058823529411765,True,True,True
5d3p,127,127,9,0.07086614173228346,True,False,True
6b1y,268,268,7,0.026119402985074626,True,True,False
4br3,703,703,12,0.017069701280227598,True,True,True
5dsx,316,316,9,0.028481012658227847,True,True,False
1d6s,644,644,24,0.037267080745341616,True,True,False
3ckz,1516,1516,10,0.006596306068601583,False,True,True
2uxz,198,198,20,0.10101010101010101,True,True,True
2wmu,246,246,1,0.0040650406504065045,True,False,False
3m94,180,180,2,0.011111111111111112,True,True,False
2jg8,395,395,2,0.005063291139240506,False,True,False
4zom,223,223,13,0.05829596412556054,True,True,False
3uoj,263,263,9,0.034220532319391636,True,True,False
5eym,292,292,8,0.0273972602739726,True,True,False
2nmy,198,198,10,0.050505050505050504,True,True,False
5v84,406,406,33,0.0812807881773399,True,False,False
4tkj,133,133,6,0.045112781954887216,True,True,True
3k84,1089,1089,27,0.024793388429752067,True,True,False
6pi1,691,691,10,0.01447178002894356,True,True,False
5ne3,269,269,7,0.026022304832713755,True,True,False
6arv,688,688,16,0.023255813953488372,True,True,False
3rde,552,552,11,0.019927536231884056,True,True,False
5wf7,1218,1218,6,0.0049261083743842365,True,True,False
3f7b,242,242,9,0.0371900826446281,False,True,False
3btc,372,372,6,0.016129032258064516,True,True,False
5y48,246,246,6,0.024390243902439025,True,True,False
1x07,462,462,6,0.012987012987012988,True,True,False
5xmu,884,884,21,0.023755656108597284,True,False,False
5y61,274,274,1,0.0036496350364963502,True,False,False
2vnp,176,176,5,0.028409090909090908,True,True,True
4l0v,208,208,7,0.03365384615384615,True,True,False
5os8,327,327,15,0.045871559633027525,True,True,True
5wii,277,277,1,0.0036101083032490976,True,True,False
4gqq,495,495,10,0.020202020202020204,True,True,True
4bo3,934,934,11,0.011777301927194861,True,True,False
5oh7,105,105,6,0.05714285714285714,True,True,True
3fjg,462,462,16,0.03463203463203463,True,True,True
5cau,297,297,6,0.020202020202020204,True,True,True
6hzv,264,264,5,0.01893939393939394,True,True,False
3h0s,1386,1386,12,0.008658008658008658,True,False,False
5f5i,349,349,5,0.014326647564469915,True,True,False
3ti1,294,294,10,0.034013605442176874,True,False,False
2fgi,546,546,15,0.027472527472527472,True,True,False
5ipc,227,227,11,0.048458149779735685,True,False,True
5al5,208,208,6,0.028846153846153848,True,True,False
2rcn,278,278,11,0.039568345323741004,True,False,True
5w5j,508,508,16,0.031496062992125984,True,True,False
3r21,254,254,7,0.027559055118110236,True,True,False
6bqh,351,351,8,0.022792022792022793,True,True,False
2xfk,372,372,18,0.04838709677419355,False,True,False
1nja,632,632,5,0.007911392405063292,True,True,True
5uit,284,284,9,0.03169014084507042,True,True,False
4lng,781,781,2,0.002560819462227913,True,True,False
5nyh,418,418,7,0.01674641148325359,True,False,True
3bgl,1666,1666,38,0.022809123649459785,True,True,False
5avi,484,484,21,0.04338842975206612,True,True,False
3okv,257,257,7,0.027237354085603113,True,True,False
5zdd,248,248,10,0.04032258064516129,True,True,False
5cyv,281,281,18,0.06405693950177936,True,True,False
4ajl,1316,1316,38,0.028875379939209727,False,True,True
4eox,192,192,7,0.036458333333333336,True,True,False
6j81,226,226,8,0.035398230088495575,True,True,False
3tfu,829,829,20,0.024125452352231604,True,True,True
5agt,190,190,8,0.042105263157894736,True,False,False
3hwn,213,213,11,0.051643192488262914,True,True,False
5wf6,441,441,14,0.031746031746031744,True,True,False
4f6w,597,597,11,0.018425460636515914,True,True,True
1gqs,532,532,3,0.005639097744360902,True,True,False
4d2r,300,300,4,0.013333333333333334,False,False,False
4m5o,200,200,13,0.065,True,True,False
1lhf,240,240,14,0.058333333333333334,False,True,False
2zjw,332,332,6,0.018072289156626505,True,True,True
3dz5,299,299,5,0.016722408026755852,True,True,False
4leq,746,746,10,0.013404825737265416,True,False,True
6cze,454,454,21,0.046255506607929514,True,True,True
2w0j,280,280,9,0.03214285714285714,True,True,False
4a4w,263,263,6,0.022813688212927757,True,True,True
3ozj,215,215,7,0.03255813953488372,True,True,True
4c1h,222,222,2,0.009009009009009009,False,True,False
2xgs,542,542,9,0.016605166051660517,True,True,False
4y2y,546,546,6,0.01098901098901099,True,True,False
6cnj,728,728,3,0.004120879120879121,True,True,False
3wd2,497,497,8,0.01609657947686117,True,True,False
5kj2,323,323,10,0.030959752321981424,True,True,False
4o97,227,227,6,0.02643171806167401,False,True,True
5iez,151,151,11,0.0728476821192053,True,False,False
1py2,117,117,6,0.05128205128205128,True,True,False
5txy,256,256,4,0.015625,True,True,True
5hi7,426,426,12,0.028169014084507043,True,True,True
4zbf,153,153,8,0.05228758169934641,True,True,True
1no9,245,245,4,0.0163265306122449,False,True,False
1wkm,295,295,2,0.006779661016949152,True,True,False
1f4f,521,521,22,0.04222648752399232,True,True,True
2q8h,730,730,1,0.0013698630136986301,True,True,True
6mxd,433,433,19,0.04387990762124711,True,True,False
1i9n,258,258,5,0.01937984496124031,True,True,True
5f1u,592,592,6,0.010135135135135136,True,True,False
6o0o,137,137,9,0.06569343065693431,True,True,True
2wos,192,192,2,0.010416666666666666,True,True,True
4g17,302,302,9,0.029801324503311258,True,False,False
5uoo,111,111,9,0.08108108108108109,True,False,True
4wkp,460,460,6,0.013043478260869565,True,False,True
3hq5,497,497,12,0.02414486921529175,True,True,False
5u6j,286,286,10,0.03496503496503497,False,True,True
5nf6,254,254,6,0.023622047244094488,True,True,False
5trr,667,667,45,0.06746626686656672,True,True,False
4g0p,147,147,6,0.04081632653061224,True,True,True
6am8,768,768,15,0.01953125,True,False,False
2wgi,481,481,9,0.018711018711018712,True,True,False
2w8w,796,796,9,0.011306532663316583,False,True,True
6k4r,731,731,6,0.008207934336525308,True,True,False
4lh6,322,322,9,0.027950310559006212,True,True,False
1a7x,214,214,8,0.037383177570093455,True,False,False
6g92,343,343,3,0.008746355685131196,True,True,False
5tzg,151,151,9,0.059602649006622516,True,False,False
5nkd,287,287,6,0.020905923344947737,True,True,True
5hn9,707,707,21,0.0297029702970297,True,True,False
4af3,296,296,11,0.037162162162162164,True,False,False
3h9k,562,562,9,0.01601423487544484,True,True,False
4gja,330,330,16,0.048484848484848485,False,True,False
1sri,478,478,23,0.04811715481171548,True,True,False
4ks1,1528,1528,8,0.005235602094240838,False,True,True
1bma,240,240,9,0.0375,True,True,True
6oy2,198,198,13,0.06565656565656566,True,True,False
1hww,1014,1014,7,0.006903353057199211,True,True,False
5q16,230,230,13,0.05652173913043478,True,True,False
5o7i,340,340,7,0.020588235294117647,True,False,False
1add,349,349,6,0.017191977077363897,True,True,True
5fsy,232,232,13,0.05603448275862069,True,True,True
6mum,826,826,5,0.006053268765133172,False,True,False
5j79,560,560,16,0.02857142857142857,True,True,False
1x7r,470,470,7,0.014893617021276596,True,True,False
1pyg,3194,3194,21,0.006574827802128992,True,True,False
4ppa,239,239,12,0.0502092050209205,True,False,False
3g31,262,262,10,0.03816793893129771,True,True,True
5eyc,288,288,7,0.024305555555555556,True,True,False
1oiy,551,551,5,0.009074410163339383,True,False,False
3hpt,315,315,10,0.031746031746031744,False,True,False
1unh,425,425,7,0.01647058823529412,False,True,False
3t85,257,257,7,0.027237354085603113,True,True,True
4re4,483,483,5,0.010351966873706004,True,True,True
5wfj,265,265,6,0.022641509433962263,True,True,False
6ma3,697,697,9,0.01291248206599713,True,True,True
5f3g,339,339,7,0.02064896755162242,True,True,False
4em7,193,193,4,0.02072538860103627,True,False,False
5lws,330,330,8,0.024242424242424242,True,True,False
4cby,380,380,5,0.013157894736842105,True,True,False
4pl3,771,771,11,0.014267185473411154,True,True,False
5o3r,296,296,19,0.06418918918918919,True,True,False
4ty6,229,229,12,0.05240174672489083,False,False,True
5ea4,443,443,3,0.006772009029345372,True,True,False
6eo8,238,238,7,0.029411764705882353,False,True,False
1tmn,316,316,6,0.0189873417721519,True,False,True
6ggd,196,196,6,0.030612244897959183,True,True,False
4wbg,347,347,10,0.02881844380403458,True,True,False
4wyp,249,249,11,0.04417670682730924,True,True,False
3np7,1624,1624,16,0.009852216748768473,True,True,False
6qyl,513,513,4,0.007797270955165692,True,False,False
1m74,1604,1604,12,0.007481296758104738,True,True,False
3g4f,515,515,4,0.007766990291262136,True,True,False
4bcg,564,564,9,0.015957446808510637,True,True,False
3ess,199,199,5,0.02512562814070352,True,True,False
5boy,332,332,6,0.018072289156626505,True,False,False
3b3s,291,291,6,0.020618556701030927,True,True,True
5yc8,384,384,8,0.020833333333333332,True,True,False
1bzc,297,297,11,0.037037037037037035,True,True,True
4jq8,606,606,8,0.013201320132013201,True,True,False
3nrm,263,263,5,0.019011406844106463,True,False,False
2zmm,297,297,12,0.04040404040404041,True,True,True
3ldw,711,711,13,0.01828410689170183,True,True,False
3s3o,1104,1104,1,0.0009057971014492754,True,True,False
4amy,710,710,10,0.014084507042253521,True,True,False
4e96,124,124,5,0.04032258064516129,True,True,False
1d2e,1588,1588,50,0.031486146095717885,True,True,True
4ytc,284,284,6,0.02112676056338028,True,True,True
2pg2,662,662,13,0.019637462235649546,True,True,False
5k8n,840,840,8,0.009523809523809525,True,True,False
2yhd,249,249,6,0.024096385542168676,True,True,False
1bnq,256,256,7,0.02734375,True,True,True
4j03,1096,1096,7,0.006386861313868613,True,True,False
6qg7,282,282,3,0.010638297872340425,True,True,False
3hek,443,443,17,0.03837471783295711,True,True,True
5uxf,316,316,17,0.05379746835443038,True,True,True
2hh5,217,217,11,0.05069124423963134,True,True,False
3ary,575,575,4,0.006956521739130435,True,True,False
1z3c,252,252,9,0.03571428571428571,True,True,False
1db5,124,124,6,0.04838709677419355,True,True,False
2xej,1388,1388,8,0.005763688760806916,True,True,True
1pl0,1176,1176,9,0.007653061224489796,True,True,False
5dyt,526,526,9,0.017110266159695818,True,True,False
3zly,310,310,5,0.016129032258064516,False,False,False
1i80,791,791,8,0.010113780025284451,True,False,False
2zm1,270,270,6,0.022222222222222223,True,True,False
6msn,1063,1063,5,0.004703668861712135,True,True,False
1n1v,628,628,12,0.01910828025477707,True,True,False
4a4x,253,253,8,0.03162055335968379,True,True,False
4o75,127,127,4,0.031496062992125984,True,True,False
6j8r,231,231,3,0.012987012987012988,True,False,False
5yjf,256,256,5,0.01953125,True,False,False
6e2o,513,513,19,0.037037037037037035,True,True,False
6e3z,378,378,6,0.015873015873015872,True,True,False
2nmx,258,258,4,0.015503875968992248,True,True,True
4hbn,796,796,7,0.008793969849246231,True,True,False
5mwo,386,386,6,0.015544041450777202,True,True,False
1gx8,322,322,8,0.024844720496894408,True,True,True
5bvw,274,274,6,0.021897810218978103,True,True,False
4gs8,954,954,3,0.0031446540880503146,True,False,False
6gue,555,555,9,0.016216216216216217,True,True,True
5moo,220,220,3,0.013636363636363636,False,True,False
2c1p,426,426,4,0.009389671361502348,False,True,True
2c92,734,734,66,0.08991825613079019,True,True,True
5mql,458,458,6,0.013100436681222707,True,True,False
4j0s,127,127,8,0.06299212598425197,True,True,False
5n1v,331,331,5,0.015105740181268883,True,True,False
4flp,106,106,8,0.07547169811320754,True,True,True
2xcs,1342,1342,1,0.0007451564828614009,True,True,False
2ff2,653,653,14,0.021439509954058193,True,False,False
4ok6,845,845,4,0.004733727810650888,True,True,False
2h44,326,326,13,0.03987730061349693,True,True,False
5gvp,884,884,17,0.019230769230769232,True,False,False
5mrm,422,422,6,0.014218009478672985,True,True,True
4qt0,1327,1327,28,0.02110022607385079,True,True,False
2jkp,687,687,7,0.010189228529839884,True,True,True
5ov8,111,111,2,0.018018018018018018,True,True,True
1b6l,194,194,13,0.06701030927835051,True,True,True
3u93,1004,1004,12,0.01195219123505976,True,True,True
2nsl,1296,1296,10,0.007716049382716049,True,True,True
6pyu,930,930,6,0.0064516129032258064,True,True,False
4qxs,682,682,10,0.01466275659824047,True,False,False
5ddc,466,466,4,0.008583690987124463,False,True,False
5fue,398,398,5,0.01256281407035176,True,True,False
1a9m,198,198,14,0.0707070707070707,True,True,True
4ara,1068,1068,11,0.010299625468164793,True,True,True
3nxq,607,607,11,0.018121911037891267,True,True,True
3fi3,328,328,9,0.027439024390243903,True,True,False
6qav,542,542,20,0.03690036900369004,True,True,True
6gxg,144,144,3,0.020833333333333332,True,True,True
3lc5,281,281,6,0.021352313167259787,False,True,False
6qme,290,290,7,0.02413793103448276,False,True,False
6mj4,811,811,24,0.029593094944512947,True,True,True
2gg5,263,263,8,0.030418250950570342,True,False,False
3tpr,371,371,14,0.03773584905660377,False,True,False
3t4n,554,554,8,0.01444043321299639,True,True,False
5syn,223,223,9,0.04035874439461883,True,True,False
6sfi,340,340,13,0.03823529411764706,True,True,False
1l6y,2576,2576,14,0.005434782608695652,True,True,False
5kjk,429,429,9,0.02097902097902098,True,True,False
1sve,361,361,14,0.038781163434903045,False,True,False
5du6,730,730,25,0.03424657534246575,True,True,False
5etl,155,155,6,0.03870967741935484,True,False,False
5a6b,1229,1229,16,0.013018714401952807,True,True,False
5y6e,231,231,6,0.025974025974025976,True,True,False
3sfg,960,960,6,0.00625,True,True,True
3opr,258,258,7,0.027131782945736434,True,True,False
1auj,219,219,9,0.0410958904109589,False,True,False
2qx0,316,316,14,0.04430379746835443,True,True,False
5toz,278,278,3,0.01079136690647482,True,False,False
6axb,715,715,7,0.009790209790209791,True,True,False
5nvc,208,208,7,0.03365384615384615,True,True,False
5dro,267,267,7,0.026217228464419477,True,True,False
1fw0,258,258,7,0.027131782945736434,True,True,False
2ybp,349,349,6,0.017191977077363897,True,True,False
5zqq,209,209,8,0.03827751196172249,True,True,False
3w0l,1024,1024,10,0.009765625,True,True,False
3s0e,119,119,8,0.06722689075630252,True,True,True
3ewc,357,357,4,0.011204481792717087,True,True,True
5aac,293,293,9,0.030716723549488054,False,True,False
5u0z,536,536,16,0.029850746268656716,True,False,True
5jg1,198,198,14,0.0707070707070707,True,True,True
3f16,158,158,5,0.03164556962025317,True,True,True
3rxe,223,223,4,0.017937219730941704,True,True,False
6i77,138,138,8,0.057971014492753624,True,True,False
4tmf,244,244,10,0.040983606557377046,True,True,False
4hfp,243,243,3,0.012345679012345678,False,True,True
3csl,916,916,12,0.013100436681222707,True,True,False
4hgs,302,302,9,0.029801324503311258,True,False,False
1dmt,696,696,9,0.01293103448275862,True,False,False
4xyc,466,466,5,0.01072961373390558,True,True,False
3oyl,1096,1096,4,0.0036496350364963502,True,True,False
3lpf,2360,2360,16,0.006779661016949152,True,True,False
4c1f,219,219,3,0.0136986301369863,True,True,False
5qah,241,241,4,0.016597510373443983,True,True,False
4l7d,858,858,20,0.023310023310023312,True,True,False
1t48,292,292,7,0.023972602739726026,True,True,False
5l6h,1081,1081,13,0.012025901942645698,True,True,False
3s6t,1150,1150,8,0.006956521739130435,True,True,True
1c2t,418,418,17,0.04066985645933014,True,True,False
3b68,247,247,11,0.044534412955465584,True,True,True
5ar5,563,563,16,0.028419182948490232,True,False,False
5qam,241,241,5,0.02074688796680498,True,True,False
6cyd,691,691,11,0.015918958031837915,True,True,False
3bel,280,280,7,0.025,True,True,False
4w9k,327,327,8,0.024464831804281346,True,True,True
5llm,399,399,6,0.015037593984962405,True,True,False
5ale,546,546,6,0.01098901098901099,True,True,False
2bvx,246,246,7,0.028455284552845527,False,True,False
6dyr,213,213,8,0.03755868544600939,True,False,True
1xn0,320,320,4,0.0125,True,True,False
2toh,1340,1340,3,0.002238805970149254,True,True,False
4ys7,639,639,15,0.023474178403755867,True,True,False
4hys,321,321,5,0.01557632398753894,True,True,False
3wym,630,630,14,0.022222222222222223,True,True,False
6hhi,389,389,8,0.02056555269922879,True,True,False
6ajr,204,204,5,0.024509803921568627,True,True,True
3cda,1655,1655,47,0.0283987915407855,True,True,True
4x2s,405,405,6,0.014814814814814815,True,True,False
3pp1,291,291,7,0.024054982817869417,True,True,False
4gny,314,314,8,0.025477707006369428,True,True,True
4o24,652,652,14,0.02147239263803681,True,True,False
5ti5,127,127,6,0.047244094488188976,True,True,False
3h0q,1362,1362,13,0.009544787077826725,True,True,False
5a4t,341,341,4,0.011730205278592375,True,True,False
3bea,310,310,9,0.02903225806451613,True,True,False
1r0x,264,264,8,0.030303030303030304,True,True,False
5vrp,333,333,15,0.04504504504504504,True,True,False
5i3y,369,369,7,0.018970189701897018,True,True,True
5knv,680,680,19,0.027941176470588237,True,True,False
6o95,288,288,6,0.020833333333333332,True,True,True
3eky,198,198,15,0.07575757575757576,True,True,False
5uc4,219,219,10,0.045662100456621,True,True,True
2w1e,253,253,5,0.019762845849802372,False,False,False
4ge4,850,850,29,0.03411764705882353,True,True,False
1y2e,326,326,7,0.02147239263803681,True,True,False
2r9x,358,358,14,0.03910614525139665,False,True,True
3pd3,288,288,20,0.06944444444444445,True,True,False
3mct,582,582,3,0.005154639175257732,True,True,False
5ku9,149,149,7,0.04697986577181208,True,True,False
1dbj,424,424,7,0.01650943396226415,False,True,False
2wxh,822,822,12,0.014598540145985401,True,True,False
5j0d,117,117,8,0.06837606837606838,True,True,True
2r2l,716,716,5,0.006983240223463687,True,True,False
3arq,575,575,8,0.01391304347826087,True,True,True
1wcq,601,601,7,0.011647254575707155,True,True,True
2h2j,423,423,9,0.02127659574468085,True,True,False
4qga,394,394,13,0.03299492385786802,True,True,False
4l4l,945,945,27,0.02857142857142857,True,False,False
1ype,241,241,9,0.03734439834024896,False,True,True
6afk,482,482,5,0.01037344398340249,True,False,False
4z2l,498,498,9,0.018072289156626505,True,True,False
4i6q,277,277,5,0.018050541516245487,True,False,False
4mk0,1029,1029,6,0.0058309037900874635,True,True,False
6dji,438,438,9,0.02054794520547945,True,True,False
2y1d,738,738,8,0.01084010840108401,True,True,False
4m5m,159,159,5,0.031446540880503145,True,False,False
6jpj,299,299,5,0.016722408026755852,True,True,False
5w7u,178,178,4,0.02247191011235955,True,True,False
4pop,177,177,10,0.05649717514124294,True,True,True
5o9o,428,428,10,0.02336448598130841,True,True,True
2q89,257,257,6,0.023346303501945526,True,True,True
4fl1,268,268,5,0.018656716417910446,True,True,True
4gkc,133,133,11,0.08270676691729323,True,True,False
6nzf,495,495,17,0.03434343434343434,True,True,False
5tg5,243,243,11,0.04526748971193416,True,True,False
5if6,134,134,8,0.05970149253731343,True,True,False
4rr6,272,272,8,0.029411764705882353,True,True,True
1mns,2856,2856,7,0.0024509803921568627,True,True,False
4i72,656,656,17,0.025914634146341462,True,False,True
6rj2,601,601,19,0.03161397670549085,True,True,False
3a1c,540,540,24,0.044444444444444446,True,True,True
1njb,632,632,5,0.007911392405063292,True,True,False
1h39,620,620,10,0.016129032258064516,False,True,False
5o0b,936,936,19,0.0202991452991453,False,False,False
6gvz,305,305,6,0.019672131147540985,True,True,True
1k4g,372,372,5,0.013440860215053764,True,False,True
4oks,867,867,5,0.0057670126874279125,True,True,True
2i0d,198,198,17,0.08585858585858586,True,True,False
6drx,368,368,7,0.019021739130434784,True,False,False
3mb7,330,330,8,0.024242424242424242,True,True,False
1ru2,146,146,5,0.03424657534246575,True,True,False
1ayu,215,215,10,0.046511627906976744,True,True,False
1d09,2778,2778,19,0.006839452843772498,True,True,True
5ho6,240,240,9,0.0375,True,True,False
4afg,1060,1060,20,0.018867924528301886,True,True,True
4q6d,257,257,7,0.027237354085603113,True,True,True
1tng,220,220,2,0.00909090909090909,False,True,True
6oio,272,272,9,0.03308823529411765,True,True,False
4la7,474,474,7,0.014767932489451477,False,True,False
4uil,431,431,2,0.004640371229698376,True,True,False
5enh,123,123,3,0.024390243902439025,True,True,False
6s5k,223,223,14,0.06278026905829596,True,True,True
4dcy,498,498,4,0.008032128514056224,True,False,False
1yw8,369,369,10,0.02710027100271003,True,True,False
2yit,572,572,8,0.013986013986013986,True,False,False
1ch8,431,431,14,0.03248259860788863,True,True,False
2rk8,622,622,7,0.011254019292604502,True,True,True
5w6e,321,321,5,0.01557632398753894,True,False,False
4q7w,257,257,5,0.019455252918287938,True,True,True
1oif,444,444,4,0.009009009009009009,True,True,True
5i24,779,779,7,0.008985879332477536,True,True,False
3f3c,1018,1018,10,0.009823182711198428,True,True,True
5mlj,109,109,3,0.027522935779816515,True,True,True
5wmt,210,210,8,0.0380952380952381,True,True,False
3coh,247,247,7,0.02834008097165992,True,False,False
5c1y,181,181,6,0.03314917127071823,True,True,False
5ai0,547,547,6,0.010968921389396709,False,True,False
2p53,764,764,18,0.02356020942408377,True,True,True
5he3,623,623,10,0.016051364365971106,True,False,False
5uwm,155,155,8,0.05161290322580645,True,True,False
2i0g,443,443,16,0.03611738148984198,True,True,False
3nee,462,462,6,0.012987012987012988,True,True,True
2ph8,361,361,11,0.030470914127423823,False,True,False
5nzp,390,390,12,0.03076923076923077,True,True,False
4h3i,387,387,5,0.012919896640826873,True,True,False
6n4b,276,276,4,0.014492753623188406,True,True,False
5edi,312,312,9,0.028846153846153848,True,True,False
5qar,241,241,6,0.024896265560165973,True,True,False
4l3p,295,295,4,0.013559322033898305,True,True,False
5os5,267,267,6,0.02247191011235955,True,True,True
2wec,646,646,8,0.01238390092879257,True,True,True
5j7f,200,200,15,0.075,True,False,False
2ity,300,300,4,0.013333333333333334,True,True,False
4ow0,311,311,6,0.01929260450160772,True,True,False
3qs5,509,509,9,0.01768172888015717,True,False,False
5owt,411,411,20,0.04866180048661801,True,True,False
2bys,1025,1025,38,0.037073170731707315,True,True,True
3gv9,358,358,11,0.030726256983240222,True,True,True
2vkm,385,385,18,0.046753246753246755,False,True,True
4r7m,3080,3080,45,0.01461038961038961,True,True,False
4p10,402,402,7,0.017412935323383085,True,True,False
6b16,285,285,5,0.017543859649122806,True,False,False
2n27,148,148,2,0.013513513513513514,True,True,False
4i9s,137,137,7,0.051094890510948905,True,True,False
2wi3,209,209,7,0.03349282296650718,False,True,False
5wg8,320,320,4,0.0125,True,True,False
1w2g,402,402,15,0.03731343283582089,False,True,False
5mro,430,430,11,0.02558139534883721,True,True,True
6mr5,355,355,5,0.014084507042253521,True,True,False
5jsj,195,195,10,0.05128205128205128,True,True,True
4xta,248,248,6,0.024193548387096774,True,True,False
4wup,256,256,2,0.0078125,True,True,False
3tza,519,519,15,0.028901734104046242,True,True,True
4g93,563,563,6,0.010657193605683837,True,True,False
1qft,175,175,8,0.045714285714285714,True,False,True
2x6e,249,249,2,0.008032128514056224,True,False,False
4j7d,86,86,8,0.09302325581395349,True,True,True
4jwr,88,88,2,0.022727272727272728,True,True,False
3v5j,241,241,5,0.02074688796680498,True,False,False
4e3g,257,257,5,0.019455252918287938,True,True,True
5aaa,295,295,6,0.020338983050847456,False,True,False
4u01,182,182,12,0.06593406593406594,True,True,False
6gdy,668,668,9,0.01347305389221557,False,True,True
3wnr,342,342,11,0.03216374269005848,True,True,False
1nyx,518,518,5,0.009652509652509652,True,True,False
5kzq,503,503,6,0.011928429423459244,True,True,False
5al2,208,208,9,0.04326923076923077,True,True,False
4kc1,578,578,10,0.01730103806228374,True,True,False
5j8x,340,340,5,0.014705882352941176,True,True,False
3k39,1556,1556,26,0.016709511568123392,True,True,False
6oko,524,524,27,0.05152671755725191,True,False,False
5os4,264,264,4,0.015151515151515152,True,True,True
3vva,531,531,16,0.030131826741996232,True,True,False
6ep9,263,263,7,0.026615969581749048,True,True,False
1pfy,547,547,10,0.018281535648994516,True,True,False
3th8,416,416,8,0.019230769230769232,True,True,False
2g9v,1612,1612,4,0.0024813895781637717,True,True,False
6aum,547,547,7,0.012797074954296161,True,True,False
3unk,295,295,12,0.04067796610169491,True,True,False
6j3o,106,106,4,0.03773584905660377,True,False,True
3sgt,431,431,12,0.027842227378190254,True,True,False
6ceh,259,259,8,0.03088803088803089,True,True,False
2hk5,269,269,10,0.03717472118959108,True,True,False
4jyb,638,638,21,0.032915360501567396,True,False,True
3rxh,223,223,7,0.03139013452914798,True,False,False
6bm5,325,325,8,0.024615384615384615,True,True,True
4dkp,339,339,8,0.02359882005899705,True,True,True
2gg8,263,263,4,0.015209125475285171,True,True,False
6fgf,103,103,4,0.038834951456310676,True,True,False
2vio,229,229,3,0.013100436681222707,False,True,False
4iie,1666,1666,12,0.007202881152460984,True,True,True
5hg9,280,280,6,0.02142857142857143,True,False,False
4rww,322,322,34,0.10559006211180125,True,True,True
1lgt,2296,2296,10,0.004355400696864111,True,True,True
3wzn,494,494,15,0.030364372469635626,True,True,True
4akn,223,223,19,0.08520179372197309,True,True,False
4mz4,563,563,9,0.015985790408525755,True,True,False
6ap7,264,264,10,0.03787878787878788,True,True,False
5ug8,280,280,4,0.014285714285714285,True,True,False
2aov,288,288,7,0.024305555555555556,True,True,False
2ay2,782,782,4,0.005115089514066497,True,True,False
6np2,268,268,9,0.033582089552238806,True,True,True
6eaa,889,889,8,0.008998875140607425,True,True,False
4afe,253,253,9,0.03557312252964427,True,True,False
2qhc,198,198,14,0.0707070707070707,True,True,False
1xt8,248,248,4,0.016129032258064516,True,True,True
6f7c,855,855,7,0.008187134502923977,True,True,False
5f2s,342,342,6,0.017543859649122806,True,True,False
6npm,275,275,6,0.02181818181818182,True,True,False
3gy7,220,220,5,0.022727272727272728,False,True,True
5hz6,131,131,9,0.06870229007633588,True,True,True
4y2b,318,318,6,0.018867924528301886,True,True,False
4qz0,648,648,6,0.009259259259259259,True,True,False
3o4k,684,684,15,0.021929824561403508,True,True,True
3f7i,90,90,6,0.06666666666666667,True,True,True
4aj1,1318,1318,18,0.013657056145675266,False,True,False
5fls,258,258,4,0.015503875968992248,True,True,True
3h2n,530,530,10,0.018867924528301886,True,True,False
3uex,318,318,11,0.03459119496855346,True,True,True
5fni,258,258,2,0.007751937984496124,True,False,False
6ng0,568,568,15,0.02640845070422535,True,False,False
2rc9,287,287,4,0.013937282229965157,True,True,False
5f2p,113,113,2,0.017699115044247787,True,True,True
3oka,389,389,8,0.02056555269922879,True,False,False
3khj,1247,1247,7,0.0056134723336006415,True,True,False
1kyv,742,742,44,0.05929919137466307,True,True,True
4i11,397,397,6,0.015113350125944584,True,True,False
1ork,394,394,7,0.017766497461928935,True,True,True
4qkx,574,574,7,0.012195121951219513,True,True,False
1vzq,241,241,5,0.02074688796680498,False,True,True
4f09,288,288,7,0.024305555555555556,True,False,True
3fpd,521,521,8,0.015355086372360844,True,True,False
2nn1,258,258,3,0.011627906976744186,True,True,True
5lp1,370,370,8,0.021621621621621623,True,True,False
4prj,251,251,6,0.02390438247011952,True,False,False
4hso,1380,1380,31,0.02246376811594203,True,True,False
4q2k,463,463,21,0.04535637149028078,True,False,False
6et8,203,203,23,0.11330049261083744,True,True,False
4egk,214,214,9,0.04205607476635514,True,True,True
3d45,756,756,6,0.007936507936507936,True,False,False
4a4q,198,198,18,0.09090909090909091,True,True,True
3ncg,426,426,8,0.018779342723004695,True,True,False
4uvb,799,799,14,0.017521902377972465,True,True,False
5u7j,338,338,7,0.020710059171597635,True,True,False
5lce,241,241,5,0.02074688796680498,False,True,False
6cc9,581,581,3,0.0051635111876075735,True,False,False
5zqr,208,208,9,0.04326923076923077,True,True,False
3psb,262,262,10,0.03816793893129771,True,True,False
5zeq,303,303,7,0.0231023102310231,False,True,False
4kxn,257,257,24,0.0933852140077821,True,True,True
6rni,349,349,5,0.014326647564469915,True,True,False
4bw4,127,127,10,0.07874015748031496,True,True,False
6mhd,488,488,12,0.02459016393442623,True,True,False
6gin,592,592,19,0.03209459459459459,True,True,False
1y0x,250,250,7,0.028,True,True,False
5e0a,684,684,4,0.005847953216374269,True,True,False
3kdu,537,537,25,0.04655493482309125,False,True,False
1dqn,460,460,21,0.04565217391304348,True,False,True
4kba,263,263,7,0.026615969581749048,True,True,False
5a6n,538,538,4,0.007434944237918215,True,False,False
1bm7,456,456,10,0.021929824561403508,True,True,True
2ez7,258,258,5,0.01937984496124031,True,False,True
6gy1,212,212,4,0.018867924528301886,True,True,False
4hlf,208,208,7,0.03365384615384615,True,True,False
6fyk,349,349,10,0.02865329512893983,True,False,False
1e66,1064,1064,7,0.006578947368421052,True,True,True
4bc5,524,524,5,0.009541984732824428,True,True,True
1xnx,464,464,11,0.023706896551724137,True,True,False
3mrt,1618,1618,16,0.009888751545117428,True,True,False
2xng,254,254,1,0.003937007874015748,False,True,False
5llo,521,521,10,0.019193857965451054,True,True,True
6c3n,245,245,5,0.02040816326530612,True,True,False
5e74,116,116,6,0.05172413793103448,True,True,True
4ovg,727,727,7,0.009628610729023384,True,True,True
5fe6,109,109,6,0.05504587155963303,True,True,True
3f3e,1018,1018,9,0.008840864440078585,True,True,True
4og8,469,469,4,0.008528784648187633,True,True,False
4ith,247,247,6,0.024291497975708502,True,False,False
1g46,258,258,6,0.023255813953488372,True,True,True
3iob,562,562,11,0.019572953736654804,True,True,True
6s4t,238,238,21,0.08823529411764706,True,True,True
6coj,543,543,17,0.03130755064456722,True,True,False
4uit,101,101,5,0.04950495049504951,True,True,False
2cfd,1236,1236,16,0.012944983818770227,True,False,False
5vgo,265,265,10,0.03773584905660377,True,True,False
6g97,344,344,6,0.01744186046511628,True,True,False
6gga,196,196,5,0.025510204081632654,True,True,True
4zjc,503,503,8,0.015904572564612324,True,True,False
1pzp,263,263,11,0.04182509505703422,True,False,True
3rt8,516,516,5,0.009689922480620155,True,True,True
1bcj,462,462,4,0.008658008658008658,True,True,False
4lwt,86,86,6,0.06976744186046512,True,True,False
4eu0,285,285,7,0.02456140350877193,True,True,True
1p5e,554,554,3,0.005415162454873646,True,False,False
1nw7,271,271,9,0.033210332103321034,True,True,True
6mo5,303,303,10,0.033003300330033,True,True,False
5vqv,948,948,7,0.007383966244725738,True,True,False
5jap,371,371,7,0.018867924528301886,True,True,False
5nob,203,203,8,0.03940886699507389,True,True,False
2y4l,380,380,10,0.02631578947368421,True,False,False
3kc3,871,871,21,0.024110218140068886,True,False,False
1lpz,227,227,9,0.039647577092511016,False,True,True
5nya,257,257,4,0.01556420233463035,True,True,True
2r6f,1748,1748,36,0.020594965675057208,True,True,False
4gr0,159,159,9,0.05660377358490566,True,True,True
1siv,198,198,16,0.08080808080808081,True,True,True
3p7c,332,332,11,0.03313253012048193,True,True,False
6hay,473,473,16,0.03382663847780127,True,True,True
2ooh,342,342,14,0.04093567251461988,True,True,False
4jpc,402,402,7,0.017412935323383085,True,True,False
4ks4,1528,1528,11,0.007198952879581152,False,True,True
6oxy,198,198,14,0.0707070707070707,True,True,False
2hj4,944,944,19,0.020127118644067795,True,True,False
2c6c,1364,1364,6,0.004398826979472141,True,True,False
4k3k,724,724,3,0.004143646408839779,True,True,False
1joc,246,246,8,0.032520325203252036,True,True,False
3bl0,257,257,2,0.007782101167315175,True,True,True
5c7c,107,107,4,0.037383177570093455,True,True,False
5dgw,198,198,12,0.06060606060606061,True,True,True
5yic,328,328,16,0.04878048780487805,True,True,False
1q3w,685,685,7,0.010218978102189781,True,False,False
2zq2,220,220,9,0.04090909090909091,False,True,True
4bid,254,254,6,0.023622047244094488,True,False,False
5xmt,884,884,16,0.01809954751131222,True,False,False
2ovz,159,159,9,0.05660377358490566,True,False,False
5tzd,75,75,10,0.13333333333333333,True,True,False
6g28,359,359,14,0.03899721448467967,True,True,False
5jnl,820,820,22,0.026829268292682926,True,True,False
1ela,240,240,8,0.03333333333333333,True,True,True
3t3d,1618,1618,12,0.007416563658838072,True,True,False
3vhv,255,255,7,0.027450980392156862,True,True,False
5u28,134,134,7,0.05223880597014925,True,True,True
4p4j,686,686,12,0.01749271137026239,True,True,False
2jb5,429,429,13,0.030303030303030304,False,True,False
2gtv,104,104,4,0.038461538461538464,True,True,False
2ym5,248,248,8,0.03225806451612903,True,False,False
2znu,255,255,9,0.03529411764705882,True,True,False
5ue4,220,220,5,0.022727272727272728,True,True,False
3nc4,1618,1618,21,0.012978986402966625,True,True,False
4ase,307,307,8,0.026058631921824105,False,True,True
4c37,355,355,4,0.011267605633802818,True,True,False
1mto,1276,1276,21,0.016457680250783698,True,True,False
3msl,377,377,5,0.013262599469496022,True,True,False
6qmu,183,183,0,0.0,True,True,False
2ggx,453,453,14,0.03090507726269316,True,True,False
5t2g,820,820,8,0.00975609756097561,True,True,False
2wvz,738,738,4,0.005420054200542005,True,True,True
5kmf,657,657,4,0.0060882800608828,True,True,False
4ozj,312,312,7,0.022435897435897436,True,True,True
5f1h,113,113,4,0.035398230088495575,True,True,True
2pvu,235,235,8,0.03404255319148936,True,True,True
3jvs,256,256,6,0.0234375,True,True,True
4nct,341,341,5,0.01466275659824047,True,True,False
5fa7,260,260,8,0.03076923076923077,True,True,False
1ha2,583,583,10,0.017152658662092625,False,True,False
4xj0,345,345,7,0.020289855072463767,True,True,False
4nrq,210,210,4,0.01904761904761905,True,True,False
5etx,187,187,12,0.06417112299465241,True,True,False
4im0,1238,1238,8,0.006462035541195477,True,True,False
4x48,515,515,4,0.007766990291262136,True,True,True
1gt4,315,315,14,0.044444444444444446,False,True,False
1wum,118,118,5,0.0423728813559322,True,True,False
4axm,218,218,4,0.01834862385321101,True,True,False
2qnq,198,198,12,0.06060606060606061,True,True,True
5wg9,179,179,5,0.027932960893854747,True,True,False
2qnb,1620,1620,19,0.011728395061728396,True,True,False
4jn2,433,433,8,0.018475750577367205,True,True,True
5yvt,665,665,24,0.03609022556390978,True,False,False
3n6k,682,682,5,0.007331378299120235,True,True,False
6pk7,1114,1114,14,0.012567324955116697,True,False,False
4ruu,133,133,6,0.045112781954887216,True,True,False
5mzg,308,308,18,0.05844155844155844,True,True,False
2wik,4216,4216,7,0.0016603415559772296,True,True,False
5xg5,145,145,17,0.11724137931034483,True,True,True
4jzf,286,286,9,0.03146853146853147,False,True,False
5eud,901,901,17,0.018867924528301886,True,True,False
4r5w,351,351,5,0.014245014245014245,True,True,False
2oyl,434,434,9,0.020737327188940093,True,True,False
4ee0,389,389,11,0.028277634961439587,True,True,False
6rot,241,241,7,0.029045643153526972,False,True,True
1p01,178,178,7,0.03932584269662921,False,True,False
5mgk,103,103,2,0.019417475728155338,True,False,True
5elw,597,597,4,0.006700167504187605,True,True,True
6agg,419,419,5,0.011933174224343675,True,True,False
5wi0,464,464,7,0.015086206896551725,True,True,False
4qyy,337,337,10,0.02967359050445104,True,True,True
2j7d,437,437,7,0.016018306636155607,True,True,True
1rtf,228,228,6,0.02631578947368421,False,True,True
4x8u,286,286,3,0.01048951048951049,False,False,True
4o43,331,331,8,0.02416918429003021,True,True,False
6n8y,210,210,7,0.03333333333333333,True,True,False
6a6k,221,221,11,0.049773755656108594,True,True,False
4lj5,320,320,10,0.03125,True,True,True
3nf6,298,298,25,0.08389261744966443,True,True,False
6b1f,268,268,8,0.029850746268656716,True,True,False
3pb3,199,199,8,0.04020100502512563,True,True,False
3wmc,572,572,8,0.013986013986013986,True,True,True
3s3n,1098,1098,2,0.0018214936247723133,True,True,False
5oci,203,203,10,0.04926108374384237,True,False,False
3o23,293,293,5,0.017064846416382253,True,True,False
4pvx,686,686,11,0.016034985422740525,True,True,True
1trd,249,249,10,0.040160642570281124,True,True,True
2nno,258,258,6,0.023255813953488372,True,True,False
3f3w,261,261,7,0.02681992337164751,True,True,False
4f9u,298,298,2,0.006711409395973154,True,True,True
2h9t,241,241,9,0.03734439834024896,False,True,False
5qb3,240,240,5,0.020833333333333332,True,True,False
3omm,230,230,10,0.043478260869565216,True,True,False
5acy,127,127,8,0.06299212598425197,True,True,True
6b22,244,244,6,0.02459016393442623,True,True,False
2qcn,514,514,26,0.05058365758754864,True,True,False
2jg0,507,507,14,0.027613412228796843,True,True,True
5q0i,227,227,12,0.05286343612334802,True,True,False
1izi,198,198,19,0.09595959595959595,True,True,True
5hk1,650,650,24,0.036923076923076927,True,True,False
3ch9,395,395,3,0.007594936708860759,True,True,False
6d4a,123,123,6,0.04878048780487805,True,True,False
6n96,520,520,4,0.007692307692307693,True,True,False
2xp5,145,145,6,0.041379310344827586,True,False,False
9icd,828,828,6,0.007246376811594203,True,True,False
4eh6,335,335,6,0.01791044776119403,True,True,False
3qbn,250,250,5,0.02,True,True,False
5uwn,161,161,8,0.049689440993788817,True,True,False
3skg,386,386,8,0.02072538860103627,True,True,False
3vnt,301,301,11,0.036544850498338874,True,True,False
3t8s,482,482,3,0.006224066390041493,True,True,False
5cs6,327,327,16,0.04892966360856269,True,True,True
4h3f,390,390,6,0.015384615384615385,True,True,True
5jc1,820,820,22,0.026829268292682926,True,True,False
6qw9,268,268,11,0.041044776119402986,True,True,False
4av4,158,158,10,0.06329113924050633,True,True,True
3lc3,284,284,6,0.02112676056338028,False,True,False
1y1m,271,271,6,0.02214022140221402,True,True,False
5hzx,154,154,5,0.032467532467532464,True,True,False
6esj,527,527,4,0.007590132827324478,True,True,False
4dhl,847,847,3,0.0035419126328217238,True,True,True
3s0j,1618,1618,11,0.006798516687268232,True,True,False
5jur,150,150,6,0.04,True,False,False
4b76,1287,1287,12,0.009324009324009324,True,True,True
6hrx,383,383,8,0.020887728459530026,True,False,False
2xni,371,371,9,0.02425876010781671,True,True,False
5lch,230,230,7,0.030434782608695653,False,True,False
6e5s,266,266,8,0.03007518796992481,True,True,False
4oc3,1388,1388,8,0.005763688760806916,True,True,True
5n1s,258,258,5,0.01937984496124031,True,False,True
3v6s,349,349,9,0.025787965616045846,True,True,False
2iqg,372,372,12,0.03225806451612903,False,True,False
6ex1,257,257,4,0.01556420233463035,True,True,True
2vw2,658,658,8,0.0121580547112462,True,True,True
5f1r,458,458,14,0.03056768558951965,True,True,True
4q3s,670,670,15,0.022388059701492536,True,False,False
4ezk,842,842,7,0.00831353919239905,True,False,False
1zsf,196,196,16,0.08163265306122448,True,True,True
2qrh,1618,1618,11,0.006798516687268232,True,True,False
3c2r,1602,1602,7,0.004369538077403246,True,True,True
5ftq,293,293,8,0.027303754266211604,True,False,False
5al1,208,208,9,0.04326923076923077,True,True,False
2b1z,467,467,16,0.034261241970021415,True,True,False
4h1j,263,263,12,0.045627376425855515,True,False,False
5t68,530,530,10,0.018867924528301886,True,False,False
2wez,373,373,14,0.03753351206434316,False,True,False
3u9c,331,331,9,0.027190332326283987,True,True,False
3hw1,370,370,3,0.008108108108108109,True,True,False
4phw,610,610,21,0.03442622950819672,True,False,False
4ms0,330,330,3,0.00909090909090909,True,True,False
2qn2,1624,1624,3,0.0018472906403940886,True,True,False
3d2e,997,997,15,0.015045135406218655,True,True,True
1e2k,624,624,16,0.02564102564102564,True,True,True
3u0p,372,372,7,0.01881720430107527,True,True,False
2f94,684,684,9,0.013157894736842105,True,True,True
1fmb,208,208,7,0.03365384615384615,True,True,False
6d4u,660,660,3,0.004545454545454545,True,True,False
3odu,922,922,9,0.009761388286334056,True,True,False
3shy,298,298,6,0.020134228187919462,True,True,False
6eb2,260,260,5,0.019230769230769232,True,True,False
4qsx,130,130,4,0.03076923076923077,True,True,False
4cl9,127,127,13,0.10236220472440945,True,True,False
5hor,247,247,7,0.02834008097165992,True,True,False
1h0a,158,158,6,0.0379746835443038,True,True,True
4azy,375,375,6,0.016,True,True,False
5z1s,133,133,7,0.05263157894736842,True,True,False
6hd6,285,285,5,0.017543859649122806,True,True,True
2hb9,1064,1064,4,0.0037593984962406013,True,True,False
4ea3,278,278,7,0.025179856115107913,True,True,False
6cd5,125,125,8,0.064,True,True,False
4b7q,1548,1548,35,0.02260981912144703,True,True,False
3cn0,458,458,8,0.017467248908296942,True,True,False
5i8p,369,369,9,0.024390243902439025,True,True,False
4o0x,290,290,7,0.02413793103448276,True,True,True
5tg7,242,242,7,0.028925619834710745,True,True,False
5bpe,180,180,8,0.044444444444444446,True,True,False
3s2p,279,279,7,0.025089605734767026,True,True,False
1yw7,369,369,7,0.018970189701897018,True,True,False
6ewk,532,532,7,0.013157894736842105,True,True,False
2bfq,191,191,16,0.08376963350785341,True,True,True
3tge,323,323,5,0.015479876160990712,False,True,False
4cli,295,295,6,0.020338983050847456,False,True,False
5o0j,453,453,14,0.03090507726269316,True,True,False
5div,127,127,8,0.06299212598425197,True,True,False
5tob,245,245,4,0.0163265306122449,True,True,False
4aqc,289,289,9,0.031141868512110725,True,True,False
1q66,364,364,9,0.024725274725274724,True,True,False
2fme,321,321,10,0.03115264797507788,False,True,False
6hax,456,456,14,0.03070175438596491,True,True,True
2ybu,376,376,8,0.02127659574468085,True,False,False
5x02,305,305,12,0.03934426229508197,True,True,False
3vbg,169,169,11,0.0650887573964497,True,False,False
6i5g,316,316,9,0.028481012658227847,True,True,True
4e5i,174,174,2,0.011494252873563218,False,True,False
4ikr,304,304,4,0.013157894736842105,True,True,False
5ovg,455,455,7,0.015384615384615385,True,True,False
2or4,1378,1378,6,0.0043541364296081275,True,True,False
4nnw,648,648,11,0.016975308641975308,True,True,False
6f5h,687,687,19,0.027656477438136828,True,True,False
4i6f,285,285,4,0.014035087719298246,True,True,False
4v04,291,291,11,0.037800687285223365,False,True,False
1jaq,158,158,7,0.04430379746835443,True,True,True
2ygu,236,236,5,0.0211864406779661,False,True,False
2q2a,241,241,7,0.029045643153526972,True,True,True
5aqq,485,485,3,0.006185567010309278,True,True,False
6ohu,412,412,17,0.0412621359223301,True,True,False
1wbg,243,243,4,0.01646090534979424,False,False,False
3ccw,1650,1650,40,0.024242424242424242,True,True,True
5d3c,159,159,6,0.03773584905660377,True,True,True
2ow3,346,346,8,0.023121387283236993,True,True,False
6oe1,258,258,7,0.027131782945736434,True,True,True
3fr4,131,131,10,0.07633587786259542,True,True,False
4qgd,121,121,7,0.05785123966942149,True,False,True
5mi3,385,385,10,0.025974025974025976,True,False,False
1y91,286,286,11,0.038461538461538464,True,True,False
4gw6,288,288,3,0.010416666666666666,True,True,False
3aaq,349,349,12,0.034383954154727794,True,True,True
4cfx,558,558,5,0.008960573476702509,True,False,False
5i86,115,115,7,0.06086956521739131,True,True,False
3o9i,198,198,16,0.08080808080808081,True,True,True
3bxf,498,498,14,0.028112449799196786,True,True,True
6h9v,611,611,11,0.01800327332242226,True,True,False
3v3q,476,476,10,0.02100840336134454,True,True,True
5bw4,205,205,8,0.03902439024390244,True,True,True
2cm7,297,297,14,0.04713804713804714,False,True,False
1gni,582,582,42,0.07216494845360824,True,True,False
4exz,133,133,7,0.05263157894736842,True,True,False
4fgz,258,258,9,0.03488372093023256,True,True,False
2gvf,205,205,11,0.05365853658536585,True,True,False
3h0w,299,299,3,0.010033444816053512,True,True,False
6nss,303,303,11,0.036303630363036306,True,True,False
4w5j,211,211,24,0.11374407582938388,True,True,False
4zz1,199,199,10,0.05025125628140704,True,False,False
186l,162,162,8,0.04938271604938271,True,True,True
1os5,563,563,10,0.017761989342806393,True,True,True
5vp9,198,198,13,0.06565656565656566,True,True,True
5ll9,522,522,8,0.01532567049808429,True,True,False
5a7y,270,270,2,0.007407407407407408,True,True,False
3k2f,256,256,5,0.01953125,True,True,True
1h1q,554,554,4,0.007220216606498195,True,False,False
3ftv,607,607,7,0.011532125205930808,True,True,False
2az8,198,198,6,0.030303030303030304,True,True,False
3efs,232,232,12,0.05172413793103448,True,True,False
4r5g,427,427,5,0.0117096018735363,True,True,False
2zx6,2652,2652,14,0.005279034690799397,True,False,True
3i4a,275,275,4,0.014545454545454545,True,True,False
1zfq,256,256,7,0.02734375,True,True,True
4p2t,192,192,7,0.036458333333333336,True,True,False
3exe,1383,1383,26,0.018799710773680405,True,True,True
2g5u,454,454,3,0.006607929515418502,True,True,True
4isi,286,286,11,0.038461538461538464,False,True,True
6f28,254,254,5,0.01968503937007874,True,True,True
5q0y,230,230,13,0.05652173913043478,True,True,False
6esm,158,158,8,0.05063291139240506,True,True,False
4b6c,161,161,10,0.062111801242236024,True,True,False
4ef6,566,566,8,0.014134275618374558,True,True,True
4ovz,303,303,7,0.0231023102310231,True,True,False
3czv,258,258,3,0.011627906976744186,True,True,True
6abx,740,740,12,0.016216216216216217,True,True,True
4m3b,370,370,7,0.01891891891891892,False,True,False
4crd,651,651,9,0.013824884792626729,False,False,False
5acw,232,232,1,0.004310344827586207,True,True,False
4qwj,648,648,10,0.015432098765432098,True,True,False
2xx5,422,422,14,0.03317535545023697,True,True,False
4ejl,198,198,4,0.020202020202020204,True,False,True
5u0y,537,537,11,0.020484171322160148,True,False,True
5jf6,202,202,4,0.019801980198019802,True,False,False
5akh,546,546,7,0.01282051282051282,True,False,False
1b8o,280,280,7,0.025,True,False,True
4uxh,674,674,41,0.06083086053412463,True,True,False
5i9x,284,284,6,0.02112676056338028,True,True,True
2vci,418,418,8,0.019138755980861243,False,True,False
3qwc,242,242,6,0.024793388429752067,False,False,True
4y4j,330,330,8,0.024242424242424242,True,True,True
5flo,258,258,2,0.007751937984496124,True,False,True
2yi0,418,418,7,0.01674641148325359,True,True,True
4k9h,370,370,13,0.03513513513513514,True,True,False
4bhi,770,770,3,0.003896103896103896,True,True,False
3kmy,784,784,11,0.01403061224489796,True,True,True
2cbr,136,136,10,0.07352941176470588,True,True,False
1bty,219,219,5,0.0228310502283105,False,True,True
4ayr,432,432,12,0.027777777777777776,True,True,False
5oug,410,410,16,0.03902439024390244,True,False,False
2ayr,246,246,10,0.04065040650406504,True,True,True
4csd,266,266,36,0.13533834586466165,True,True,True
2xii,438,438,8,0.0182648401826484,True,True,True
4mk8,557,557,11,0.019748653500897665,True,True,False
3ik1,622,622,5,0.008038585209003215,True,True,False
6hk6,580,580,16,0.027586206896551724,True,True,False
4loo,370,370,4,0.010810810810810811,True,True,True
5tts,274,274,4,0.014598540145985401,True,False,False
4dce,288,288,10,0.034722222222222224,True,True,False
2wqp,678,678,9,0.01327433628318584,True,True,False
6ovz,454,454,6,0.013215859030837005,True,True,False
4l2l,607,607,6,0.009884678747940691,True,True,True
5ak0,442,442,6,0.013574660633484163,True,True,False
5i9y,287,287,7,0.024390243902439025,True,True,True
5djv,686,686,12,0.01749271137026239,True,False,False
2qpq,296,296,10,0.033783783783783786,True,True,True
1u9w,216,216,6,0.027777777777777776,True,True,False
5tdi,215,215,10,0.046511627906976744,True,True,False
3f18,158,158,5,0.03164556962025317,True,True,True
4kp5,522,522,9,0.017241379310344827,True,True,True
1py5,301,301,10,0.03322259136212625,True,False,False
1m5d,516,516,7,0.013565891472868217,True,True,False
4bkt,327,327,6,0.01834862385321101,True,True,True
3iuc,767,767,22,0.028683181225554105,True,True,False
4x6o,229,229,9,0.039301310043668124,False,False,True
3wc5,303,303,6,0.019801980198019802,False,True,False
4lhm,880,880,5,0.005681818181818182,True,True,True
4lv2,358,358,8,0.0223463687150838,True,True,False
6ge0,343,343,11,0.03206997084548105,True,True,False
4de2,260,260,17,0.06538461538461539,True,False,True
1ad8,241,241,9,0.03734439834024896,False,False,False
4k19,174,174,11,0.06321839080459771,True,True,False
4a9r,572,572,10,0.017482517482517484,False,False,False
4qo4,89,89,7,0.07865168539325842,True,True,False
1ftk,250,250,7,0.028,True,True,False
4awp,408,408,29,0.07107843137254902,True,True,False
6qr0,416,416,12,0.028846153846153848,True,False,True
4mc6,198,198,12,0.06060606060606061,True,True,True
4b71,1287,1287,17,0.01320901320901321,True,True,False
5u0d,258,258,3,0.011627906976744186,True,True,True
2wpb,1183,1183,16,0.013524936601859678,True,True,False
5efc,163,163,6,0.03680981595092025,True,False,True
4nh7,207,207,9,0.043478260869565216,True,True,True
6e7t,711,711,11,0.015471167369901548,True,True,True
3qbc,160,160,7,0.04375,True,False,True
6e8x,257,257,6,0.023346303501945526,True,True,False
6ccn,951,951,17,0.017875920084121977,True,False,False
3deh,460,460,1,0.002173913043478261,True,True,False
5tjx,231,231,12,0.05194805194805195,True,True,False
1z1h,194,194,13,0.06701030927835051,True,True,True
5kbg,405,405,16,0.03950617283950617,True,True,False
3fv7,243,243,7,0.02880658436213992,True,True,False
2qi0,198,198,15,0.07575757575757576,True,True,True
1hi3,135,135,9,0.06666666666666667,True,True,True
3ti8,1548,1548,18,0.011627906976744186,False,True,False
5c2h,322,322,9,0.027950310559006212,True,True,True
4o05,209,209,12,0.05741626794258373,True,True,True
6jse,376,376,6,0.015957446808510637,True,True,False
3oy3,284,284,12,0.04225352112676056,True,True,False
2x9e,508,508,9,0.017716535433070866,False,True,False
5m7s,887,887,12,0.013528748590755355,True,True,True
5mnc,220,220,2,0.00909090909090909,False,True,False
1qy1,157,157,3,0.01910828025477707,True,True,True
3s76,257,257,3,0.011673151750972763,True,False,True
2q11,388,388,7,0.01804123711340206,True,True,False
2ozr,1327,1327,79,0.059532780708364735,True,True,False
6ey9,207,207,9,0.043478260869565216,True,False,True
6e05,453,453,24,0.052980132450331126,True,True,False
2uw3,354,354,7,0.01977401129943503,True,False,False
5tln,316,316,7,0.022151898734177215,True,True,False
4tlr,564,564,9,0.015957446808510637,True,True,False
3h2o,528,528,10,0.01893939393939394,True,False,False
6h4p,349,349,4,0.011461318051575931,True,True,False
3wcl,2004,2004,10,0.00499001996007984,True,True,False
4ido,834,834,26,0.03117505995203837,True,False,True
6b7d,314,314,4,0.012738853503184714,True,True,False
2zdk,220,220,10,0.045454545454545456,False,True,True
1mj7,402,402,11,0.02736318407960199,False,True,False
4uja,356,356,8,0.02247191011235955,True,True,True
6alc,114,114,9,0.07894736842105263,True,False,False
3vv7,361,361,7,0.019390581717451522,True,True,False
4nyi,806,806,5,0.00620347394540943,True,False,False
5nn0,527,527,12,0.022770398481973434,True,True,False
1w13,228,228,6,0.02631578947368421,False,True,True
3zt3,297,297,16,0.05387205387205387,True,True,True
4i5c,279,279,6,0.021505376344086023,True,False,True
6n83,682,682,7,0.010263929618768328,True,True,False
1mm6,520,520,14,0.026923076923076925,True,True,False
2h23,424,424,6,0.014150943396226415,True,True,False
5icp,610,610,7,0.011475409836065573,True,True,False
6qz7,513,513,4,0.007797270955165692,True,False,False
6nco,141,141,8,0.05673758865248227,True,True,True
5y5u,266,266,3,0.011278195488721804,True,True,False
1e9h,553,553,7,0.012658227848101266,True,True,False
5bqs,646,646,10,0.015479876160990712,True,True,False
4e3l,357,357,14,0.0392156862745098,True,False,False
1bnw,256,256,2,0.0078125,True,True,True
5cgv,178,178,5,0.028089887640449437,True,True,False
5es1,304,304,9,0.029605263157894735,True,True,False
5yqn,288,288,13,0.04513888888888889,True,True,False
5u0e,258,258,2,0.007751937984496124,True,True,True
4mm6,504,504,8,0.015873015873015872,True,True,False
5n1p,206,206,2,0.009708737864077669,True,True,False
5wew,281,281,8,0.028469750889679714,True,False,False
6n4t,227,227,15,0.06607929515418502,False,True,False
5q13,232,232,12,0.05172413793103448,True,True,False
1h07,285,285,6,0.021052631578947368,True,False,False
5k76,270,270,7,0.025925925925925925,True,False,False
5vqr,947,947,10,0.010559662090813094,True,True,False
5dkn,182,182,1,0.005494505494505495,True,False,True
4fvq,274,274,11,0.040145985401459854,True,True,False
4bs4,207,207,8,0.03864734299516908,True,True,False
3v2q,225,225,16,0.07111111111111111,True,True,True
2csn,586,586,6,0.010238907849829351,True,True,True
2xi7,1472,1472,6,0.004076086956521739,False,True,False
2wih,559,559,10,0.017889087656529516,True,True,False
2a29,136,136,8,0.058823529411764705,True,True,False
6ft3,127,127,9,0.07086614173228346,True,True,False
1v0o,277,277,7,0.02527075812274368,False,True,False
6iot,479,479,8,0.016701461377870562,True,True,False
3c4h,357,357,3,0.008403361344537815,True,True,True
1zkn,1325,1325,15,0.011320754716981131,True,False,False
3rt4,684,684,13,0.019005847953216373,True,True,False
1rti,955,955,5,0.005235602094240838,True,True,False
5fhn,516,516,14,0.027131782945736434,True,True,True
1g35,198,198,17,0.08585858585858586,True,True,True
1qji,200,200,9,0.045,True,True,True
1y3x,220,220,7,0.031818181818181815,False,True,True
5za8,226,226,6,0.02654867256637168,False,True,True
4ca7,596,596,17,0.028523489932885907,False,True,True
2pgz,1056,1056,8,0.007575757575757576,True,True,True
6uim,620,620,4,0.0064516129032258064,True,True,False
4oc0,1388,1388,7,0.005043227665706052,True,True,True
2zaz,345,345,8,0.02318840579710145,True,True,False
3b4p,315,315,14,0.044444444444444446,True,True,True
6gfy,329,329,6,0.0182370820668693,True,True,False
3ttn,330,330,9,0.02727272727272727,True,True,False
4fs4,779,779,14,0.01797175866495507,True,True,True
4o91,293,293,12,0.040955631399317405,True,False,False
2jf4,486,486,14,0.02880658436213992,True,True,True
3qu0,294,294,8,0.027210884353741496,True,True,False
1pvn,1448,1448,64,0.04419889502762431,True,True,True
1x39,602,602,8,0.013289036544850499,True,True,True
5b5f,480,480,33,0.06875,True,True,True
6dry,390,390,6,0.015384615384615385,True,False,False
4zsq,389,389,7,0.017994858611825194,True,True,False
4x6y,632,632,17,0.02689873417721519,True,True,False
2hzi,268,268,10,0.03731343283582089,True,True,False
2v12,666,666,25,0.03753753753753754,False,True,False
6cvv,453,453,15,0.033112582781456956,True,True,True
6nyv,283,283,8,0.028268551236749116,True,False,True
5awj,240,240,11,0.04583333333333333,True,True,False
4zzy,351,351,5,0.014245014245014245,True,True,True
1ci7,584,584,6,0.010273972602739725,True,True,False
3tn8,556,556,8,0.014388489208633094,True,False,False
6dq5,298,298,5,0.016778523489932886,True,True,False
3qxv,123,123,9,0.07317073170731707,True,True,True
2oiq,265,265,11,0.04150943396226415,True,True,True
4z1n,258,258,7,0.027131782945736434,True,True,False
3hav,296,296,3,0.010135135135135136,True,True,False
4p6c,430,430,10,0.023255813953488372,True,True,True
1a42,256,256,5,0.01953125,True,True,False
2xjj,208,208,10,0.04807692307692308,False,True,True
2ipo,2778,2778,25,0.008999280057595392,True,True,False
3cx9,582,582,7,0.012027491408934709,True,True,False
3fzc,243,243,6,0.024691358024691357,True,True,False
4wrs,273,273,8,0.029304029304029304,True,False,False
3adt,516,516,13,0.025193798449612403,True,False,False
5kx8,285,285,4,0.014035087719298246,False,True,False
4m5r,201,201,4,0.01990049751243781,True,True,False
1xgj,351,351,8,0.022792022792022793,True,True,False
5lwm,290,290,7,0.02413793103448276,True,False,True
3qcl,289,289,9,0.031141868512110725,True,True,False
1xp0,325,325,6,0.018461538461538463,False,False,False
1sj0,486,486,9,0.018518518518518517,True,True,False
2z3h,491,491,26,0.05295315682281059,True,True,False
4ybt,178,178,3,0.016853932584269662,True,True,False
5nrf,376,376,8,0.02127659574468085,True,False,False
184l,162,162,10,0.06172839506172839,True,True,True
3f36,4032,4032,5,0.001240079365079365,False,True,False
5wj6,820,820,12,0.014634146341463415,True,True,False
5yum,182,182,7,0.038461538461538464,True,True,True
1ciz,168,168,9,0.05357142857142857,True,False,True
5m51,260,260,6,0.023076923076923078,True,False,False
3lp4,939,939,16,0.01703940362087327,True,True,True
2cmb,287,287,14,0.04878048780487805,False,True,False
4di2,375,375,12,0.032,True,True,False
3ehw,421,421,57,0.13539192399049882,True,True,False
5q0f,229,229,11,0.048034934497816595,False,False,False
3wyy,258,258,7,0.027131782945736434,True,True,False
4oc6,682,682,16,0.02346041055718475,True,True,False
2uzb,553,553,6,0.0108499095840868,True,True,False
1mfi,342,342,18,0.05263157894736842,True,True,True
2itp,305,305,8,0.02622950819672131,True,False,False
5ikb,249,249,9,0.03614457831325301,True,True,True
2d06,288,288,8,0.027777777777777776,True,True,False
6aah,567,567,16,0.02821869488536155,True,False,False
5n9k,329,329,9,0.02735562310030395,True,True,False
3wi6,3392,3392,23,0.006780660377358491,True,False,False
3sgx,411,411,19,0.046228710462287104,True,True,False
2gkl,225,225,2,0.008888888888888889,False,True,True
5l9h,333,333,4,0.012012012012012012,True,False,False
1k08,1634,1634,17,0.01040391676866585,True,True,False
3mg0,1022,1022,14,0.0136986301369863,False,True,False
4m8x,198,198,13,0.06565656565656566,True,True,True
6e2n,513,513,17,0.03313840155945419,True,True,False
2g72,264,264,4,0.015151515151515152,True,True,False
1s26,628,628,7,0.011146496815286623,True,True,False
6h4t,340,340,7,0.020588235294117647,True,True,False
5eiw,256,256,4,0.015625,True,True,False
4l7r,353,353,7,0.019830028328611898,True,True,False
2y2k,938,938,4,0.0042643923240938165,True,True,False
5evk,266,266,1,0.0037593984962406013,True,True,True
4j6i,833,833,8,0.009603841536614645,True,True,False
3voz,1252,1252,6,0.004792332268370607,True,True,False
5ew3,274,274,10,0.0364963503649635,True,True,False
4o70,127,127,9,0.07086614173228346,True,True,False
6fe0,466,466,13,0.027896995708154508,False,True,True
4wwo,814,814,9,0.011056511056511056,True,False,False
6gev,247,247,8,0.032388663967611336,True,True,False
4tkb,133,133,3,0.022556390977443608,True,True,True
2xyn,264,264,6,0.022727272727272728,True,False,False
2v00,330,330,7,0.021212121212121213,True,True,True
4qfg,813,813,6,0.007380073800738007,True,True,False
5fut,355,355,7,0.01971830985915493,True,True,True
2yoh,199,199,9,0.04522613065326633,True,True,False
6u80,309,309,9,0.02912621359223301,True,True,False
4ghi,217,217,5,0.02304147465437788,True,True,True
4fkk,902,902,7,0.007760532150776054,True,True,False
2onc,1452,1452,28,0.01928374655647383,True,False,False
6plg,605,605,15,0.024793388429752067,True,True,False
5v9t,577,577,7,0.012131715771230503,True,False,False
6p85,1011,1011,5,0.004945598417408506,True,True,True
3rz0,258,258,5,0.01937984496124031,True,True,True
6dpt,358,358,8,0.0223463687150838,True,True,True
4pp5,214,214,12,0.056074766355140186,True,True,True
6ak6,330,330,8,0.024242424242424242,True,True,False
4dn0,279,279,6,0.021505376344086023,True,True,False
2xpk,1170,1170,17,0.01452991452991453,True,True,True
1o0h,124,124,9,0.07258064516129033,True,True,True
3ip5,348,348,6,0.017241379310344827,True,True,True
3dp9,459,459,11,0.023965141612200435,True,False,True
2j7g,437,437,8,0.018306636155606407,True,True,True
3fi2,320,320,9,0.028125,True,True,False
4dhr,454,454,7,0.015418502202643172,True,True,False
1rdl,223,223,3,0.013452914798206279,True,True,False
4ryl,600,600,5,0.008333333333333333,True,True,False
1qvt,372,372,7,0.01881720430107527,True,True,False
5abf,663,663,8,0.012066365007541479,True,True,False
6s90,262,262,11,0.04198473282442748,True,False,False
6oxz,198,198,17,0.08585858585858586,True,True,False
6f3f,448,448,7,0.015625,True,True,False
3kfa,284,284,10,0.035211267605633804,True,True,False
6pi6,333,333,8,0.024024024024024024,True,True,True
5adr,208,208,9,0.04326923076923077,True,True,False
5j9l,286,286,9,0.03146853146853147,True,False,False
4rfd,257,257,6,0.023346303501945526,True,True,True
3s4q,326,326,12,0.03680981595092025,True,True,False
4q3r,670,670,19,0.028358208955223882,True,False,False
6mq3,959,959,5,0.005213764337851929,True,True,False
4unn,184,184,9,0.04891304347826087,True,True,False
1tu6,430,430,23,0.053488372093023255,True,False,False
2h3e,2730,2730,23,0.008424908424908424,True,True,True
5fus,811,811,18,0.02219482120838471,True,True,False
5thi,257,257,3,0.011673151750972763,True,True,False
1rww,526,526,10,0.019011406844106463,True,True,False
3iof,227,227,6,0.02643171806167401,True,True,True
2k31,149,149,6,0.040268456375838924,True,False,False
1wc6,388,388,15,0.03865979381443299,False,True,False
4qn7,1560,1560,19,0.01217948717948718,True,True,False
4gfo,272,272,1,0.003676470588235294,True,True,True
5lvd,316,316,5,0.015822784810126583,True,True,True
4pnt,199,199,5,0.02512562814070352,True,True,False
6s0e,496,496,8,0.016129032258064516,True,True,False
4kwo,704,704,9,0.01278409090909091,True,False,True
2o4s,198,198,12,0.06060606060606061,True,True,False
5i4v,475,475,6,0.01263157894736842,True,True,False
3uu1,338,338,7,0.020710059171597635,True,True,True
5joh,221,221,2,0.00904977375565611,True,True,False
2pix,248,248,5,0.020161290322580645,True,True,False
6fut,223,223,5,0.02242152466367713,False,True,False
6h9b,862,862,9,0.010440835266821345,True,True,False
3r22,255,255,8,0.03137254901960784,True,True,False
5k5s,531,531,6,0.011299435028248588,True,False,False
4brx,260,260,7,0.026923076923076925,False,True,False
3b1t,1248,1248,7,0.005608974358974359,True,True,False
5ouh,410,410,15,0.036585365853658534,True,True,True
6e4f,270,270,10,0.037037037037037035,True,False,False
4kc2,578,578,11,0.01903114186851211,True,True,False
4um3,397,397,11,0.027707808564231738,True,True,False
6qdx,273,273,9,0.03296703296703297,True,True,False
5lz8,371,371,11,0.029649595687331536,True,True,False
3rsv,364,364,7,0.019230769230769232,True,True,False
1al7,1400,1400,8,0.005714285714285714,True,False,False
2etk,798,798,10,0.012531328320802004,True,True,False
2gvz,707,707,7,0.009900990099009901,True,True,False
3wtk,416,416,11,0.026442307692307692,True,True,False
4u71,304,304,4,0.013157894736842105,True,True,True
6jn5,264,264,6,0.022727272727272728,False,False,False
2k2g,165,165,3,0.01818181818181818,True,True,False
6nzp,519,519,19,0.036608863198458574,True,True,False
5f4l,671,671,18,0.026825633383010434,True,True,False
3cp9,288,288,10,0.034722222222222224,True,True,False
5trg,667,667,41,0.06146926536731634,True,True,False
6hgs,349,349,19,0.054441260744985676,True,False,True
3qcf,284,284,8,0.028169014084507043,True,True,False
3rvg,285,285,6,0.021052631578947368,True,True,False
4bti,279,279,6,0.021505376344086023,False,True,False
1drk,271,271,7,0.025830258302583026,True,True,True
4p0v,692,692,7,0.010115606936416185,True,True,False
4ceb,298,298,15,0.050335570469798654,True,True,True
5ief,858,858,7,0.008158508158508158,True,True,False
5l6p,274,274,6,0.021897810218978103,True,True,False
3mmf,257,257,7,0.027237354085603113,True,True,True
5l0h,173,173,6,0.03468208092485549,True,True,False
2i72,705,705,12,0.01702127659574468,True,True,False
6qab,526,526,8,0.015209125475285171,True,False,False
4hwp,807,807,26,0.0322180916976456,True,True,True
3b50,310,310,12,0.03870967741935484,True,True,True
6awo,544,544,5,0.009191176470588236,True,True,False
1b57,692,692,17,0.024566473988439308,True,True,True
5f1l,113,113,7,0.061946902654867256,True,True,False
5yz7,265,265,7,0.026415094339622643,True,True,False
4ngr,1378,1378,13,0.009433962264150943,True,True,False
5ivy,300,300,6,0.02,True,True,True
3mj2,259,259,6,0.023166023166023165,True,True,False
5i94,1640,1640,16,0.00975609756097561,True,True,False
1zpa,198,198,5,0.025252525252525252,True,True,True
4hni,284,284,9,0.03169014084507042,True,True,False
6ocw,667,667,39,0.05847076461769116,True,True,False
4ikt,304,304,5,0.01644736842105263,True,True,False
5zyi,230,230,10,0.043478260869565216,True,True,False
4w9j,327,327,8,0.024464831804281346,True,True,True
3tib,1552,1552,41,0.026417525773195876,True,True,False
5hna,704,704,24,0.03409090909090909,True,True,False
4hxq,942,942,15,0.01592356687898089,True,False,False
6ee6,889,889,9,0.010123734533183352,True,True,False
4o3a,522,522,13,0.02490421455938697,True,True,False
5ka1,284,284,9,0.03169014084507042,True,True,True
4bam,279,279,14,0.05017921146953405,False,True,True
4ck3,298,298,13,0.0436241610738255,True,True,True
5m3b,228,228,14,0.06140350877192982,True,True,False
4ux6,826,826,3,0.0036319612590799033,True,True,False
4e8z,616,616,8,0.012987012987012988,True,True,False
4gj7,328,328,11,0.03353658536585366,False,True,False
2cle,1294,1294,9,0.006955177743431221,False,True,True
1z6s,124,124,7,0.056451612903225805,True,True,True
5hip,298,298,4,0.013422818791946308,True,True,False
4ybi,388,388,6,0.015463917525773196,True,True,False
4knj,257,257,4,0.01556420233463035,True,True,True
4px6,262,262,7,0.026717557251908396,True,False,False
1i6v,2803,2803,9,0.003210845522654299,True,True,False
5nih,262,262,7,0.026717557251908396,False,True,True
3aas,223,223,6,0.026905829596412557,True,True,True
6t1j,143,143,6,0.04195804195804196,True,True,True
4qw4,648,648,13,0.020061728395061727,True,True,False
4r07,1485,1485,20,0.013468013468013467,True,False,False
2zx7,2652,2652,18,0.006787330316742082,True,False,True
5ha1,140,140,9,0.06428571428571428,True,True,True
5vqq,947,947,8,0.008447729672650475,True,True,False
4zme,261,261,4,0.01532567049808429,True,True,True
2hmv,1096,1096,19,0.017335766423357664,True,True,True
4ui5,209,209,8,0.03827751196172249,True,True,False
5dk4,636,636,8,0.012578616352201259,True,False,False
2ay3,782,782,14,0.017902813299232736,True,True,False
1epp,320,320,14,0.04375,False,True,False
2a4z,812,812,6,0.007389162561576354,True,True,False
2gfd,432,432,15,0.034722222222222224,True,True,False
3kai,145,145,7,0.04827586206896552,True,True,False
4yc0,222,222,4,0.018018018018018018,True,True,True
4p44,691,691,10,0.01447178002894356,True,True,False
4bo9,939,939,12,0.012779552715654952,True,True,False
3wk4,1092,1092,8,0.007326007326007326,True,True,False
2osf,257,257,3,0.011673151750972763,True,True,False
3sh1,1074,1074,31,0.028864059590316574,True,True,False
3iph,345,345,9,0.02608695652173913,True,True,True
4kao,252,252,11,0.04365079365079365,True,True,True
5ult,198,198,11,0.05555555555555555,True,True,True
6fnf,267,267,8,0.0299625468164794,True,True,True
1yon,292,292,15,0.05136986301369863,True,True,False
5ee8,265,265,8,0.03018867924528302,True,True,False
5okt,285,285,6,0.021052631578947368,True,True,False
5ual,2966,2966,8,0.0026972353337828725,True,True,False
5os1,264,264,4,0.015151515151515152,True,True,False
1mrw,198,198,16,0.08080808080808081,True,True,True
2wc4,443,443,9,0.020316027088036117,True,True,True
3hv7,330,330,9,0.02727272727272727,True,True,False
4z83,355,355,9,0.02535211267605634,False,True,True
4dei,287,287,10,0.03484320557491289,True,True,False
3dxh,124,124,11,0.08870967741935484,True,True,False
5n49,114,114,6,0.05263157894736842,True,True,False
2yk1,370,370,4,0.010810810810810811,True,True,True
2a5s,278,278,7,0.025179856115107913,True,True,True
2ew6,166,166,10,0.060240963855421686,True,True,False
2w3i,277,277,7,0.02527075812274368,False,True,False
1c12,426,426,2,0.004694835680751174,False,True,False
4l0b,208,208,6,0.028846153846153848,True,True,False
1my4,516,516,11,0.02131782945736434,True,True,True
4bio,678,678,7,0.01032448377581121,True,True,False
5laz,94,94,11,0.11702127659574468,True,True,False
3wke,1092,1092,10,0.009157509157509158,True,True,False
3qiz,399,399,7,0.017543859649122806,True,True,False
1b55,650,650,18,0.027692307692307693,True,True,True
1e3v,257,257,8,0.0311284046692607,True,True,True
4eol,551,551,7,0.012704174228675136,True,True,False
3ok9,198,198,8,0.04040404040404041,True,True,True
4xg4,264,264,5,0.01893939393939394,True,True,False
5k48,231,231,5,0.021645021645021644,True,True,False
4dfl,263,263,6,0.022813688212927757,True,True,False
5mwa,209,209,13,0.06220095693779904,True,True,False
1bxq,323,323,15,0.04643962848297214,True,True,True
3oof,230,230,12,0.05217391304347826,True,True,False
1il4,267,267,6,0.02247191011235955,True,False,False
1hqh,942,942,21,0.022292993630573247,True,True,False
3qxt,124,124,10,0.08064516129032258,True,True,True
4h58,263,263,7,0.026615969581749048,True,True,False
5dls,257,257,8,0.0311284046692607,True,False,False
1c9d,1302,1302,13,0.009984639016897081,True,True,False
4anb,282,282,7,0.024822695035460994,True,True,False
4e1n,288,288,3,0.010416666666666666,True,True,False
2xxx,496,496,15,0.03024193548387097,True,True,True
6mdc,483,483,9,0.018633540372670808,True,False,False
1lv8,1593,1593,56,0.03515379786566227,True,True,False
3oku,258,258,8,0.031007751937984496,True,True,True
6f1x,154,154,10,0.06493506493506493,True,False,False
5tbj,686,686,21,0.030612244897959183,True,False,False
2c5y,290,290,6,0.020689655172413793,True,True,False
3qa2,598,598,11,0.01839464882943144,True,True,False
2hmb,131,131,2,0.015267175572519083,True,True,False
3g76,97,97,8,0.08247422680412371,True,True,False
6nw3,370,370,14,0.03783783783783784,True,True,True
2bxt,246,246,7,0.028455284552845527,False,True,False
6od6,377,377,4,0.010610079575596816,True,True,False
4phv,198,198,16,0.08080808080808081,True,True,False
1bwa,198,198,18,0.09090909090909091,True,True,True
2p4y,471,471,17,0.036093418259023353,True,True,True
1ggd,226,226,9,0.03982300884955752,True,True,False
1uou,876,876,7,0.007990867579908675,True,True,True
1bmm,244,244,7,0.028688524590163935,False,True,False
1hvs,198,198,14,0.0707070707070707,True,True,True
4lc7,402,402,6,0.014925373134328358,True,True,False
3p2k,197,197,10,0.050761421319796954,True,True,False
3wax,789,789,9,0.011406844106463879,True,False,False
5ocj,275,275,5,0.01818181818181818,True,True,False
5xhr,359,359,9,0.025069637883008356,True,True,False
1q9m,1324,1324,13,0.009818731117824773,True,True,False
3l59,390,390,3,0.007692307692307693,True,True,True
3vrw,238,238,12,0.05042016806722689,True,True,False
6fyv,329,329,10,0.030395136778115502,True,True,False
5lpk,116,116,9,0.07758620689655173,True,False,False
5ni7,252,252,12,0.047619047619047616,True,True,False
1tcw,198,198,18,0.09090909090909091,True,False,False
1l6s,2576,2576,19,0.007375776397515528,True,True,False
6h76,308,308,12,0.03896103896103896,True,True,False
1e34,229,229,6,0.026200873362445413,False,True,False
6gj7,166,166,7,0.04216867469879518,True,False,False
4ccd,640,640,3,0.0046875,True,True,False
2uy3,285,285,4,0.014035087719298246,True,False,True
5qa6,241,241,3,0.012448132780082987,True,True,False
1o5f,342,342,11,0.03216374269005848,False,False,False
4tyt,218,218,4,0.01834862385321101,True,True,False
5j1r,386,386,5,0.012953367875647668,True,True,True
6iou,237,237,4,0.016877637130801686,True,True,True
2x7o,330,330,7,0.021212121212121213,True,True,False
5wb3,720,720,4,0.005555555555555556,True,True,False
4ab8,219,219,5,0.0228310502283105,False,True,False
5h5f,224,224,9,0.04017857142857143,True,True,True
3q72,138,138,11,0.07971014492753623,True,False,False
3zep,274,274,6,0.021897810218978103,True,False,False
4l2f,208,208,6,0.028846153846153848,True,True,False
4l50,495,495,31,0.06262626262626263,True,True,True
4o09,209,209,11,0.05263157894736842,True,True,True
2bb7,258,258,3,0.011627906976744186,True,True,False
5vpm,334,334,11,0.03293413173652695,True,True,False
1nax,250,250,12,0.048,True,True,False
4md6,299,299,8,0.026755852842809364,True,False,False
3qck,289,289,10,0.03460207612456748,True,True,False
4bxk,607,607,11,0.018121911037891267,True,False,False
3r24,413,413,14,0.03389830508474576,True,True,True
6pht,346,346,4,0.011560693641618497,True,False,False
3owb,207,207,7,0.033816425120772944,True,False,False
3nww,339,339,13,0.038348082595870206,True,True,False
1zzz,220,220,9,0.04090909090909091,False,True,False
6ps4,442,442,9,0.020361990950226245,True,True,False
1usn,165,165,3,0.01818181818181818,True,True,True
4anq,294,294,6,0.02040816326530612,False,True,False
4zt8,246,246,4,0.016260162601626018,True,False,True
3udp,394,394,8,0.02030456852791878,True,True,False
3ly2,345,345,5,0.014492753623188406,True,True,False
1css,870,870,9,0.010344827586206896,True,True,False
2ydo,309,309,6,0.019417475728155338,True,True,False
5cav,306,306,6,0.0196078431372549,True,True,False
1ikx,984,984,5,0.00508130081300813,True,True,False
4q6r,885,885,12,0.013559322033898305,True,True,False
4tjy,199,199,5,0.02512562814070352,True,False,False
1hp5,499,499,6,0.012024048096192385,True,True,True
4pci,126,126,5,0.03968253968253968,True,True,False
5ax9,282,282,10,0.03546099290780142,True,True,False
6i0k,301,301,7,0.023255813953488372,True,True,False
6mku,238,238,6,0.025210084033613446,True,True,True
5afk,410,410,17,0.041463414634146344,True,True,False
1o4j,106,106,3,0.02830188679245283,True,True,False
4dbm,1048,1048,30,0.02862595419847328,True,True,True
3w1f,259,259,11,0.04247104247104247,True,False,False
4aqh,382,382,10,0.02617801047120419,True,True,True
1pye,266,266,8,0.03007518796992481,True,True,False
3sv2,242,242,9,0.0371900826446281,False,True,True
5ct2,346,346,7,0.02023121387283237,True,True,True
4pio,307,307,6,0.019543973941368076,False,False,False
2xg5,364,364,3,0.008241758241758242,False,True,False
4x6x,632,632,23,0.03639240506329114,True,True,False
1xor,321,321,6,0.018691588785046728,True,True,False
5a82,130,130,6,0.046153846153846156,True,True,False
5nu5,116,116,10,0.08620689655172414,True,False,False
5db0,468,468,4,0.008547008547008548,False,True,False
1dmp,196,196,19,0.09693877551020408,True,True,True
2w05,276,276,8,0.028985507246376812,True,True,False
3uzc,291,291,6,0.020618556701030927,True,True,False
3p17,242,242,5,0.02066115702479339,False,True,True
1rek,336,336,11,0.03273809523809524,True,True,False
3qs8,346,346,9,0.02601156069364162,True,True,False
6hv0,377,377,7,0.01856763925729443,True,False,False
5svl,666,666,3,0.0045045045045045045,True,True,False
6qgh,154,154,13,0.08441558441558442,True,True,True
2j7h,438,438,5,0.01141552511415525,True,True,True
1h9z,583,583,6,0.010291595197255575,False,True,False
5flt,258,258,4,0.015503875968992248,True,True,True
2cbj,585,585,12,0.020512820512820513,True,True,True
3djp,248,248,12,0.04838709677419355,True,True,True
1bl7,351,351,5,0.014245014245014245,True,True,False
5eec,265,265,8,0.03018867924528302,True,True,False
3le8,564,564,22,0.03900709219858156,False,True,False
5org,510,510,23,0.045098039215686274,True,True,True
4bcc,710,710,12,0.016901408450704224,True,True,False
4ya8,329,329,14,0.0425531914893617,True,True,False
4u5t,74,74,2,0.02702702702702703,True,True,False
6ft8,338,338,4,0.011834319526627219,True,False,False
5edr,299,299,8,0.026755852842809364,True,False,False
6dpz,358,358,8,0.0223463687150838,True,True,True
4pzx,400,400,6,0.015,True,True,False
6iph,332,332,7,0.02108433734939759,True,True,False
5gmh,1544,1544,17,0.011010362694300517,True,True,True
6rn9,347,347,5,0.01440922190201729,True,True,False
6ijh,322,322,6,0.018633540372670808,True,True,False
3tgs,690,690,15,0.021739130434782608,True,True,False
3sud,191,191,14,0.07329842931937172,True,True,False
5ld8,826,826,9,0.010895883777239709,True,True,True
6cbg,342,342,13,0.038011695906432746,False,False,True
5j6d,292,292,13,0.04452054794520548,True,True,False
4qmm,288,288,4,0.013888888888888888,True,False,False
4nbn,499,499,6,0.012024048096192385,True,True,True
5unp,347,347,5,0.01440922190201729,True,False,False
1mui,198,198,11,0.05555555555555555,True,True,False
3kej,163,163,13,0.07975460122699386,True,True,False
4jx7,274,274,4,0.014598540145985401,True,True,False
5sym,223,223,8,0.03587443946188341,True,True,True
1kyn,219,219,5,0.0228310502283105,False,True,False
3hr1,305,305,9,0.029508196721311476,True,True,False
4f1l,187,187,7,0.0374331550802139,True,True,True
1zuc,502,502,13,0.025896414342629483,True,True,False
5llp,521,521,12,0.023032629558541268,True,True,True
2b53,294,294,6,0.02040816326530612,True,True,False
6mvu,752,752,5,0.006648936170212766,True,True,False
5wbq,597,597,9,0.01507537688442211,True,False,False
3txo,317,317,7,0.022082018927444796,True,True,False
2c57,1880,1880,88,0.04680851063829787,True,True,False
1egh,910,910,39,0.04285714285714286,True,True,True
830c,164,164,6,0.036585365853658534,True,True,False
3hx3,245,245,11,0.044897959183673466,True,True,False
6rsa,124,124,7,0.056451612903225805,True,True,False
1oyq,220,220,8,0.03636363636363636,False,True,True
3uxm,197,197,7,0.03553299492385787,True,True,False
6mxe,333,333,9,0.02702702702702703,True,True,False
2v25,231,231,7,0.030303030303030304,True,True,True
3zlv,534,534,6,0.011235955056179775,True,False,False
6ffg,113,113,9,0.07964601769911504,True,True,False
3b65,247,247,9,0.03643724696356275,True,True,True
1mqh,520,520,4,0.007692307692307693,True,True,False
5y7z,434,434,6,0.013824884792626729,True,True,False
2aod,198,198,19,0.09595959595959595,True,True,True
1uwb,985,985,5,0.005076142131979695,True,True,False
4ydn,458,458,2,0.004366812227074236,False,True,False
2y5l,1274,1274,26,0.02040816326530612,False,True,False
5g4n,197,197,5,0.025380710659898477,True,True,True
6bik,263,263,12,0.045627376425855515,True,True,False
3e3c,236,236,21,0.08898305084745763,True,True,True
2jgs,450,450,36,0.08,True,True,True
3mwe,744,744,6,0.008064516129032258,True,True,False
4hv7,263,263,7,0.026615969581749048,True,False,False
1jmg,632,632,5,0.007911392405063292,True,True,True
1mtr,194,194,15,0.07731958762886598,True,True,True
6b7f,314,314,4,0.012738853503184714,True,True,False
4ac3,1368,1368,4,0.0029239766081871343,True,True,False
3qce,284,284,6,0.02112676056338028,True,True,False
1nvs,264,264,8,0.030303030303030304,True,True,True
5aa8,293,293,5,0.017064846416382253,False,True,False
5eqq,190,190,12,0.06315789473684211,False,True,False
3t0l,458,458,8,0.017467248908296942,True,True,False
6bh1,297,297,4,0.013468013468013467,True,False,False
4wnp,273,273,10,0.03663003663003663,True,False,False
3lp1,954,954,1,0.0010482180293501049,True,True,False
3rv8,418,418,7,0.01674641148325359,True,True,True
4ehe,542,542,19,0.03505535055350553,True,True,False
4iq6,324,324,6,0.018518518518518517,True,False,False
6m9t,444,444,12,0.02702702702702703,True,True,False
4uiw,101,101,5,0.04950495049504951,True,True,False
5ey4,378,378,8,0.021164021164021163,True,True,True
5nk8,266,266,7,0.02631578947368421,True,True,True
2a4l,286,286,10,0.03496503496503497,True,True,False
5f01,384,384,7,0.018229166666666668,True,True,False
3k5u,260,260,7,0.026923076923076925,True,True,False
1jgl,415,415,10,0.024096385542168676,False,True,True
5eie,538,538,5,0.00929368029739777,True,True,False
1xdd,182,182,16,0.08791208791208792,True,True,False
3r02,271,271,10,0.03690036900369004,True,True,False
3bl9,575,575,9,0.01565217391304348,True,True,False
5owa,110,110,6,0.05454545454545454,True,True,False
1h08,283,283,5,0.0176678445229682,True,True,False
5dde,466,466,4,0.008583690987124463,True,True,False
5a85,126,126,7,0.05555555555555555,True,True,False
2rcb,282,282,4,0.014184397163120567,True,True,True
6ma4,698,698,10,0.014326647564469915,True,True,True
6mh7,127,127,7,0.05511811023622047,True,True,True
5dgz,273,273,9,0.03296703296703297,True,False,False
3rvi,369,369,8,0.02168021680216802,True,True,False
1eby,198,198,23,0.11616161616161616,True,True,True
6f3e,270,270,6,0.022222222222222223,True,True,False
4rpv,273,273,6,0.02197802197802198,True,False,False
2uyi,331,331,9,0.027190332326283987,True,True,False
5eh5,256,256,4,0.015625,True,True,True
3px8,258,258,6,0.023255813953488372,True,False,False
2p9a,262,262,3,0.011450381679389313,True,True,False
6ic0,428,428,8,0.018691588785046728,True,True,False
5vp1,338,338,9,0.026627218934911243,True,True,False
2hjb,946,946,15,0.015856236786469344,True,True,True
1b5g,241,241,9,0.03734439834024896,False,True,False
4e3n,358,358,9,0.025139664804469275,True,False,False
3d78,238,238,14,0.058823529411764705,True,True,True
6cq1,246,246,9,0.036585365853658534,True,False,True
1ni1,713,713,7,0.009817671809256662,True,True,False
5ap0,255,255,5,0.0196078431372549,False,True,False
5yqo,288,288,12,0.041666666666666664,True,True,False
5uv2,514,514,9,0.017509727626459144,True,True,True
1mq6,277,277,5,0.018050541516245487,False,True,True
6hjj,256,256,8,0.03125,True,True,False
5orh,324,324,14,0.043209876543209874,True,True,True
4dk8,462,462,15,0.032467532467532464,True,True,False
4i9u,1316,1316,22,0.016717325227963525,True,True,True
4jze,286,286,10,0.03496503496503497,False,True,False
1w96,549,549,6,0.01092896174863388,True,True,True
5eq1,112,112,3,0.026785714285714284,True,True,True
6fhk,377,377,13,0.034482758620689655,True,True,True
4q8x,257,257,3,0.011673151750972763,True,True,True
3dst,636,636,9,0.014150943396226415,True,True,False
1eve,534,534,7,0.013108614232209739,True,True,False
2hfp,289,289,16,0.05536332179930796,True,True,False
4nue,126,126,9,0.07142857142857142,True,True,True
1pr1,1400,1400,15,0.010714285714285714,True,False,False
4urx,620,620,1,0.0016129032258064516,False,True,False
3ovz,213,213,7,0.03286384976525822,True,True,False
5a3w,455,455,5,0.01098901098901099,True,True,False
6oxu,198,198,18,0.09090909090909091,True,True,False
1mqi,520,520,5,0.009615384615384616,True,True,False
6c1s,826,826,7,0.00847457627118644,True,True,False
6d50,837,837,7,0.008363201911589008,True,True,True
4abu,230,230,8,0.034782608695652174,True,True,False
4f3c,460,460,13,0.02826086956521739,True,False,True
4dsu,177,177,4,0.022598870056497175,True,False,True
3su3,201,201,13,0.06467661691542288,True,True,True
5hbh,606,606,3,0.0049504950495049506,True,True,False
5jas,371,371,8,0.0215633423180593,True,True,False
3l6h,254,254,2,0.007874015748031496,True,True,False
3el4,198,198,14,0.0707070707070707,True,True,True
1gnm,198,198,19,0.09595959595959595,True,True,True
3h5u,559,559,13,0.023255813953488372,True,True,False
3l58,395,395,14,0.035443037974683546,True,True,False
6f3b,257,257,6,0.023346303501945526,True,True,True
3vtc,240,240,15,0.0625,True,True,False
2r3l,277,277,2,0.007220216606498195,False,True,False
1wqv,554,554,8,0.01444043321299639,False,True,False
4aa4,347,347,10,0.02881844380403458,True,True,False
4lys,124,124,4,0.03225806451612903,True,True,False
6gbw,241,241,7,0.029045643153526972,False,True,False
1qk4,880,880,55,0.0625,True,True,True
3rxj,223,223,7,0.03139013452914798,True,True,False
1rpf,124,124,8,0.06451612903225806,True,True,True
5wag,358,358,8,0.0223463687150838,True,True,False
3fas,520,520,13,0.025,True,True,True
5n9r,356,356,7,0.019662921348314606,True,True,True
1fpy,1404,1404,5,0.0035612535612535613,True,True,False
4cc5,308,308,5,0.016233766233766232,True,False,True
2j47,572,572,12,0.02097902097902098,True,True,True
3c2o,1590,1590,4,0.0025157232704402514,True,True,True
6bl1,832,832,19,0.02283653846153846,True,True,False
6imr,645,645,14,0.021705426356589147,True,False,False
4rvm,264,264,7,0.026515151515151516,True,False,False
3ka2,192,192,15,0.078125,True,True,False
4f2w,468,468,6,0.01282051282051282,True,False,True
5qaa,241,241,5,0.02074688796680498,True,True,False
1agw,278,278,6,0.02158273381294964,True,True,False
3ffu,266,266,11,0.041353383458646614,True,False,False
4gqr,495,495,9,0.01818181818181818,True,True,True
4k69,208,208,9,0.04326923076923077,False,True,False
5zkb,381,381,14,0.03674540682414698,True,True,False
2xiy,273,273,4,0.014652014652014652,True,False,False
4azp,134,134,10,0.07462686567164178,True,True,False
5zag,226,226,4,0.017699115044247787,False,True,True
5ur9,134,134,5,0.03731343283582089,True,True,False
1i00,556,556,11,0.019784172661870502,True,True,False
4kbi,544,544,8,0.014705882352941176,True,False,False
4o1d,940,940,21,0.022340425531914895,True,True,False
5m6u,916,916,7,0.007641921397379912,True,True,False
4egi,218,218,6,0.027522935779816515,False,True,False
1nje,632,632,6,0.00949367088607595,True,True,True
4w9f,329,329,7,0.02127659574468085,True,True,True
1iup,542,542,14,0.025830258302583026,True,True,False
1gym,296,296,8,0.02702702702702703,True,True,False
5ugb,307,307,3,0.009771986970684038,True,True,False
6plf,597,597,8,0.01340033500837521,True,False,True
3atv,380,380,13,0.034210526315789476,True,True,False
5l2o,494,494,4,0.008097165991902834,True,True,False
4rdn,149,149,6,0.040268456375838924,True,True,True
6b4w,259,259,7,0.02702702702702703,True,False,False
3pxq,298,298,22,0.0738255033557047,True,True,False
2gm9,1610,1610,4,0.002484472049689441,True,False,False
3as1,570,570,4,0.007017543859649123,True,True,False
4e70,715,715,12,0.016783216783216783,True,True,True
4awk,174,174,5,0.028735632183908046,True,True,False
6f86,187,187,8,0.0427807486631016,True,True,False
4ie2,918,918,21,0.02287581699346405,True,False,False
5n53,390,390,11,0.028205128205128206,True,True,False
4gih,288,288,8,0.027777777777777776,True,True,True
4jt9,274,274,6,0.021897810218978103,True,True,False
3p0g,405,405,14,0.0345679012345679,True,True,False
3ewz,516,516,26,0.050387596899224806,True,True,False
5uez,109,109,6,0.05504587155963303,True,True,True
6ipj,333,333,6,0.018018018018018018,True,True,False
4a50,336,336,7,0.020833333333333332,True,True,False
4qlt,1261,1261,7,0.0055511498810467885,True,False,False
4kiu,1694,1694,92,0.05430932703659976,True,True,True
2qnn,198,198,22,0.1111111111111111,True,True,True
2hw2,138,138,11,0.07971014492753623,True,True,False
4lq3,495,495,13,0.026262626262626262,True,True,False
3k3a,1556,1556,22,0.014138817480719794,True,True,False
1ugw,598,598,17,0.028428093645484948,True,True,False
6qac,526,526,8,0.015209125475285171,True,False,False
5el2,250,250,16,0.064,True,True,False
2xml,338,338,1,0.0029585798816568047,True,True,False
5ivv,300,300,5,0.016666666666666666,True,True,True
6ppy,696,696,11,0.015804597701149427,True,True,True
2pvv,1388,1388,6,0.004322766570605188,True,True,False
2avs,198,198,14,0.0707070707070707,True,True,True
2c8w,246,246,9,0.036585365853658534,False,True,False
1e72,998,998,6,0.006012024048096192,True,True,False
6bky,830,830,4,0.004819277108433735,True,True,False
5i3x,373,373,10,0.02680965147453083,True,True,True
4ybk,266,266,10,0.03759398496240601,True,True,True
4ury,616,616,16,0.025974025974025976,True,True,True
2xbx,273,273,9,0.03296703296703297,False,True,True
6cz3,262,262,4,0.015267175572519083,True,False,False
4lwh,208,208,7,0.03365384615384615,True,True,False
5ny3,258,258,6,0.023255813953488372,True,True,True
5hgq,465,465,5,0.010752688172043012,True,True,False
6pge,305,305,5,0.01639344262295082,True,False,True
3gi5,198,198,14,0.0707070707070707,True,True,True
4ogv,89,89,5,0.056179775280898875,True,True,False
6fu4,292,292,4,0.0136986301369863,True,False,False
3ozt,213,213,12,0.056338028169014086,True,True,True
5c5t,181,181,4,0.022099447513812154,True,True,True
5duc,732,732,14,0.01912568306010929,True,True,False
3wkb,1092,1092,5,0.004578754578754579,True,True,False
1c5y,229,229,6,0.026200873362445413,False,True,True
6qr2,413,413,15,0.03631961259079903,True,False,True
5t18,261,261,10,0.038314176245210725,True,False,False
4r4o,123,123,6,0.04878048780487805,True,True,True
4pnl,198,198,3,0.015151515151515152,True,True,False
3njq,187,187,18,0.0962566844919786,True,True,False
4ehg,522,522,20,0.038314176245210725,True,True,False
3f35,4032,4032,3,0.000744047619047619,True,True,False
2wxd,998,998,5,0.00501002004008016,True,True,False
2usn,165,165,7,0.04242424242424243,True,True,True
6f9r,607,607,13,0.0214168039538715,True,True,False
4qpl,302,302,10,0.033112582781456956,True,True,True
1w14,228,228,10,0.043859649122807015,False,True,False
5mw4,305,305,9,0.029508196721311476,True,False,False
2qyn,651,651,18,0.027649769585253458,True,True,False
3mbz,243,243,7,0.02880658436213992,True,True,False
1e8h,4360,4360,16,0.003669724770642202,True,True,False
6gn1,339,339,6,0.017699115044247787,True,True,False
2qk8,162,162,7,0.043209876543209874,True,True,False
1nq7,244,244,10,0.040983606557377046,True,True,True
5uvc,457,457,10,0.02188183807439825,True,False,False
3d6o,124,124,7,0.056451612903225805,True,True,True
1eei,515,515,23,0.04466019417475728,True,True,False
6cwf,165,165,6,0.03636363636363636,True,True,False
6ggg,233,233,7,0.030042918454935622,True,True,False
3mo5,255,255,9,0.03529411764705882,True,True,False
4c1c,220,220,4,0.01818181818181818,False,True,False
6ega,266,266,12,0.045112781954887216,True,True,False
5lgn,803,803,3,0.0037359900373599006,True,True,False
3ed0,903,903,16,0.017718715393133997,True,True,True
4kif,674,674,10,0.01483679525222552,True,True,True
5kh7,101,101,4,0.039603960396039604,False,True,False
4wkv,712,712,9,0.012640449438202247,True,False,False
4c4g,251,251,4,0.01593625498007968,True,True,False
4uxb,323,323,5,0.015479876160990712,True,True,False
4zuo,682,682,11,0.016129032258064516,True,True,False
1elc,240,240,8,0.03333333333333333,True,True,True
4f9y,339,339,10,0.029498525073746312,True,True,True
2w7x,570,570,8,0.014035087719298246,True,False,False
4yo6,286,286,5,0.017482517482517484,False,True,False
5svk,714,714,3,0.004201680672268907,True,True,False
4yl1,444,444,3,0.006756756756756757,True,True,False
6hh3,329,329,11,0.03343465045592705,True,True,True
2rip,1458,1458,9,0.006172839506172839,True,True,False
5kyk,159,159,6,0.03773584905660377,True,False,False
1oe7,407,407,10,0.02457002457002457,True,True,False
2b1p,331,331,12,0.03625377643504532,True,False,False
2oag,1452,1452,6,0.004132231404958678,True,True,True
4duh,195,195,9,0.046153846153846156,True,True,True
3rxk,223,223,3,0.013452914798206279,True,True,False
4umr,313,313,7,0.022364217252396165,True,True,False
4lv3,352,352,6,0.017045454545454544,True,True,False
4kcg,460,460,19,0.041304347826086954,True,True,False
1ahy,792,792,9,0.011363636363636364,True,True,False
6bfw,393,393,12,0.030534351145038167,True,True,False
3sv7,201,201,10,0.04975124378109453,True,True,False
2ra0,278,278,8,0.02877697841726619,False,True,True
5vb5,259,259,11,0.04247104247104247,True,True,True
3qtz,294,294,8,0.027210884353741496,True,True,False
4csj,247,247,11,0.044534412955465584,True,True,False
1mrn,416,416,10,0.02403846153846154,True,True,True
3n8n,1646,1646,115,0.06986634264884568,True,True,False
2p3g,282,282,4,0.014184397163120567,True,False,False
4q9m,458,458,21,0.04585152838427948,True,True,False
5f3i,342,342,3,0.008771929824561403,True,True,False
6qqu,420,420,9,0.02142857142857143,True,False,True
4gfd,382,382,13,0.034031413612565446,True,True,False
2zjv,1039,1039,15,0.014436958614051972,True,True,False
2j7f,435,435,7,0.016091954022988506,True,True,True
6gvf,910,910,7,0.007692307692307693,True,True,True
2j79,437,437,6,0.013729977116704805,True,True,True
4o77,127,127,8,0.06299212598425197,True,False,False
5lc0,383,383,20,0.05221932114882506,True,True,False
5ku3,126,126,6,0.047619047619047616,True,True,False
5lub,261,261,1,0.0038314176245210726,True,True,False
6afi,374,374,5,0.013368983957219251,True,True,False
6jtc,699,699,2,0.002861230329041488,True,True,True
3vhe,303,303,11,0.036303630363036306,True,True,False
5afj,614,614,31,0.050488599348534204,True,True,False
4mgc,469,469,9,0.019189765458422176,True,True,False
3n7r,345,345,8,0.02318840579710145,True,True,False
4dus,365,365,12,0.03287671232876712,True,True,False
6npv,264,264,8,0.030303030303030304,True,True,False
1v2h,864,864,2,0.0023148148148148147,True,False,False
2fsv,901,901,12,0.013318534961154272,True,True,False
5jgb,295,295,6,0.020338983050847456,True,True,False
4kne,159,159,6,0.03773584905660377,True,True,False
2pwc,198,198,15,0.07575757575757576,True,True,True
5x62,763,763,23,0.03014416775884666,True,True,True
6gz9,488,488,9,0.018442622950819672,True,False,False
6njh,334,334,10,0.029940119760479042,True,True,False
5wbo,597,597,5,0.008375209380234505,True,True,True
1yys,704,704,3,0.004261363636363636,True,True,False
4kwg,1976,1976,3,0.0015182186234817814,True,True,True
2xwy,507,507,10,0.01972386587771203,True,True,False
3lbj,83,83,12,0.14457831325301204,True,False,False
5k09,217,217,6,0.027649769585253458,True,False,False
4zcs,281,281,19,0.06761565836298933,True,True,True
4rfr,201,201,10,0.04975124378109453,True,True,True
2wtd,285,285,9,0.031578947368421054,True,True,False
1fo3,455,455,5,0.01098901098901099,True,True,False
1yrs,330,330,11,0.03333333333333333,True,True,False
5lxb,410,410,7,0.01707317073170732,True,True,False
6g9f,539,539,11,0.02040816326530612,True,True,False
6hro,380,380,15,0.039473684210526314,True,False,False
4iuo,519,519,21,0.04046242774566474,True,True,True
5mxr,232,232,4,0.017241379310344827,True,True,False
1ec3,198,198,18,0.09090909090909091,True,True,True
4tk0,199,199,5,0.02512562814070352,True,True,False
4ayw,1120,1120,8,0.007142857142857143,True,True,False
1uvr,284,284,9,0.03169014084507042,True,True,False
6o6g,145,145,6,0.041379310344827586,True,True,False
5jt9,316,316,8,0.02531645569620253,True,True,True
1iih,498,498,8,0.01606425702811245,True,True,True
1njc,632,632,5,0.007911392405063292,True,True,True
3efr,233,233,10,0.04291845493562232,True,True,False
3dnd,334,334,8,0.023952095808383235,True,True,True
1pu8,215,215,4,0.018604651162790697,False,False,False
5nk6,284,284,7,0.02464788732394366,True,True,True
4guj,502,502,15,0.029880478087649404,True,True,False
5oh1,309,309,6,0.019417475728155338,True,True,False
3sbh,259,259,7,0.02702702702702703,True,True,False
6b96,343,343,4,0.011661807580174927,True,False,True
2gfk,266,266,5,0.018796992481203006,True,True,False
4fpf,658,658,6,0.00911854103343465,True,True,False
3sxf,452,452,9,0.01991150442477876,True,True,True
5o7n,231,231,6,0.025974025974025976,True,True,False
6df4,134,134,8,0.05970149253731343,True,False,False
3upy,872,872,5,0.005733944954128441,True,True,False
4nat,928,928,25,0.02693965517241379,True,True,False
3dzt,298,298,8,0.026845637583892617,True,True,True
4jrv,600,600,8,0.013333333333333334,True,True,False
1h5u,1622,1622,5,0.0030826140567200987,True,False,False
4fcf,265,265,9,0.033962264150943396,True,True,False
5yas,256,256,2,0.0078125,True,True,True
6hai,212,212,14,0.0660377358490566,True,True,True
2zx5,2646,2646,23,0.008692365835222978,True,False,False
5mwp,243,243,9,0.037037037037037035,True,True,True
6h4o,338,338,5,0.014792899408284023,True,True,False
4jvb,146,146,18,0.1232876712328767,True,True,False
1w11,228,228,8,0.03508771929824561,False,True,True
4y8z,229,229,9,0.039301310043668124,False,False,False
5ody,138,138,8,0.057971014492753624,True,True,False
4mw6,1054,1054,9,0.008538899430740038,True,True,False
5d1u,488,488,5,0.010245901639344262,True,True,False
1o2r,219,219,9,0.0410958904109589,False,False,True
4qge,642,642,13,0.020249221183800622,True,True,True
4lrh,207,207,14,0.06763285024154589,True,False,False
1i90,258,258,5,0.01937984496124031,True,True,False
4lnf,1329,1329,14,0.010534236267870579,True,True,False
6haj,55,55,4,0.07272727272727272,True,True,False
4x21,336,336,4,0.011904761904761904,True,False,False
1ywr,338,338,9,0.026627218934911243,True,True,False
1msn,198,198,17,0.08585858585858586,True,True,True
4i0f,393,393,6,0.015267175572519083,True,False,False
4bnx,962,962,16,0.016632016632016633,True,True,False
4yuw,588,588,8,0.013605442176870748,True,True,False
5y13,136,136,10,0.07352941176470588,True,True,True
3drs,954,954,7,0.007337526205450734,True,False,False
2vj7,371,371,16,0.0431266846361186,False,True,False
2pl0,268,268,11,0.041044776119402986,True,True,False
3tt0,305,305,4,0.013114754098360656,True,True,False
1r1j,696,696,12,0.017241379310344827,True,True,True
4nkt,319,319,11,0.034482758620689655,True,True,True
3r0t,327,327,9,0.027522935779816515,True,True,False
3o56,335,335,8,0.023880597014925373,True,True,True
4yb7,885,885,17,0.0192090395480226,True,True,False
2y77,402,402,11,0.02736318407960199,True,True,False
1q9d,656,656,14,0.021341463414634148,True,True,False
5lg3,614,614,11,0.017915309446254073,True,True,False
5u69,358,358,6,0.01675977653631285,True,True,False
4ztq,247,247,10,0.04048582995951417,True,True,False
5ehe,257,257,4,0.01556420233463035,True,True,False
4pp0,254,254,8,0.031496062992125984,True,True,True
5vo6,271,271,9,0.033210332103321034,True,True,False
3dg8,547,547,6,0.010968921389396709,True,True,False
3ntp,147,147,7,0.047619047619047616,True,False,False
2gh7,482,482,16,0.03319502074688797,True,True,False
4ks3,1524,1524,7,0.004593175853018373,False,True,False
5d21,484,484,18,0.0371900826446281,True,True,True
3g2j,809,809,9,0.011124845488257108,True,True,False
2vww,253,253,8,0.03162055335968379,True,True,False
1jys,452,452,8,0.017699115044247787,True,False,True
5t6g,174,174,13,0.07471264367816093,True,True,False
4bis,348,348,5,0.014367816091954023,True,True,False
3irx,971,971,6,0.006179196704428424,True,True,False
5uis,269,269,7,0.026022304832713755,True,True,False
2ohq,377,377,8,0.021220159151193633,True,True,False
4ca8,598,598,15,0.02508361204013378,True,True,True
3mdz,259,259,4,0.015444015444015444,True,True,True
2lha,151,151,4,0.026490066225165563,True,True,False
220l,162,162,6,0.037037037037037035,True,True,False
5fto,298,298,7,0.02348993288590604,True,False,True
3cj3,560,560,7,0.0125,True,True,False
4xcb,260,260,12,0.046153846153846156,True,True,False
2aou,286,286,12,0.04195804195804196,True,True,False
1m0q,1724,1724,10,0.00580046403712297,True,True,True
3eyg,280,280,6,0.02142857142857143,True,False,False
1ajq,763,763,4,0.005242463958060288,True,True,True
4qzx,648,648,7,0.010802469135802469,True,True,False
2bfr,191,191,9,0.04712041884816754,True,True,True
4eg4,1029,1029,12,0.011661807580174927,True,True,False
3cs7,279,279,6,0.021505376344086023,False,True,True
4x3u,109,109,28,0.25688073394495414,True,True,False
3ryw,716,716,20,0.027932960893854747,True,True,False
2p93,279,279,7,0.025089605734767026,False,True,False
5mwh,112,112,3,0.026785714285714284,True,True,True
4zun,682,682,9,0.013196480938416423,True,True,False
2w6o,445,445,6,0.01348314606741573,True,True,False
3dy6,257,257,11,0.042801556420233464,True,True,False
6haz,226,226,9,0.03982300884955752,True,True,True
5mgf,116,116,2,0.017241379310344827,True,False,True
4acc,702,702,12,0.017094017094017096,False,True,True
6p83,1011,1011,25,0.024727992087042534,True,True,True
1fsg,924,924,10,0.010822510822510822,False,False,False
4ddm,564,564,5,0.008865248226950355,True,True,True
4lm0,330,330,3,0.00909090909090909,True,False,True
6h8s,291,291,7,0.024054982817869417,True,True,True
5t4u,112,112,5,0.044642857142857144,True,True,False
5y5n,288,288,10,0.034722222222222224,True,True,False
3vw2,368,368,8,0.021739130434782608,True,False,True
2aa9,427,427,7,0.01639344262295082,True,True,False
4og4,469,469,3,0.006396588486140725,True,True,True
5gnk,277,277,9,0.032490974729241874,True,True,False
1yci,672,672,10,0.01488095238095238,True,True,False
5qay,241,241,5,0.02074688796680498,True,True,True
6hdo,130,130,6,0.046153846153846156,True,True,False
5ei2,256,256,5,0.01953125,True,True,False
5os7,325,325,9,0.027692307692307693,True,True,True
3bv3,338,338,12,0.03550295857988166,True,True,False
4hup,263,263,9,0.034220532319391636,True,False,False
3nq3,162,162,4,0.024691358024691357,True,True,True
6oqd,156,156,8,0.05128205128205128,True,True,True
2zfs,220,220,8,0.03636363636363636,False,True,True
3arx,575,575,11,0.019130434782608695,True,True,True
4c7t,259,259,6,0.023166023166023165,True,True,False
6epa,183,183,10,0.0546448087431694,True,True,True
5nxo,258,258,11,0.04263565891472868,True,True,True
5j6l,416,416,10,0.02403846153846154,True,True,True
5web,180,180,6,0.03333333333333333,True,True,False
5a7i,313,313,4,0.012779552715654952,True,True,False
3wz6,330,330,10,0.030303030303030304,True,True,True
2x24,1321,1321,21,0.015897047691143074,True,True,False
2xke,243,243,7,0.02880658436213992,True,True,False
5yji,256,256,5,0.01953125,True,False,False
5anu,154,154,7,0.045454545454545456,True,True,True
3p5l,257,257,3,0.011673151750972763,True,True,True
4mvh,615,615,13,0.02113821138211382,True,False,False
4bak,279,279,15,0.053763440860215055,False,True,True
5ehn,536,536,14,0.026119402985074626,True,True,False
4cd1,406,406,6,0.014778325123152709,True,True,False
1zfk,256,256,15,0.05859375,True,True,False
2cej,198,198,22,0.1111111111111111,True,True,True
5fns,289,289,8,0.02768166089965398,True,True,True
1h4w,221,221,4,0.01809954751131222,False,True,True
6t1i,143,143,6,0.04195804195804196,True,True,True
6chn,951,951,16,0.016824395373291272,True,True,False
6ajh,900,900,8,0.008888888888888889,True,True,False
2vu3,285,285,5,0.017543859649122806,True,False,False
1qfs,710,710,10,0.014084507042253521,True,True,False
3u8k,1016,1016,23,0.022637795275590553,True,True,True
4wf4,376,376,7,0.018617021276595744,True,True,False
5j8u,415,415,13,0.03132530120481928,True,True,True
5ake,546,546,8,0.014652014652014652,True,True,False
2pre,208,208,7,0.03365384615384615,True,True,False
4ly1,368,368,6,0.016304347826086956,True,True,True
1w82,352,352,8,0.022727272727272728,False,True,False
3mo0,251,251,5,0.0199203187250996,True,True,False
6h5w,585,585,16,0.02735042735042735,True,True,False
1i43,1584,1584,25,0.015782828282828284,True,True,False
4luv,123,123,3,0.024390243902439025,True,True,False
3v66,335,335,9,0.026865671641791045,True,True,False
5w85,278,278,12,0.04316546762589928,True,True,False
2ly0,124,124,2,0.016129032258064516,True,True,False
4i7m,175,175,7,0.04,True,True,True
3kdc,198,198,15,0.07575757575757576,True,True,True
3wv2,166,166,8,0.04819277108433735,True,True,False
2qi4,198,198,13,0.06565656565656566,True,True,True
6djj,438,438,6,0.0136986301369863,True,True,False
3nlb,261,261,6,0.022988505747126436,True,False,False
6n7d,278,278,8,0.02877697841726619,True,False,True
6mnp,266,266,8,0.03007518796992481,True,False,False
5j74,231,231,7,0.030303030303030304,True,True,False
3q7j,780,780,8,0.010256410256410256,True,True,False
4kio,240,240,6,0.025,True,True,False
1gx4,287,287,12,0.041811846689895474,True,True,False
5aln,546,546,7,0.01282051282051282,True,True,False
3lpg,2360,2360,10,0.00423728813559322,True,True,False
4zs2,432,432,7,0.016203703703703703,True,True,False
5two,270,270,12,0.044444444444444446,True,True,False
4qmx,287,287,4,0.013937282229965157,True,True,False
4g8r,368,368,7,0.019021739130434784,True,True,False
5ung,410,410,13,0.03170731707317073,True,False,False
4m13,264,264,14,0.05303030303030303,True,True,True
6qwb,268,268,12,0.04477611940298507,True,True,False
3dya,953,953,7,0.007345225603357817,True,False,False
6r1a,331,331,5,0.015105740181268883,True,True,True
3pgl,180,180,2,0.011111111111111112,True,False,True
3s8x,257,257,8,0.0311284046692607,True,True,False
1q65,369,369,7,0.018970189701897018,True,True,True
5nf9,138,138,6,0.043478260869565216,True,True,False
5ztn,790,790,24,0.030379746835443037,True,True,False
3exo,373,373,9,0.024128686327077747,True,True,False
3gr2,358,358,4,0.0111731843575419,True,False,True
6dik,242,242,6,0.024793388429752067,True,True,False
4j04,559,559,9,0.016100178890876567,True,True,False
2gg7,263,263,7,0.026615969581749048,True,False,False
4yrs,836,836,3,0.0035885167464114833,True,True,False
2yis,326,326,13,0.03987730061349693,False,True,False
1hih,198,198,17,0.08585858585858586,True,True,True
6mo9,114,114,10,0.08771929824561403,True,True,False
5q0z,230,230,9,0.0391304347826087,True,False,False
4qew,112,112,9,0.08035714285714286,True,True,True
3mb6,329,329,7,0.02127659574468085,True,True,False
3vg1,376,376,10,0.026595744680851064,True,False,False
3lbl,94,94,9,0.09574468085106383,True,True,False
3kdt,537,537,13,0.024208566108007448,False,True,False
4xo8,158,158,8,0.05063291139240506,True,True,True
3kec,167,167,11,0.0658682634730539,True,True,False
4an1,710,710,10,0.014084507042253521,True,True,False
4zyt,200,200,7,0.035,True,False,False
4lxa,373,373,12,0.032171581769437,False,True,False
3od0,254,254,11,0.04330708661417323,True,False,False
5ito,255,255,11,0.043137254901960784,True,True,True
6drz,388,388,5,0.01288659793814433,True,True,False
2xoi,123,123,8,0.06504065040650407,True,True,False
4qk4,244,244,13,0.05327868852459016,True,True,False
4al4,1322,1322,69,0.05219364599092285,False,True,False
3hfb,274,274,8,0.029197080291970802,True,True,True
1etz,443,443,6,0.013544018058690745,True,True,False
6n4e,398,398,6,0.01507537688442211,True,True,False
4o7c,127,127,10,0.07874015748031496,True,False,False
6f23,159,159,4,0.025157232704402517,True,False,False
3vbd,258,258,6,0.023255813953488372,True,True,True
4meo,127,127,9,0.07086614173228346,True,True,False
6poq,188,188,5,0.026595744680851064,True,True,False
6fff,113,113,8,0.07079646017699115,True,True,False
3brn,153,153,6,0.0392156862745098,True,False,True
2gh6,367,367,5,0.013623978201634877,True,True,False
4iu0,930,930,8,0.008602150537634409,True,False,False
5law,94,94,8,0.0851063829787234,True,True,False
5foo,463,463,10,0.02159827213822894,True,True,False
4umj,542,542,15,0.027675276752767528,True,True,False
1o0f,124,124,9,0.07258064516129033,True,True,True
5uox,263,263,9,0.034220532319391636,True,True,False
3tku,790,790,15,0.0189873417721519,True,True,False
1u9x,216,216,9,0.041666666666666664,True,True,False
4w4v,342,342,9,0.02631578947368421,True,True,False
5vlr,926,926,7,0.00755939524838013,True,True,False
5qa9,241,241,5,0.02074688796680498,True,True,False
4oyi,467,467,8,0.017130620985010708,True,True,False
3tyv,563,563,5,0.008880994671403197,True,True,False
4qer,121,121,6,0.049586776859504134,True,True,True
2nqi,322,322,7,0.021739130434782608,True,False,False
2xzw,333,333,19,0.057057057057057055,True,True,False
1elb,240,240,7,0.029166666666666667,True,True,True
4rj3,287,287,10,0.03484320557491289,True,True,False
2qcf,512,512,9,0.017578125,True,True,False
4z2h,498,498,9,0.018072289156626505,True,True,False
2uw4,354,354,9,0.025423728813559324,True,False,False
5ugc,280,280,3,0.010714285714285714,True,True,False
3cyx,198,198,12,0.06060606060606061,True,True,True
5djp,686,686,9,0.013119533527696793,True,False,False
6beh,1614,1614,9,0.0055762081784386614,True,True,False
6nrf,240,240,8,0.03333333333333333,True,False,False
5umw,262,262,4,0.015267175572519083,True,True,False
4wyz,125,125,5,0.04,True,True,False
6rn6,688,688,6,0.00872093023255814,True,True,False
5h2u,265,265,9,0.033962264150943396,True,True,False
5d1n,222,222,7,0.03153153153153153,True,True,False
2aow,288,288,7,0.024305555555555556,True,True,False
3b7r,610,610,8,0.013114754098360656,True,True,True
1j01,312,312,10,0.03205128205128205,True,True,True
5ais,396,396,12,0.030303030303030304,True,False,False
4eh4,337,337,7,0.020771513353115726,True,True,False
5ei3,191,191,6,0.031413612565445025,True,False,True
1met,198,198,17,0.08585858585858586,True,True,True
4pjt,338,338,3,0.008875739644970414,True,True,False
6egs,478,478,8,0.016736401673640166,True,True,False
4qsk,4292,4292,5,0.0011649580615097856,True,True,False
4zgk,94,94,6,0.06382978723404255,True,False,True
5m9w,316,316,7,0.022151898734177215,True,True,True
3pkb,284,284,8,0.028169014084507043,True,True,False
4xu3,263,263,13,0.049429657794676805,True,True,True
2d3z,560,560,9,0.01607142857142857,True,True,True
4d1a,456,456,8,0.017543859649122806,True,False,False
4rpn,435,435,10,0.022988505747126436,True,True,True
6bqd,129,129,8,0.06201550387596899,True,False,False
4hkn,209,209,7,0.03349282296650718,True,True,False
5nba,220,220,8,0.03636363636363636,False,True,False
2q8m,1216,1216,16,0.013157894736842105,True,True,True
1o9e,464,464,8,0.017241379310344827,False,True,False
5ett,157,157,10,0.06369426751592357,True,False,False
4n7u,186,186,3,0.016129032258064516,True,True,True
6o8u,281,281,6,0.021352313167259787,True,True,False
5ka9,299,299,9,0.030100334448160536,True,True,True
2ad5,2140,2140,19,0.008878504672897197,True,True,False
1zp5,163,163,6,0.03680981595092025,True,True,False
4b11,385,385,14,0.03636363636363636,True,True,False
5u5l,259,259,6,0.023166023166023165,True,True,False
3sax,258,258,7,0.027131782945736434,True,True,False
5k0s,496,496,10,0.020161290322580645,True,True,False
3ur0,476,476,3,0.0063025210084033615,True,True,False
2x2m,565,565,17,0.03008849557522124,True,False,False
4qb3,127,127,9,0.07086614173228346,True,True,True
3qx8,133,133,5,0.03759398496240601,True,False,False
5sxn,336,336,9,0.026785714285714284,True,True,False
2p16,279,279,8,0.02867383512544803,False,True,True
5fdc,258,258,3,0.011627906976744186,True,True,True
4fxp,384,384,18,0.046875,True,True,True
4ju4,559,559,7,0.012522361359570662,True,True,False
4x6n,229,229,12,0.05240174672489083,False,False,True
4mmm,162,162,9,0.05555555555555555,True,True,True
5aqf,495,495,6,0.012121212121212121,True,True,False
4pni,984,984,5,0.00508130081300813,True,False,False
6pl2,296,296,11,0.037162162162162164,True,True,False
5i38,573,573,6,0.010471204188481676,True,True,False
4kp0,214,214,8,0.037383177570093455,False,True,False
5mz8,961,961,12,0.012486992715920915,True,True,True
4qz3,648,648,9,0.013888888888888888,True,True,False
4w53,164,164,8,0.04878048780487805,True,True,False
6n7c,273,273,8,0.029304029304029304,True,False,False
4qsw,130,130,5,0.038461538461538464,True,True,False
3u8n,1015,1015,27,0.026600985221674877,True,True,True
6mvx,847,847,3,0.0035419126328217238,True,True,False
4i5m,273,273,5,0.018315018315018316,True,True,False
4g2f,275,275,7,0.025454545454545455,True,True,False
6j7e,251,251,11,0.043824701195219126,True,True,True
2ow2,156,156,5,0.03205128205128205,True,True,False
2pu2,358,358,12,0.0335195530726257,True,True,True
5ll5,522,522,9,0.017241379310344827,True,True,False
7cpa,307,307,10,0.03257328990228013,True,True,False
1gi8,226,226,8,0.035398230088495575,False,False,False
4eu3,1017,1017,6,0.0058997050147492625,True,True,False
5abg,663,663,7,0.010558069381598794,True,True,False
5jfp,198,198,13,0.06565656565656566,True,True,True
3n1c,1230,1230,46,0.03739837398373984,True,True,True
4agq,195,195,6,0.03076923076923077,True,True,True
4b9k,326,326,11,0.03374233128834356,True,True,True
6g5j,122,122,14,0.11475409836065574,True,True,False
5vsk,330,330,9,0.02727272727272727,True,True,False
5vqt,947,947,8,0.008447729672650475,True,True,False
4b00,375,375,8,0.021333333333333333,True,True,False
5zqp,209,209,8,0.03827751196172249,True,True,False
4rd6,405,405,10,0.024691358024691357,True,False,True
4jfs,438,438,6,0.0136986301369863,True,True,True
2vcb,883,883,11,0.01245753114382786,False,True,False
2r58,212,212,2,0.009433962264150943,True,True,True
1ogd,1310,1310,23,0.017557251908396947,True,True,True
1k6v,198,198,12,0.06060606060606061,True,True,True
5mfr,868,868,7,0.008064516129032258,True,True,False
2ay1,782,782,6,0.0076726342710997444,True,True,False
6ak4,425,425,5,0.011764705882352941,False,True,False
2n06,89,89,6,0.06741573033707865,True,True,False
1w8l,165,165,3,0.01818181818181818,True,True,False
6gfm,440,440,5,0.011363636363636364,True,True,False
5iu4,388,388,6,0.015463917525773196,True,True,False
3kqy,525,525,11,0.02095238095238095,True,False,False
3v7x,258,258,7,0.027131782945736434,True,True,True
3p4r,1069,1069,2,0.0018709073900841909,True,True,False
4d08,339,339,5,0.014749262536873156,True,True,False
6e92,257,257,3,0.011673151750972763,True,True,False
4ia0,292,292,8,0.0273972602739726,True,True,False
5a2s,380,380,4,0.010526315789473684,True,True,False
5etm,159,159,9,0.05660377358490566,True,False,False
6e4c,176,176,5,0.028409090909090908,True,True,False
6mo8,114,114,11,0.09649122807017543,True,True,False
3pi5,374,374,9,0.02406417112299465,False,True,False
4uma,1334,1334,23,0.017241379310344827,True,True,True
6c42,459,459,16,0.034858387799564274,True,True,False
5j5t,594,594,6,0.010101010101010102,True,True,False
6aro,157,157,8,0.050955414012738856,True,True,True
1pph,220,220,6,0.02727272727272727,False,True,True
2i4d,198,198,16,0.08080808080808081,True,True,True
4hu1,260,260,1,0.0038461538461538464,True,True,True
5zcu,461,461,8,0.01735357917570499,True,True,False
3t64,439,439,18,0.04100227790432802,True,True,True
2a3x,2040,2040,19,0.009313725490196078,True,True,False
1qbr,198,198,20,0.10101010101010101,True,True,True
6css,357,357,3,0.008403361344537815,True,True,True
3hrf,284,284,5,0.017605633802816902,True,True,False
1rwx,532,532,11,0.020676691729323307,True,True,False
6h29,260,260,6,0.023076923076923078,True,True,True
3kgu,460,460,5,0.010869565217391304,True,True,True
5mwj,646,646,14,0.021671826625386997,True,False,False
4idz,437,437,3,0.006864988558352402,False,True,False
3tao,514,514,12,0.023346303501945526,True,True,True
1ugp,427,427,4,0.00936768149882904,True,True,False
3zrc,327,327,7,0.021406727828746176,True,True,False
2q38,256,256,10,0.0390625,True,True,True
4kzq,208,208,7,0.03365384615384615,True,True,True
3pkd,282,282,7,0.024822695035460994,True,True,False
3d7d,1388,1388,10,0.007204610951008645,True,True,False
3n1v,686,686,8,0.011661807580174927,True,True,False
3sv8,193,193,11,0.05699481865284974,True,True,False
4twy,612,612,4,0.006535947712418301,True,False,False
4krs,204,204,4,0.0196078431372549,True,True,False
3dcs,257,257,6,0.023346303501945526,True,True,False
5g3n,127,127,13,0.10236220472440945,True,True,False
6ffs,182,182,8,0.04395604395604396,True,True,False
1au2,215,215,9,0.04186046511627907,True,True,False
6e7r,721,721,9,0.012482662968099861,True,True,True
5bvn,278,278,13,0.046762589928057555,True,True,False
1y2k,326,326,5,0.015337423312883436,True,True,False
1rpa,684,684,2,0.0029239766081871343,True,True,False
3kwf,1456,1456,15,0.010302197802197802,True,True,False
4k43,360,360,3,0.008333333333333333,True,True,False
3p4v,257,257,8,0.0311284046692607,True,True,True
4hbw,127,127,4,0.031496062992125984,True,True,False
4xmb,286,286,14,0.04895104895104895,True,True,True
2pk6,198,198,16,0.08080808080808081,True,True,True
4qz1,648,648,7,0.010802469135802469,True,True,False
4na9,286,286,10,0.03496503496503497,False,True,True
6g6y,319,319,9,0.02821316614420063,True,True,False
3efk,548,548,27,0.04927007299270073,True,False,False
4j08,559,559,7,0.012522361359570662,True,True,False
3t3u,452,452,8,0.017699115044247787,True,True,True
2yne,384,384,12,0.03125,True,True,False
1rev,936,936,7,0.007478632478632479,True,True,False
6g2s,158,158,12,0.0759493670886076,True,True,True
2qo1,654,654,8,0.012232415902140673,False,True,False
4rfy,263,263,9,0.034220532319391636,True,True,False
3lgs,491,491,10,0.020366598778004074,True,True,True
4wsk,445,445,7,0.015730337078651686,True,True,False
4bqh,521,521,7,0.013435700575815739,True,True,True
4zz2,200,200,8,0.04,True,False,False
3nes,462,462,7,0.015151515151515152,True,True,True
5vgy,258,258,3,0.011627906976744186,True,True,True
5edq,298,298,8,0.026845637583892617,True,False,False
5yve,654,654,3,0.0045871559633027525,True,True,False
6dzv,765,765,4,0.00522875816993464,True,False,False
2bza,220,220,2,0.00909090909090909,False,True,True
5kdf,483,483,2,0.004140786749482402,True,True,False
6qzb,150,150,8,0.05333333333333334,True,True,False
2brg,257,257,3,0.011673151750972763,True,True,False
1ent,321,321,14,0.04361370716510903,False,False,False
5izl,514,514,12,0.023346303501945526,True,False,False
6q8p,336,336,6,0.017857142857142856,True,True,False
4yas,256,256,2,0.0078125,True,True,False
6dgt,777,777,9,0.011583011583011582,True,False,False
3bys,255,255,8,0.03137254901960784,True,True,False
1yid,662,662,7,0.010574018126888218,True,True,False
3pju,498,498,12,0.024096385542168676,True,True,True
6mdb,487,487,7,0.014373716632443531,True,False,False
2p2a,513,513,12,0.023391812865497075,True,True,True
1npz,217,217,4,0.018433179723502304,True,True,False
5u9i,150,150,7,0.04666666666666667,True,True,False
5jvi,316,316,8,0.02531645569620253,True,True,True
3zot,178,178,6,0.033707865168539325,True,True,False
3rsb,171,171,8,0.04678362573099415,True,False,False
6h4v,341,341,5,0.01466275659824047,True,True,False
4p6g,219,219,5,0.0228310502283105,True,True,False
6ugn,257,257,9,0.03501945525291829,True,True,True
5nar,214,214,10,0.04672897196261682,False,True,False
1ym1,263,263,8,0.030418250950570342,True,True,False
6g9a,341,341,5,0.01466275659824047,True,True,False
1btn,212,212,3,0.014150943396226415,True,True,False
2afw,323,323,2,0.006191950464396285,True,False,True
5jzb,282,282,3,0.010638297872340425,True,True,False
3oim,258,258,6,0.023255813953488372,True,True,True
3l7a,1620,1620,13,0.008024691358024692,True,True,False
5u5k,358,358,6,0.01675977653631285,True,True,False
4tz2,129,129,9,0.06976744186046512,True,False,True
4m3q,243,243,5,0.0205761316872428,True,True,False
3b66,247,247,11,0.044534412955465584,True,True,True
2v2v,270,270,5,0.018518518518518517,True,False,True
4z2j,498,498,12,0.024096385542168676,True,True,False
5opr,258,258,6,0.023255813953488372,True,True,False
3zm9,354,354,9,0.025423728813559324,True,True,True
4l7c,858,858,26,0.030303030303030304,True,False,False
2cnh,297,297,11,0.037037037037037035,False,False,False
5h09,446,446,13,0.02914798206278027,True,True,False
5jyy,776,776,11,0.014175257731958763,True,True,False
2nng,257,257,3,0.011673151750972763,True,True,False
5lck,345,345,9,0.02608695652173913,True,True,False
5k32,643,643,16,0.024883359253499222,True,True,False
6gzd,297,297,5,0.016835016835016835,True,True,True
3gk1,176,176,2,0.011363636363636364,True,True,True
4y2s,546,546,5,0.009157509157509158,True,True,False
5f2f,158,158,11,0.06962025316455696,False,True,False
4wy6,373,373,4,0.010723860589812333,True,True,False
4iwd,299,299,8,0.026755852842809364,True,True,False
1fpp,716,716,2,0.002793296089385475,True,True,False
2ydv,315,315,6,0.01904761904761905,True,True,False
2wf4,373,373,14,0.03753351206434316,False,True,False
4zsa,290,290,7,0.02413793103448276,False,False,False
1mrs,416,416,8,0.019230769230769232,True,True,True
3i3d,4044,4044,25,0.006181998021760633,True,True,False
2x7c,332,332,9,0.02710843373493976,True,True,False
2ja3,338,338,8,0.023668639053254437,True,True,False
3m8p,952,952,10,0.01050420168067227,True,True,False
4or0,582,582,12,0.020618556701030927,True,True,False
1tsy,632,632,5,0.007911392405063292,True,True,True
4cgi,299,299,17,0.056856187290969896,True,True,True
5jan,371,371,2,0.005390835579514825,True,True,False
5yea,372,372,13,0.03494623655913978,True,True,False
2cgr,433,433,6,0.013856812933025405,True,True,True
4xe0,815,815,10,0.012269938650306749,True,False,False
3hit,257,257,9,0.03501945525291829,True,False,True
6oqc,152,152,9,0.05921052631578947,True,True,True
2ff1,630,630,13,0.020634920634920634,True,False,False
5z1d,274,274,3,0.010948905109489052,True,False,False
5eyr,386,386,10,0.025906735751295335,True,True,True
4ozn,333,333,30,0.09009009009009009,True,True,False
3ik3,280,280,13,0.04642857142857143,True,True,False
4p0n,921,921,10,0.010857763300760043,True,True,False
3d7k,2216,2216,34,0.015342960288808664,True,True,True
5jss,316,316,9,0.028481012658227847,True,True,True
5cgd,408,408,6,0.014705882352941176,True,True,False
4izm,1212,1212,20,0.0165016501650165,True,True,False
6huc,645,645,15,0.023255813953488372,True,True,False
3hha,653,653,23,0.03522205206738132,True,True,False
6dq8,302,302,5,0.016556291390728478,True,True,False
5jsq,346,346,17,0.049132947976878616,True,False,True
3sio,1081,1081,32,0.02960222016651249,True,True,True
5d47,135,135,9,0.06666666666666667,True,True,True
2pj5,303,303,14,0.0462046204620462,False,True,False
3uh2,199,199,11,0.05527638190954774,True,True,False
4qw7,648,648,14,0.021604938271604937,True,True,False
3l79,1618,1618,12,0.007416563658838072,True,True,False
5eh0,516,516,8,0.015503875968992248,True,True,False
6fyi,336,336,7,0.020833333333333332,True,True,False
2o4r,240,240,8,0.03333333333333333,True,True,True
6by8,468,468,5,0.010683760683760684,True,True,False
3sfc,330,330,15,0.045454545454545456,False,True,False
6jno,791,791,4,0.0050568900126422255,True,True,False
1tsm,632,632,4,0.006329113924050633,True,True,False
2oz7,249,249,10,0.040160642570281124,True,True,False
5nvw,329,329,8,0.0243161094224924,True,True,True
4l52,295,295,6,0.020338983050847456,True,True,False
2uzl,553,553,10,0.018083182640144666,False,True,False
5u6d,358,358,7,0.019553072625698324,True,True,False
5zdf,248,248,13,0.05241935483870968,True,True,False
4qvl,652,652,8,0.012269938650306749,True,True,False
5xg4,227,227,5,0.022026431718061675,False,True,False
4l51,494,494,24,0.048582995951417005,True,True,True
6elo,207,207,13,0.06280193236714976,True,False,True
2bmv,163,163,2,0.012269938650306749,True,True,False
6afr,127,127,3,0.023622047244094488,True,True,False
5ula,119,119,9,0.07563025210084033,True,True,True
5zni,462,462,5,0.010822510822510822,True,True,True
6nzh,498,498,16,0.0321285140562249,True,True,False
6b31,228,228,8,0.03508771929824561,True,True,False
3r2b,272,272,4,0.014705882352941176,True,False,False
4zz3,200,200,6,0.03,True,False,False
3mo2,255,255,7,0.027450980392156862,True,True,False
6d6t,2040,2040,3,0.0014705882352941176,True,True,False
5ho8,278,278,6,0.02158273381294964,True,False,False
5ny1,257,257,5,0.019455252918287938,True,True,True
4pl5,769,769,5,0.006501950585175552,True,True,False
5ggj,153,153,5,0.032679738562091505,True,True,False
4f70,593,593,7,0.011804384485666104,True,True,False
6ne5,151,151,10,0.06622516556291391,True,True,True
3hwx,1111,1111,29,0.026102610261026102,True,True,False
3pkc,281,281,8,0.028469750889679714,True,True,False
3h2c,514,514,7,0.013618677042801557,True,False,False
2qnp,198,198,13,0.06565656565656566,True,True,True
6d4t,662,662,4,0.006042296072507553,True,True,False
4jv7,85,85,6,0.07058823529411765,True,True,False
2cmc,286,286,10,0.03496503496503497,False,True,False
2r2m,275,275,9,0.03272727272727273,True,True,True
3q1x,801,801,2,0.0024968789013732834,True,True,True
6i74,138,138,6,0.043478260869565216,True,True,False
1gx0,287,287,10,0.03484320557491289,True,True,False
3wgg,426,426,28,0.06572769953051644,True,True,True
6frf,118,118,10,0.0847457627118644,True,True,False
4u0x,358,358,6,0.01675977653631285,True,False,False
5f25,113,113,5,0.04424778761061947,True,True,True
1g9a,1287,1287,17,0.01320901320901321,True,False,False
3nus,276,276,4,0.014492753623188406,True,False,False
3ejp,1016,1016,5,0.004921259842519685,True,True,True
6ajj,901,901,8,0.008879023307436182,True,False,False
1h46,430,430,5,0.011627906976744186,True,True,True
4zur,682,682,14,0.020527859237536656,True,True,False
4qlq,1522,1522,7,0.0045992115637319315,True,True,False
5ygi,338,338,10,0.029585798816568046,True,True,False
2oah,744,744,9,0.012096774193548387,False,True,False
6ckc,1250,1250,10,0.008,True,True,False
5zun,289,289,7,0.02422145328719723,True,True,False
4ih5,557,557,6,0.010771992818671455,True,False,True
3s74,257,257,9,0.03501945525291829,True,True,False
5t3n,153,153,6,0.0392156862745098,True,True,False
4q1b,457,457,20,0.0437636761487965,True,True,False
6hs0,395,395,10,0.02531645569620253,True,True,False
6ckr,125,125,8,0.064,True,True,True
2x8d,280,280,3,0.010714285714285714,False,False,False
3tv7,791,791,12,0.015170670037926675,True,True,False
5ma7,316,316,5,0.015822784810126583,True,True,True
5ei8,261,261,6,0.022988505747126436,True,True,False
6apw,322,322,8,0.024844720496894408,True,True,False
4d9p,528,528,10,0.01893939393939394,True,False,False
4mlx,257,257,4,0.01556420233463035,True,True,False
4agp,196,196,4,0.02040816326530612,True,True,True
3k9x,317,317,12,0.03785488958990536,False,True,False
3zi0,730,730,10,0.0136986301369863,True,True,True
2i80,692,692,7,0.010115606936416185,True,True,True
4m5l,159,159,7,0.0440251572327044,True,False,False
2p98,262,262,5,0.019083969465648856,True,True,False
2jiw,590,590,10,0.01694915254237288,True,True,True
2yel,127,127,8,0.06299212598425197,True,True,True
4pku,489,489,8,0.016359918200409,True,True,False
2uzv,356,356,14,0.03932584269662921,True,False,False
3fsm,191,191,17,0.08900523560209424,True,True,False
3zmg,385,385,9,0.023376623376623377,True,True,False
5efh,356,356,4,0.011235955056179775,False,True,True
2jjr,247,247,5,0.020242914979757085,False,True,False
5x5g,550,550,10,0.01818181818181818,True,True,False
2xaj,799,799,3,0.0037546933667083854,True,True,False
2wj1,1087,1087,22,0.020239190432382703,True,True,False
6i78,138,138,5,0.036231884057971016,True,True,False
5h4j,378,378,6,0.015873015873015872,True,True,False
6ayr,458,458,10,0.021834061135371178,True,False,True
6ud2,155,155,11,0.07096774193548387,True,True,True
3nuu,276,276,5,0.018115942028985508,True,True,False
4zx8,1032,1032,13,0.012596899224806201,True,True,False
6chp,954,954,17,0.01781970649895178,True,False,True
4kva,504,504,22,0.04365079365079365,True,False,False
4l31,208,208,6,0.028846153846153848,True,True,False
3rtp,331,331,6,0.01812688821752266,True,False,False
5q0o,230,230,17,0.07391304347826087,True,True,False
2qq7,251,251,6,0.02390438247011952,True,True,False
2zgx,241,241,11,0.04564315352697095,False,True,True
3vw9,352,352,18,0.05113636363636364,True,True,False
4nra,116,116,3,0.02586206896551724,True,True,True
3jzc,244,244,8,0.03278688524590164,True,True,False
4qy3,257,257,6,0.023346303501945526,True,True,True
2oqv,1452,1452,7,0.0048209366391184574,True,True,False
3dpd,846,846,4,0.004728132387706856,True,True,False
4fev,263,263,4,0.015209125475285171,True,True,True
3nba,936,936,37,0.03952991452991453,True,True,False
4yqu,470,470,13,0.027659574468085105,True,True,False
3kqe,279,279,11,0.03942652329749104,False,True,False
5gv2,611,611,9,0.014729950900163666,True,True,False
5o1e,197,197,6,0.030456852791878174,True,True,False
3zcz,467,467,7,0.014989293361884369,False,True,False
2pov,257,257,5,0.019455252918287938,True,True,True
4gqp,218,218,8,0.03669724770642202,False,True,True
5nwb,208,208,8,0.038461538461538464,True,True,False
4glx,573,573,8,0.013961605584642234,True,True,False
5eh7,256,256,2,0.0078125,True,False,True
5am5,546,546,12,0.02197802197802198,True,True,False
6rn7,348,348,6,0.017241379310344827,True,True,False
4mjo,1271,1271,34,0.02675059008654603,True,True,False
5vl2,501,501,31,0.06187624750499002,True,True,True
5oot,260,260,4,0.015384615384615385,True,True,True
1jao,158,158,7,0.04430379746835443,True,True,True
4q9y,257,257,3,0.011673151750972763,True,True,True
6p5o,619,619,5,0.008077544426494346,True,True,True
3hfj,378,378,9,0.023809523809523808,True,True,False
4kn0,205,205,15,0.07317073170731707,True,True,True
3f7z,339,339,10,0.029498525073746312,True,True,False
2aqb,807,807,10,0.012391573729863693,True,True,False
4cs9,651,651,13,0.019969278033794162,True,True,True
3igv,557,557,7,0.012567324955116697,True,True,False
6dyz,819,819,4,0.004884004884004884,True,False,True
1l6m,174,174,4,0.022988505747126436,True,True,False
3hy5,284,284,14,0.04929577464788732,True,True,False
3k5g,374,374,15,0.040106951871657755,False,True,False
4v25,686,686,10,0.014577259475218658,True,True,False
3igg,290,290,9,0.03103448275862069,True,True,False
6dug,968,968,13,0.013429752066115703,True,True,False
3vw6,508,508,9,0.017716535433070866,True,True,False
5khj,800,800,12,0.015,True,True,False
4h2j,428,428,15,0.035046728971962614,True,True,False
3bt9,372,372,10,0.026881720430107527,True,True,False
4z1e,259,259,5,0.019305019305019305,True,True,True
6pid,692,692,11,0.015895953757225433,True,True,True
5csh,324,324,14,0.043209876543209874,True,True,False
2ds1,290,290,6,0.020689655172413793,True,True,False
2ax6,242,242,5,0.02066115702479339,True,True,False
6iji,312,312,8,0.02564102564102564,True,True,False
3pn4,181,181,10,0.055248618784530384,True,True,True
4dum,187,187,6,0.03208556149732621,True,True,False
3myq,257,257,6,0.023346303501945526,True,False,True
6dsp,326,326,6,0.018404907975460124,True,True,True
5za7,227,227,6,0.02643171806167401,False,True,True
2wca,578,578,8,0.01384083044982699,True,True,True
2y2h,939,939,14,0.014909478168264111,True,True,False
5unh,757,757,18,0.023778071334214,True,False,False
2wk6,894,894,6,0.006711409395973154,False,True,True
1p1n,516,516,8,0.015503875968992248,True,True,True
2wl5,1554,1554,16,0.010296010296010296,True,True,False
2g1r,333,333,12,0.036036036036036036,True,True,False
6nzm,263,263,10,0.03802281368821293,True,False,False
3q71,203,203,18,0.08866995073891626,True,True,True
4ajk,1319,1319,38,0.02880970432145565,False,True,False
2ohl,377,377,4,0.010610079575596816,True,True,False
6cj1,125,125,7,0.056,True,True,False
4qxj,648,648,6,0.009259259259259259,True,True,False
5cso,246,246,6,0.024390243902439025,True,True,True
6iby,428,428,7,0.016355140186915886,True,True,False
3k5k,272,272,5,0.01838235294117647,True,True,False
2yay,514,514,10,0.019455252918287938,True,True,True
5nk7,284,284,8,0.028169014084507043,True,True,True
2ihj,378,378,11,0.0291005291005291,True,True,True
6j6m,267,267,8,0.0299625468164794,True,True,False
5v5e,188,188,4,0.02127659574468085,True,True,False
5kly,227,227,10,0.04405286343612335,True,False,True
6mo0,164,164,5,0.03048780487804878,True,True,False
3ay9,379,379,12,0.0316622691292876,True,True,False
3st6,436,436,10,0.022935779816513763,True,True,False
4fl3,538,538,7,0.013011152416356878,True,True,False
5u4g,462,462,7,0.015151515151515152,True,True,False
5lcj,345,345,8,0.02318840579710145,True,True,False
6oh2,299,299,9,0.030100334448160536,True,False,False
3gur,433,433,8,0.018475750577367205,True,True,False
3hxf,631,631,6,0.009508716323296355,True,False,False
5tnt,282,282,6,0.02127659574468085,False,True,False
5aqt,495,495,5,0.010101010101010102,True,True,False
1b8n,278,278,8,0.02877697841726619,True,False,True
5ev8,219,219,2,0.0091324200913242,True,True,True
5jf2,202,202,5,0.024752475247524754,True,True,False
4d88,375,375,12,0.032,True,True,False
6hpw,142,142,8,0.056338028169014086,True,False,True
2vot,837,837,9,0.010752688172043012,True,True,True
5l8y,332,332,9,0.02710843373493976,True,True,True
1td7,119,119,8,0.06722689075630252,True,True,True
4mrw,330,330,4,0.012121212121212121,True,True,True
5cr7,459,459,2,0.004357298474945534,True,False,False
4qw3,652,652,8,0.012269938650306749,True,True,False
5maj,219,219,6,0.0273972602739726,True,True,False
4ty8,544,544,2,0.003676470588235294,True,True,False
6fhq,58,58,4,0.06896551724137931,True,True,True
1wvc,1524,1524,10,0.006561679790026247,True,True,False
3rkb,294,294,4,0.013605442176870748,True,True,False
3tu7,241,241,8,0.03319502074688797,False,True,True
4aoi,289,289,9,0.031141868512110725,True,False,True
4b6s,1884,1884,29,0.015392781316348195,True,True,True
5dit,128,128,8,0.0625,True,True,True
5y3o,433,433,6,0.013856812933025405,True,True,False
3rik,497,497,5,0.01006036217303823,True,True,False
2yfe,264,264,4,0.015151515151515152,True,True,True
3udr,394,394,9,0.02284263959390863,True,True,False
6q9o,94,94,10,0.10638297872340426,True,False,False
2y6o,263,263,9,0.034220532319391636,True,True,False
3rux,265,265,15,0.05660377358490566,True,True,True
4fxy,664,664,8,0.012048192771084338,True,True,False
1ebz,198,198,20,0.10101010101010101,True,True,True
4bqs,169,169,3,0.01775147928994083,True,True,True
1hlf,1660,1660,11,0.006626506024096385,True,True,False
3okh,227,227,15,0.06607929515418502,True,True,False
3r0w,198,198,12,0.06060606060606061,True,True,False
3l1s,336,336,6,0.017857142857142856,True,True,False
5ael,714,714,16,0.022408963585434174,True,True,False
5ak2,438,438,22,0.0502283105022831,True,True,False
6eum,221,221,3,0.013574660633484163,True,True,False
4h2o,414,414,23,0.05555555555555555,True,True,False
5nkc,286,286,7,0.024475524475524476,True,True,True
2cgv,264,264,7,0.026515151515151516,True,True,False
3v2p,225,225,10,0.044444444444444446,True,True,True
5m6f,105,105,6,0.05714285714285714,True,True,False
4fjz,822,822,7,0.00851581508515815,True,True,False
5wbp,597,597,2,0.0033500837520938024,True,True,False
4jzi,227,227,9,0.039647577092511016,False,True,True
5am0,546,546,7,0.01282051282051282,True,True,False
2uzn,279,279,9,0.03225806451612903,True,True,False
1gfz,1628,1628,3,0.0018427518427518428,True,True,False
1c1u,245,245,6,0.024489795918367346,False,False,True
1los,422,422,20,0.04739336492890995,True,True,False
2hds,358,358,8,0.0223463687150838,True,True,False
4ce1,428,428,5,0.011682242990654205,True,True,False
6fo5,127,127,6,0.047244094488188976,True,True,True
5qae,241,241,4,0.016597510373443983,True,True,False
5alu,546,546,21,0.038461538461538464,True,True,False
4x0f,825,825,9,0.01090909090909091,True,True,False
6mi6,183,183,4,0.02185792349726776,True,True,False
3dej,460,460,4,0.008695652173913044,True,True,False
4h7q,608,608,2,0.003289473684210526,True,True,True
2y2j,940,940,4,0.00425531914893617,True,True,False
3qci,285,285,9,0.031578947368421054,True,True,False
3g08,359,359,17,0.04735376044568245,True,True,False
4ycw,501,501,5,0.00998003992015968,True,True,False
4lxm,374,374,12,0.03208556149732621,False,True,False
6h7j,515,515,12,0.02330097087378641,True,True,False
6bmi,396,396,2,0.005050505050505051,True,True,False
6cis,125,125,8,0.064,True,True,False
3l08,1656,1656,10,0.006038647342995169,True,True,False
3wi2,324,324,8,0.024691358024691357,True,True,False
2fwz,208,208,9,0.04326923076923077,True,True,False
2rib,452,452,9,0.01991150442477876,True,True,False
6dvl,356,356,3,0.008426966292134831,True,True,False
6ibx,429,429,8,0.018648018648018648,True,True,False
4zz0,200,200,7,0.035,True,False,False
1jzs,821,821,6,0.007308160779537149,True,True,True
3cd0,1652,1652,40,0.024213075060532687,True,True,True
6enx,267,267,23,0.08614232209737828,True,False,False
2y8i,758,758,11,0.014511873350923483,True,True,False
4d8e,254,254,9,0.03543307086614173,True,True,False
3rv7,416,416,8,0.019230769230769232,True,True,False
5ehp,494,494,7,0.01417004048582996,True,True,False
3wix,150,150,11,0.07333333333333333,True,True,False
4iax,172,172,12,0.06976744186046512,True,True,False
3arg,826,826,17,0.020581113801452784,True,True,False
4mp7,726,726,9,0.012396694214876033,True,True,False
4hzw,1540,1540,8,0.005194805194805195,False,True,False
6n3o,252,252,10,0.03968253968253968,True,True,False
4yh3,128,128,7,0.0546875,True,True,False
4nvq,530,530,12,0.022641509433962263,True,True,False
5tbe,332,332,13,0.0391566265060241,True,True,True
1h8l,380,380,5,0.013157894736842105,True,True,False
6ei4,288,288,7,0.024305555555555556,True,True,False
3bh3,2931,2931,16,0.005458887751620608,True,True,False
2f3f,372,372,11,0.02956989247311828,False,True,False
5lvq,108,108,6,0.05555555555555555,True,True,True
3s75,258,258,7,0.027131782945736434,False,True,True
4ocz,1096,1096,4,0.0036496350364963502,True,True,False
3uh4,209,209,4,0.019138755980861243,True,True,False
6poh,188,188,4,0.02127659574468085,True,True,False
3gqo,161,161,12,0.07453416149068323,True,True,False
3oad,333,333,10,0.03003003003003003,True,True,False
3m67,257,257,5,0.019455252918287938,True,False,True
4i8w,198,198,14,0.0707070707070707,True,True,True
4mo4,693,693,17,0.024531024531024532,True,True,True
4xy8,113,113,5,0.04424778761061947,True,False,True
6gva,545,545,9,0.01651376146788991,True,False,False
4yb6,1175,1175,24,0.020425531914893616,True,True,False
1zd4,1090,1090,4,0.003669724770642202,False,True,False
5he4,387,387,7,0.01808785529715762,True,True,False
1re1,432,432,6,0.013888888888888888,False,True,False
5tw2,365,365,13,0.03561643835616438,True,True,False
3sr4,328,328,10,0.03048780487804878,True,True,True
4bdc,283,283,3,0.01060070671378092,True,True,False
3vbv,268,268,8,0.029850746268656716,True,True,False
2j87,657,657,50,0.076103500761035,True,True,False
6d6u,2106,2106,3,0.0014245014245014246,True,True,False
5dx4,126,126,7,0.05555555555555555,True,True,True
6c99,364,364,5,0.013736263736263736,True,True,False
2xpb,146,146,8,0.0547945205479452,True,False,False
6npi,274,274,7,0.025547445255474453,True,True,False
2xup,538,538,14,0.026022304832713755,True,True,False
1d4p,278,278,9,0.03237410071942446,True,False,True
4e1m,292,292,3,0.010273972602739725,True,True,False
4y46,340,340,6,0.01764705882352941,True,True,False
4uda,241,241,9,0.03734439834024896,True,True,False
5dhh,282,282,6,0.02127659574468085,True,True,False
4l70,354,354,6,0.01694915254237288,True,True,False
4aft,1028,1028,20,0.019455252918287938,True,True,False
3ozr,213,213,6,0.028169014084507043,True,True,True
3dxm,1695,1695,4,0.002359882005899705,True,True,False
4mss,340,340,7,0.020588235294117647,False,True,True
1c50,1660,1660,3,0.0018072289156626507,True,False,False
5l2s,263,263,6,0.022813688212927757,True,True,True
6iez,229,229,12,0.05240174672489083,True,True,True
6edl,282,282,2,0.0070921985815602835,True,False,False
5v40,273,273,5,0.018315018315018316,True,True,False
5h14,394,394,4,0.01015228426395939,True,True,False
1lst,238,238,9,0.037815126050420166,True,True,True
4y6s,820,820,19,0.023170731707317073,True,True,False
2vwc,214,214,12,0.056074766355140186,False,True,True
2ym8,246,246,7,0.028455284552845527,True,True,False
6j1l,222,222,9,0.04054054054054054,True,True,True
1s5z,900,900,7,0.0077777777777777776,True,True,True
6gl9,292,292,5,0.017123287671232876,True,False,True
3qrk,270,270,9,0.03333333333333333,True,True,False
4r5y,253,253,9,0.03557312252964427,True,False,False
3r6u,272,272,2,0.007352941176470588,True,True,True
4eke,1618,1618,11,0.006798516687268232,True,True,False
4n1b,857,857,21,0.024504084014002333,True,True,False
4bs0,300,300,4,0.013333333333333334,False,False,True
6m95,333,333,10,0.03003003003003003,True,True,False
1hps,198,198,17,0.08585858585858586,True,False,True
3new,334,334,7,0.020958083832335328,True,False,False
4nrc,115,115,2,0.017391304347826087,True,True,False
5m2q,228,228,15,0.06578947368421052,True,True,False
6uwv,391,391,8,0.020460358056265986,True,True,False
4kiq,338,338,11,0.03254437869822485,True,True,False
6q9s,87,87,5,0.05747126436781609,True,False,False
3eft,256,256,6,0.0234375,False,True,True
5o9y,429,429,12,0.027972027972027972,True,True,True
1ysg,181,181,8,0.04419889502762431,True,True,False
3ebh,889,889,10,0.01124859392575928,True,True,True
3dcc,257,257,3,0.011673151750972763,True,True,True
6j3p,108,108,6,0.05555555555555555,True,False,True
3ao2,272,272,10,0.03676470588235294,True,True,True
6nfg,348,348,7,0.020114942528735632,True,True,False
1njf,239,239,13,0.05439330543933055,True,True,False
5hvu,788,788,14,0.017766497461928935,True,True,False
6fnr,321,321,7,0.021806853582554516,True,False,True
2w1i,284,284,4,0.014084507042253521,True,False,False
4iks,304,304,5,0.01644736842105263,True,True,False
6emh,344,344,5,0.014534883720930232,True,False,False
3muz,4044,4044,32,0.00791295746785361,True,True,True
4lh7,321,321,10,0.03115264797507788,True,True,False
4hgt,283,283,8,0.028268551236749116,True,False,False
5evz,382,382,11,0.028795811518324606,True,True,True
1jut,526,526,8,0.015209125475285171,True,False,False
1v7a,349,349,10,0.02865329512893983,True,True,True
4tmk,210,210,16,0.0761904761904762,True,True,True
1vyz,279,279,8,0.02867383512544803,True,False,False
1o1s,716,716,9,0.012569832402234637,True,True,True
2q7m,436,436,28,0.06422018348623854,True,True,False
6dpx,358,358,8,0.0223463687150838,True,True,True
5aip,268,268,8,0.029850746268656716,True,True,False
1unl,442,442,8,0.01809954751131222,False,True,False
6q2y,231,231,3,0.012987012987012988,True,False,False
3t0b,4059,4059,18,0.004434589800443459,True,True,True
6uvy,389,389,4,0.010282776349614395,True,True,False
4u5n,426,426,6,0.014084507042253521,True,True,True
6qfh,219,219,8,0.0365296803652968,False,False,False
3hf8,274,274,11,0.040145985401459854,True,True,True
5t8o,324,324,9,0.027777777777777776,True,True,True
3m8u,508,508,16,0.031496062992125984,True,True,True
3l16,841,841,5,0.005945303210463734,True,True,False
3gcq,337,337,13,0.03857566765578635,True,True,False
5v5d,191,191,6,0.031413612565445025,True,True,False
5qao,241,241,5,0.02074688796680498,True,True,False
6n0q,257,257,10,0.038910505836575876,True,True,False
6uwp,393,393,9,0.022900763358778626,True,True,False
3m5e,258,258,6,0.023255813953488372,True,True,True
2gg2,263,263,7,0.026615969581749048,True,False,False
4xuc,218,218,6,0.027522935779816515,True,True,False
1adl,262,262,5,0.019083969465648856,True,True,True
2w8j,798,798,11,0.013784461152882205,False,True,True
3mt8,1618,1618,18,0.011124845488257108,True,True,False
3nm6,458,458,4,0.008733624454148471,True,True,False
4o07,209,209,12,0.05741626794258373,True,True,True
3o88,358,358,11,0.030726256983240222,True,True,False
2avi,484,484,22,0.045454545454545456,True,True,False
6md4,258,258,3,0.011627906976744186,True,True,False
1lbk,416,416,13,0.03125,True,True,True
4acf,2850,2850,39,0.01368421052631579,True,True,False
4o5g,652,652,6,0.009202453987730062,True,True,False
5a5p,130,130,5,0.038461538461538464,True,True,False
6e4v,672,672,11,0.01636904761904762,True,True,False
2xyt,1025,1025,14,0.013658536585365854,True,True,True
6knh,765,765,12,0.01568627450980392,True,True,False
3qt6,649,649,18,0.02773497688751926,True,True,True
1dwc,244,244,6,0.02459016393442623,False,True,False
2ww2,2211,2211,3,0.0013568521031207597,True,True,False
5aix,396,396,6,0.015151515151515152,True,True,False
5tyk,566,566,5,0.0088339222614841,True,True,False
3atm,223,223,5,0.02242152466367713,True,False,False
6o0h,1023,1023,11,0.010752688172043012,True,True,False
4yqm,474,474,8,0.016877637130801686,True,True,False
5h63,309,309,15,0.04854368932038835,True,True,False
4eop,554,554,9,0.016245487364620937,True,True,False
4mao,298,298,9,0.030201342281879196,True,False,False
2xhr,208,208,7,0.03365384615384615,True,True,False
3gsg,358,358,6,0.01675977653631285,True,True,False
3gi6,198,198,13,0.06565656565656566,True,True,True
3gxt,781,781,13,0.016645326504481434,True,True,False
4q6e,257,257,7,0.027237354085603113,True,True,True
3wt7,240,240,14,0.058333333333333334,True,True,False
4b95,326,326,10,0.03067484662576687,False,True,False
1w0z,228,228,10,0.043859649122807015,False,True,True
5uir,270,270,8,0.02962962962962963,True,True,False
5gso,181,181,8,0.04419889502762431,True,True,False
3tz2,602,602,6,0.009966777408637873,True,True,False
4qnb,1290,1290,6,0.004651162790697674,True,False,True
3t08,4060,4060,24,0.005911330049261084,True,True,True
1h7a,1126,1126,3,0.0026642984014209592,True,True,False
5m4f,330,330,7,0.021212121212121213,True,True,False
4gql,159,159,10,0.06289308176100629,True,True,True
2iku,2022,2022,22,0.010880316518298714,True,True,False
2ycf,572,572,7,0.012237762237762238,True,True,False
2e2p,595,595,13,0.021848739495798318,True,True,True
4wcf,495,495,6,0.012121212121212121,True,True,False
1g5s,275,275,9,0.03272727272727273,True,True,False
5zym,235,235,6,0.02553191489361702,True,True,True
2al5,520,520,10,0.019230769230769232,True,True,True
3wk5,1092,1092,6,0.005494505494505495,True,True,False
6c9n,625,625,25,0.04,True,True,False
3wkd,1092,1092,5,0.004578754578754579,True,True,False
4k0y,274,274,8,0.029197080291970802,True,True,True
6oa1,500,500,3,0.006,True,False,False
6hd4,287,287,8,0.027874564459930314,True,True,False
1n8u,100,100,15,0.15,True,True,False
1zkl,317,317,2,0.006309148264984227,True,False,False
1nhx,605,605,7,0.011570247933884297,True,False,False
6qlp,138,138,7,0.050724637681159424,True,True,True
5znc,484,484,6,0.012396694214876033,True,True,True
4mcb,448,448,16,0.03571428571428571,True,False,False
3fx6,921,921,14,0.01520086862106406,True,True,True
4eg7,1063,1063,9,0.008466603951081843,True,False,False
6mia,522,522,23,0.044061302681992334,True,False,False
5y86,391,391,8,0.020460358056265986,True,False,False
1ryh,169,169,12,0.07100591715976332,False,True,False
3aqa,107,107,3,0.028037383177570093,True,False,False
3h5s,557,557,13,0.02333931777378815,True,True,False
3lle,180,180,10,0.05555555555555555,True,True,False
1e37,229,229,7,0.03056768558951965,False,True,False
4aua,256,256,6,0.0234375,True,False,False
5uah,1808,1808,9,0.00497787610619469,True,True,False
3m96,257,257,7,0.027237354085603113,True,False,True
3zpr,283,283,6,0.02120141342756184,True,True,False
1uwu,1940,1940,15,0.007731958762886598,True,True,True
5y0f,136,136,10,0.07352941176470588,True,True,False
3f8w,843,843,22,0.02609727164887307,True,True,False
4lvt,139,139,15,0.1079136690647482,True,True,True
5erg,324,324,14,0.043209876543209874,True,True,False
4hnc,708,708,7,0.009887005649717515,True,True,False
6dtw,949,949,6,0.006322444678609062,True,True,False
5yjy,928,928,4,0.004310344827586207,True,True,False
3usx,684,684,5,0.007309941520467836,True,True,True
4x6j,215,215,9,0.04186046511627907,True,True,False
3v5p,450,450,7,0.015555555555555555,True,True,True
4clp,1377,1377,6,0.004357298474945534,True,True,False
2exm,298,298,4,0.013422818791946308,True,False,True
4wmu,516,516,9,0.01744186046511628,True,False,False
1q6k,215,215,6,0.027906976744186046,True,True,False
5oqu,648,648,6,0.009259259259259259,True,True,True
3bla,575,575,14,0.02434782608695652,True,True,False
4qr4,125,125,5,0.04,True,True,False
6grp,464,464,2,0.004310344827586207,True,True,False
4og6,469,469,5,0.010660980810234541,False,True,False
3g0g,1454,1454,16,0.011004126547455296,True,False,False
6jn4,265,265,6,0.022641509433962263,False,False,False
3d52,1016,1016,7,0.006889763779527559,True,True,True
6op0,407,407,11,0.02702702702702703,True,True,False
3cyu,257,257,4,0.01556420233463035,True,True,False
3r7r,838,838,7,0.008353221957040573,True,True,False
4idn,840,840,30,0.03571428571428571,True,False,True
4dtt,956,956,4,0.0041841004184100415,True,False,False
6h7o,517,517,10,0.019342359767891684,True,False,False
1tkb,1356,1356,17,0.012536873156342183,True,True,True
4xk9,422,422,18,0.04265402843601896,True,True,True
1acj,528,528,7,0.013257575757575758,True,True,False
4jht,201,201,5,0.024875621890547265,True,True,False
5ou1,662,662,2,0.0030211480362537764,True,True,False
3n76,1716,1716,13,0.007575757575757576,True,True,True
1tl3,917,917,9,0.009814612868047983,True,True,False
4rvk,264,264,8,0.030303030303030304,True,False,False
4ymq,254,254,10,0.03937007874015748,True,True,True
6h0u,696,696,12,0.017241379310344827,True,True,False
5dpx,532,532,11,0.020676691729323307,True,False,True
5tzw,342,342,9,0.02631578947368421,True,True,False
5emk,1250,1250,7,0.0056,True,True,False
3rxb,223,223,8,0.03587443946188341,True,True,False
1ao8,162,162,6,0.037037037037037035,True,True,False
5j8z,261,261,4,0.01532567049808429,True,True,True
6g6w,925,925,12,0.012972972972972972,True,False,False
5izk,480,480,6,0.0125,True,False,False
3rjw,538,538,12,0.022304832713754646,True,True,False
1tni,220,220,2,0.00909090909090909,False,True,True
6aaq,528,528,6,0.011363636363636364,True,True,False
4nwk,188,188,13,0.06914893617021277,True,True,False
6cpw,328,328,10,0.03048780487804878,True,False,True
1d4i,198,198,21,0.10606060606060606,True,True,True
6fn9,452,452,16,0.035398230088495575,True,True,False
2vl8,539,539,10,0.01855287569573284,True,True,False
5v9p,577,577,6,0.010398613518197574,True,False,False
2yj2,219,219,9,0.0410958904109589,True,True,False
3pjc,286,286,9,0.03146853146853147,True,False,False
2nnd,148,148,4,0.02702702702702703,True,True,True
4ewh,274,274,3,0.010948905109489052,True,False,False
4y4v,631,631,13,0.020602218700475437,True,True,False
5i3v,370,370,9,0.024324324324324326,True,True,True
1vyg,135,135,13,0.0962962962962963,True,True,True
5vad,481,481,8,0.016632016632016633,True,True,False
5trh,550,550,5,0.00909090909090909,True,True,False
3s00,294,294,5,0.017006802721088437,True,True,False
1j5i,113,113,1,0.008849557522123894,True,True,False
2yk9,207,207,8,0.03864734299516908,True,False,False
5voj,198,198,13,0.06565656565656566,True,True,True
1toj,790,790,6,0.007594936708860759,True,True,False
4nl1,546,546,3,0.005494505494505495,True,True,True
1qx1,1014,1014,2,0.0019723865877712033,True,True,False
3q2j,524,524,10,0.019083969465648856,True,True,True
5vcx,287,287,4,0.013937282229965157,True,True,False
4mp2,720,720,7,0.009722222222222222,True,True,False
6eyt,309,309,11,0.03559870550161812,True,True,True
5wej,172,172,8,0.046511627906976744,True,True,False
4v01,273,273,11,0.040293040293040296,True,True,True
5u4d,462,462,8,0.017316017316017316,True,True,True
5l8a,62,62,10,0.16129032258064516,True,True,True
2fqy,316,316,9,0.028481012658227847,True,True,True
1xap,232,232,11,0.04741379310344827,True,True,True
6nji,339,339,6,0.017699115044247787,True,True,False
2flb,478,478,8,0.016736401673640166,False,False,False
6qpl,190,190,7,0.03684210526315789,True,True,True
4b2l,220,220,4,0.01818181818181818,True,False,True
3pbb,323,323,1,0.0030959752321981426,True,True,True
1hxb,198,198,17,0.08585858585858586,True,True,True
3cct,1653,1653,37,0.02238354506957048,True,True,True
3vp4,1248,1248,2,0.0016025641025641025,True,True,False
1lqd,227,227,10,0.04405286343612335,False,True,False
3wcg,1364,1364,33,0.024193548387096774,True,True,False
1meu,198,198,16,0.08080808080808081,True,True,False
3dcr,188,188,17,0.09042553191489362,True,True,False
3bmn,1006,1006,18,0.017892644135188866,True,True,False
5u0f,258,258,2,0.007751937984496124,True,True,True
5nw2,329,329,7,0.02127659574468085,True,True,True
3guz,332,332,14,0.04216867469879518,True,True,False
1pro,198,198,15,0.07575757575757576,True,True,True
5yg4,884,884,16,0.01809954751131222,True,False,False
5ehy,255,255,4,0.01568627450980392,True,False,False
6prf,198,198,12,0.06060606060606061,True,True,True
3bm6,716,716,17,0.023743016759776536,True,True,False
1uu9,276,276,10,0.036231884057971016,True,False,False
3rhk,298,298,8,0.026845637583892617,True,False,False
5tyn,568,568,7,0.01232394366197183,True,True,False
5g11,744,744,10,0.013440860215053764,True,True,False
6emu,170,170,5,0.029411764705882353,True,True,False
1wuq,1840,1840,37,0.02010869565217391,True,False,True
2g9q,1606,1606,5,0.00311332503113325,True,True,False
3g30,262,262,10,0.03816793893129771,True,True,True
4urv,618,618,4,0.006472491909385114,False,True,False
5odu,242,242,9,0.0371900826446281,True,True,False
1dg9,157,157,8,0.050955414012738856,True,True,False
5nkh,295,295,6,0.020338983050847456,True,True,True
5agi,252,252,9,0.03571428571428571,True,False,False
5om7,371,371,8,0.0215633423180593,True,True,True
5nkg,292,292,9,0.030821917808219176,True,True,True
6aa4,162,162,7,0.043209876543209874,True,True,False
5naw,220,220,9,0.04090909090909091,False,True,False
1f28,590,590,20,0.03389830508474576,True,True,False
3hkq,257,257,4,0.01556420233463035,True,True,True
4na4,496,496,14,0.028225806451612902,True,True,False
6bgv,309,309,4,0.012944983818770227,True,False,False
6fuj,220,220,5,0.022727272727272728,False,True,True
1ryf,168,168,11,0.06547619047619048,False,True,False
5yjb,792,792,8,0.010101010101010102,True,True,False
5vio,271,271,10,0.03690036900369004,True,True,False
1pgp,946,946,8,0.008456659619450317,True,True,True
2pgj,252,252,8,0.031746031746031744,True,True,False
1f8b,1548,1548,9,0.005813953488372093,False,True,True
6eqp,526,526,6,0.011406844106463879,True,True,True
4jnc,312,312,9,0.028846153846153848,True,True,False
3u8j,1022,1022,26,0.025440313111545987,True,True,True
2qbu,456,456,14,0.03070175438596491,True,True,True
1mqj,520,520,5,0.009615384615384616,True,True,False
4tvj,357,357,5,0.014005602240896359,True,True,False
6b1e,728,728,10,0.013736263736263736,True,True,False
4l7u,352,352,10,0.028409090909090908,True,True,False
2bvd,276,276,6,0.021739130434782608,True,True,True
3umo,1236,1236,30,0.024271844660194174,True,True,False
2qnx,652,652,9,0.013803680981595092,False,True,False
1tlp,316,316,6,0.0189873417721519,True,False,True
4j3e,86,86,7,0.08139534883720931,True,True,False
4mg6,467,467,12,0.02569593147751606,True,True,False
3lik,159,159,10,0.06289308176100629,True,True,False
4mwc,1062,1062,10,0.009416195856873822,True,True,False
3zpt,198,198,15,0.07575757575757576,True,True,False
5y6g,131,131,9,0.06870229007633588,True,False,False
5zyk,231,231,9,0.03896103896103896,True,True,False
1eb2,220,220,6,0.02727272727272727,False,True,True
2i19,728,728,17,0.023351648351648352,True,True,True
6o5t,233,233,3,0.012875536480686695,True,True,True
5evd,267,267,1,0.003745318352059925,True,True,True
3mta,1618,1618,15,0.009270704573547589,True,True,False
3syr,1612,1612,11,0.006823821339950372,True,True,False
2xp4,144,144,6,0.041666666666666664,True,False,False
4bt3,472,472,4,0.00847457627118644,True,True,True
3i7c,449,449,8,0.017817371937639197,True,True,False
2cmf,1056,1056,9,0.008522727272727272,True,True,False
6gcl,748,748,9,0.012032085561497326,True,True,False
3ppo,272,272,3,0.011029411764705883,True,True,False
1bp0,632,632,5,0.007911392405063292,True,True,True
4nau,958,958,12,0.012526096033402923,True,True,False
6cjw,270,270,4,0.014814814814814815,True,True,False
1if7,258,258,4,0.015503875968992248,True,True,True
6bbs,257,257,3,0.011673151750972763,True,True,False
4ykn,1205,1205,16,0.013278008298755186,True,True,False
1x38,602,602,8,0.013289036544850499,True,True,True
4ui6,209,209,7,0.03349282296650718,True,True,False
5mnx,220,220,6,0.02727272727272727,False,True,False
2vth,278,278,6,0.02158273381294964,True,True,False
4rse,510,510,8,0.01568627450980392,True,True,False
6hjk,255,255,9,0.03529411764705882,True,True,False
4fm8,394,394,9,0.02284263959390863,True,True,True
1sqo,245,245,6,0.024489795918367346,True,True,True
4jnm,944,944,27,0.028601694915254237,True,True,False
3s9e,506,506,16,0.03162055335968379,True,True,True
4hxz,366,366,7,0.01912568306010929,True,False,False
2pwg,556,556,8,0.014388489208633094,True,True,True
4k5n,889,889,6,0.006749156355455568,True,True,False
2c94,730,730,69,0.09452054794520548,True,True,True
1jvu,124,124,6,0.04838709677419355,True,True,True
6ck6,271,271,7,0.025830258302583026,True,True,False
2yb9,1392,1392,10,0.007183908045977011,True,True,False
3ge7,718,718,11,0.01532033426183844,True,False,True
1i37,246,246,11,0.044715447154471545,True,True,True
4y63,282,282,10,0.03546099290780142,True,True,False
1fgi,283,283,7,0.024734982332155476,True,False,False
2afx,323,323,2,0.006191950464396285,True,True,True
4i9h,1311,1311,48,0.036613272311212815,True,True,True
4n6z,272,272,4,0.014705882352941176,True,True,True
5gn5,513,513,8,0.015594541910331383,True,True,False
4o7f,127,127,7,0.05511811023622047,True,True,False
5aic,546,546,5,0.009157509157509158,True,True,False
6o5a,198,198,18,0.09090909090909091,True,True,True
5mxf,692,692,6,0.008670520231213872,True,True,True
3twj,791,791,6,0.007585335018963337,True,True,False
4dcx,497,497,4,0.008048289738430584,True,False,False
4mwv,1552,1552,9,0.005798969072164949,True,True,False
2hzy,834,834,18,0.02158273381294964,True,True,True
5c84,107,107,5,0.04672897196261682,True,True,False
4yur,226,226,6,0.02654867256637168,True,False,False
1hvl,198,198,15,0.07575757575757576,True,True,True
4edy,395,395,7,0.017721518987341773,True,True,False
5exm,229,229,10,0.043668122270742356,False,True,True
2q6b,1688,1688,38,0.022511848341232227,True,True,False
2bpx,198,198,15,0.07575757575757576,True,True,False
2adu,355,355,3,0.008450704225352112,True,False,False
5amn,574,574,10,0.017421602787456445,True,True,False
1hy7,171,171,5,0.029239766081871343,True,True,False
3mrx,1620,1620,15,0.009259259259259259,True,True,False
3wf8,287,287,11,0.03832752613240418,True,True,False
5jyp,1232,1232,5,0.004058441558441558,True,True,False
4e90,328,328,6,0.018292682926829267,True,True,False
1qhc,124,124,10,0.08064516129032258,True,True,True
3bz3,259,259,8,0.03088803088803089,True,True,False
2dxs,517,517,11,0.02127659574468085,True,True,False
5n1r,258,258,3,0.011627906976744186,True,True,True
1dbb,424,424,5,0.01179245283018868,False,True,False
1kf0,416,416,7,0.016826923076923076,True,True,False
5l15,388,388,8,0.020618556701030927,True,True,False
6qfq,150,150,12,0.08,True,False,False
3d7z,348,348,9,0.02586206896551724,True,True,True
6phr,693,693,9,0.012987012987012988,True,True,False
3pa4,259,259,6,0.023166023166023165,False,True,False
4mrf,150,150,2,0.013333333333333334,True,True,False
3oe6,836,836,6,0.007177033492822967,True,True,False
1yfz,710,710,13,0.018309859154929577,True,True,True
1lhe,240,240,16,0.06666666666666667,False,True,False
5x9o,130,130,1,0.007692307692307693,True,True,False
2fkf,454,454,11,0.024229074889867842,True,True,False
2jiu,304,304,6,0.019736842105263157,False,False,False
2ilp,407,407,3,0.007371007371007371,True,True,False
2p09,138,138,7,0.050724637681159424,True,True,True
4oty,1101,1101,18,0.01634877384196185,False,True,False
4fvr,274,274,12,0.043795620437956206,True,True,False
4kij,1704,1704,7,0.004107981220657277,True,True,False
4nrl,1531,1531,27,0.017635532331809273,True,True,False
6dz3,819,819,15,0.018315018315018316,True,False,True
1o5c,227,227,8,0.03524229074889868,False,False,True
6hdn,130,130,4,0.03076923076923077,True,True,False
6rmf,234,234,4,0.017094017094017096,True,False,False
4yc9,180,180,4,0.022222222222222223,True,True,False
3dln,258,258,6,0.023255813953488372,True,True,True
1d7j,107,107,5,0.04672897196261682,True,True,True
6hsz,395,395,5,0.012658227848101266,True,True,False
6cwh,165,165,6,0.03636363636363636,True,True,True
3rbu,1382,1382,6,0.004341534008683068,True,True,True
4qt2,122,122,10,0.08196721311475409,True,True,False
1fbm,230,230,14,0.06086956521739131,True,True,False
3pgu,408,408,5,0.012254901960784314,True,True,True
2qrk,365,365,6,0.01643835616438356,True,True,True
2jnp,161,161,5,0.031055900621118012,True,True,False
4b6r,471,471,32,0.06794055201698514,True,True,True
2v77,308,308,5,0.016233766233766232,True,True,True
3rxg,223,223,5,0.02242152466367713,True,True,False
1q7a,121,121,6,0.049586776859504134,True,True,True
5nhy,154,154,6,0.03896103896103896,True,False,False
3lka,158,158,5,0.03164556962025317,True,True,True
1lcp,2904,2904,10,0.003443526170798898,True,True,True
8a3h,300,300,9,0.03,True,False,True
4o10,940,940,17,0.018085106382978722,True,True,False
5ads,208,208,8,0.038461538461538464,True,True,False
6qw7,540,540,9,0.016666666666666666,True,True,False
3c8e,567,567,28,0.04938271604938271,True,True,False
7gpb,3296,3296,16,0.0048543689320388345,False,True,False
2r3g,289,289,5,0.01730103806228374,False,True,False
4pkw,491,491,8,0.016293279022403257,True,False,False
4egh,209,209,4,0.019138755980861243,True,True,False
1oyn,1322,1322,16,0.012102874432677761,True,True,False
2gnl,358,358,8,0.0223463687150838,True,True,False
2i5j,972,972,6,0.006172839506172839,True,True,False
2o4z,256,256,2,0.0078125,True,True,True
4kb9,198,198,13,0.06565656565656566,True,True,True
4psh,451,451,17,0.037694013303769404,True,True,False
1d6w,241,241,10,0.04149377593360996,False,False,True
5uiq,268,268,5,0.018656716417910446,True,True,False
5m04,337,337,9,0.026706231454005934,True,False,True
5h8g,324,324,8,0.024691358024691357,True,True,True
2h42,326,326,6,0.018404907975460124,True,True,False
5aab,294,294,7,0.023809523809523808,False,True,False
1a8i,1624,1624,11,0.0067733990147783255,True,True,False
3l3n,575,575,9,0.01565217391304348,True,False,True
4pyy,257,257,10,0.038910505836575876,True,True,False
1rrw,968,968,1,0.0010330578512396695,True,True,False
4gz3,695,695,12,0.017266187050359712,True,True,False
3muf,160,160,4,0.025,True,True,False
4oho,585,585,6,0.010256410256410256,True,True,False
5mme,119,119,7,0.058823529411764705,True,True,True
5kam,316,316,4,0.012658227848101266,True,True,False
6ic5,348,348,8,0.022988505747126436,True,True,False
1hms,131,131,5,0.03816793893129771,True,True,True
2c97,733,733,31,0.04229195088676671,True,True,True
6qrc,421,421,12,0.028503562945368172,True,False,True
3w69,85,85,7,0.08235294117647059,True,True,False
2b4l,268,268,2,0.007462686567164179,True,True,True
2kdh,72,72,3,0.041666666666666664,True,True,False
2anm,242,242,7,0.028925619834710745,False,True,False
1kdw,358,358,7,0.019553072625698324,True,True,False
4mw1,1064,1064,6,0.005639097744360902,True,True,False
5jq9,509,509,13,0.025540275049115914,True,True,False
4hj2,430,430,22,0.05116279069767442,True,True,True
1r10,264,264,8,0.030303030303030304,True,True,False
4qtd,355,355,8,0.022535211267605635,True,False,False
4yx9,586,586,10,0.017064846416382253,True,True,False
5cnj,445,445,8,0.017977528089887642,True,False,False
6q9y,85,85,8,0.09411764705882353,True,False,False
6g4n,532,532,3,0.005639097744360902,True,True,False
6n0k,288,288,7,0.024305555555555556,True,True,True
1pxo,294,294,6,0.02040816326530612,True,True,True
1tnj,220,220,2,0.00909090909090909,False,True,False
4qev,110,110,7,0.06363636363636363,True,True,True
4joo,402,402,6,0.014925373134328358,True,True,False
3sx4,1454,1454,15,0.01031636863823934,False,True,False
4r59,258,258,3,0.011627906976744186,True,True,True
2vfk,205,205,8,0.03902439024390244,True,True,True
4ob2,430,430,5,0.011627906976744186,True,False,False
3ppp,272,272,3,0.011029411764705883,True,True,True
5adt,208,208,9,0.04326923076923077,True,True,False
3sff,341,341,4,0.011730205278592375,True,True,False
1tbz,242,242,12,0.049586776859504134,False,True,False
4yxi,257,257,4,0.01556420233463035,True,True,True
6pnm,478,478,4,0.008368200836820083,True,True,False
3hmo,257,257,7,0.027237354085603113,True,True,True
5j4y,726,726,5,0.006887052341597796,True,True,False
1ngw,429,429,5,0.011655011655011656,True,False,False
5mpk,112,112,5,0.044642857142857144,True,False,True
6bg5,366,366,10,0.0273224043715847,True,True,False
4dkr,339,339,8,0.02359882005899705,True,True,True
2vtp,281,281,5,0.017793594306049824,True,False,False
4xhk,269,269,6,0.022304832713754646,True,True,False
5ug9,280,280,5,0.017857142857142856,True,True,False
2v0n,913,913,14,0.01533406352683461,True,False,False
1oay,229,229,3,0.013100436681222707,True,True,False
4tpw,185,185,4,0.021621621621621623,True,True,True
3eu5,716,716,6,0.008379888268156424,True,True,False
3wb5,361,361,4,0.0110803324099723,True,True,False
4uia,304,304,10,0.03289473684210526,False,True,False
1jt1,262,262,3,0.011450381679389313,True,True,False
6g9i,374,374,5,0.013368983957219251,True,True,True
3dp4,258,258,7,0.027131782945736434,True,True,True
3vsx,340,340,10,0.029411764705882353,True,True,False
4c36,355,355,7,0.01971830985915493,False,True,False
4joa,251,251,6,0.02390438247011952,False,False,False
4wke,214,214,5,0.02336448598130841,True,True,False
3hxi,196,196,8,0.04081632653061224,True,False,False
6f9g,261,261,6,0.022988505747126436,True,True,True
3hau,94,94,7,0.07446808510638298,True,True,False
5agj,250,250,7,0.028,True,False,False
6eqs,269,269,23,0.08550185873605948,True,False,False
13gs,418,418,16,0.03827751196172249,True,True,False
5uv5,934,934,0,0.0,True,True,False
3mtd,1618,1618,17,0.010506798516687269,True,True,False
1tpw,490,490,21,0.04285714285714286,True,True,True
3r6t,213,213,10,0.046948356807511735,True,True,False
6qr1,414,414,9,0.021739130434782608,True,False,True
4io7,490,490,10,0.02040816326530612,True,True,True
4jaz,535,535,8,0.014953271028037384,True,True,False
3n8k,1701,1701,97,0.05702527924750147,False,True,True
6d1g,229,229,3,0.013100436681222707,True,True,True
3hjo,418,418,8,0.019138755980861243,True,True,False
1k1m,220,220,7,0.031818181818181815,False,True,True
5eis,127,127,3,0.023622047244094488,True,True,True
4nja,426,426,6,0.014084507042253521,False,True,True
1qan,236,236,14,0.059322033898305086,True,True,True
6nfy,567,567,19,0.03350970017636684,True,False,True
3jq9,993,993,17,0.017119838872104734,True,False,False
2ovx,159,159,5,0.031446540880503145,True,True,False
5da3,263,263,6,0.022813688212927757,True,False,False
5lzj,515,515,9,0.017475728155339806,True,True,False
5u8a,358,358,5,0.013966480446927373,True,True,False
3qc4,276,276,12,0.043478260869565216,True,True,False
4l0l,501,501,12,0.023952095808383235,True,True,False
4b78,372,372,5,0.013440860215053764,True,True,False
4yyl,181,181,16,0.08839779005524862,True,True,False
3tdh,559,559,7,0.012522361359570662,True,True,False
6r1d,106,106,7,0.0660377358490566,True,True,True
5kx7,286,286,8,0.027972027972027972,False,True,False
6f4n,241,241,6,0.024896265560165973,True,True,False
5j27,209,209,9,0.0430622009569378,True,True,True
5dbm,114,114,6,0.05263157894736842,True,True,True
1hbv,198,198,17,0.08585858585858586,True,True,True
3k5d,372,372,14,0.03763440860215054,False,True,False
6i0p,301,301,7,0.023255813953488372,True,True,False
3as3,567,567,3,0.005291005291005291,True,True,False
3t3y,199,199,6,0.03015075376884422,True,True,False
5ekm,257,257,7,0.027237354085603113,True,True,True
6f9u,586,586,11,0.01877133105802048,True,True,True
4ocq,355,355,10,0.028169014084507043,True,True,True
2qw1,305,305,4,0.013114754098360656,True,True,True
3r2f,386,386,10,0.025906735751295335,True,True,False
4tkh,133,133,1,0.007518796992481203,True,True,True
1i8z,258,258,4,0.015503875968992248,True,True,False
4bo8,952,952,12,0.012605042016806723,True,True,False
1inc,229,229,6,0.026200873362445413,False,True,False
1c3e,418,418,19,0.045454545454545456,True,True,False
6dyy,462,462,12,0.025974025974025976,True,False,True
4hmh,208,208,7,0.03365384615384615,True,True,False
4yrd,687,687,6,0.008733624454148471,True,True,True
3zbx,283,283,8,0.028268551236749116,False,True,True
1mai,119,119,8,0.06722689075630252,True,True,True
5m25,300,300,10,0.03333333333333333,True,True,True
3uli,286,286,7,0.024475524475524476,True,False,False
5n16,129,129,9,0.06976744186046512,True,True,False
3mrv,1618,1618,21,0.012978986402966625,True,True,False
5llg,257,257,9,0.03501945525291829,True,True,True
4i47,246,246,4,0.016260162601626018,True,True,False
4cix,1596,1596,12,0.007518796992481203,True,True,False
4xdo,338,338,3,0.008875739644970414,True,True,False
1kds,358,358,5,0.013966480446927373,True,True,False
4ibd,123,123,7,0.056910569105691054,True,True,True
2j2u,274,274,6,0.021897810218978103,False,False,True
4wkt,713,713,1,0.001402524544179523,True,False,False
3uvq,333,333,15,0.04504504504504504,True,True,False
6g25,121,121,8,0.06611570247933884,True,False,True
2anl,327,327,11,0.03363914373088685,True,True,False
4auy,158,158,9,0.056962025316455694,True,True,False
4bcd,710,710,12,0.016901408450704224,True,True,False
5mhq,291,291,10,0.03436426116838488,True,True,False
5flq,258,258,5,0.01937984496124031,True,True,True
6gjb,347,347,7,0.020172910662824207,True,True,False
5nwz,271,271,9,0.033210332103321034,True,False,False
4w9d,327,327,7,0.021406727828746176,True,True,True
4yad,178,178,6,0.033707865168539325,True,True,False
3b25,210,210,10,0.047619047619047616,True,True,True
1mem,207,207,6,0.028985507246376812,False,True,False
1avd,494,494,23,0.0465587044534413,True,True,False
4wsj,439,439,6,0.01366742596810934,True,True,False
3ro4,585,585,10,0.017094017094017096,False,True,False
2e9d,435,435,26,0.059770114942528735,True,True,False
5q15,230,230,11,0.04782608695652174,True,True,False
3wti,415,415,7,0.016867469879518072,True,True,False
4l34,208,208,9,0.04326923076923077,True,False,False
5c83,107,107,6,0.056074766355140186,True,True,False
1g74,131,131,6,0.04580152671755725,True,True,True
1a5h,456,456,24,0.05263157894736842,False,True,False
6q9l,94,94,5,0.05319148936170213,True,False,False
2wtw,256,256,8,0.03125,True,True,False
5h0g,446,446,10,0.02242152466367713,True,True,False
1a4k,869,869,13,0.014959723820483314,True,True,True
3v2n,225,225,12,0.05333333333333334,True,True,True
5dv4,344,344,14,0.040697674418604654,True,True,False
4cpw,198,198,15,0.07575757575757576,True,True,True
1mrx,198,198,16,0.08080808080808081,True,True,True
2zq1,220,220,9,0.04090909090909091,False,True,False
5mkz,127,127,3,0.023622047244094488,True,True,False
4azc,416,416,4,0.009615384615384616,True,True,True
5ulg,506,506,10,0.019762845849802372,True,True,False
3t19,954,954,9,0.009433962264150943,True,False,False
3ohi,637,637,21,0.03296703296703297,True,True,True
1inf,1560,1560,7,0.004487179487179487,True,True,False
3fee,1378,1378,6,0.0043541364296081275,True,True,True
6bm6,325,325,8,0.024615384615384615,True,True,True
6mo2,164,164,6,0.036585365853658534,True,False,False
1aw1,509,509,9,0.01768172888015717,True,True,False
5khm,252,252,11,0.04365079365079365,True,True,True
4h81,606,606,7,0.01155115511551155,True,True,True
3s3v,186,186,9,0.04838709677419355,True,True,False
4dff,277,277,4,0.01444043321299639,True,True,True
5vd1,295,295,6,0.020338983050847456,True,True,True
2g96,926,926,18,0.019438444924406047,True,True,False
5ewy,165,165,6,0.03636363636363636,True,True,True
2fu8,266,266,3,0.011278195488721804,True,True,True
6md7,496,496,4,0.008064516129032258,True,True,False
1g4j,258,258,7,0.027131782945736434,True,True,False
4dzw,718,718,7,0.009749303621169917,True,True,False
6mso,1080,1080,7,0.006481481481481481,True,True,False
3hd3,215,215,7,0.03255813953488372,True,True,False
1uyk,209,209,5,0.023923444976076555,False,True,False
3o8h,388,388,8,0.020618556701030927,True,True,False
3n0n,258,258,6,0.023255813953488372,True,True,True
4fcr,207,207,9,0.043478260869565216,True,False,False
5anw,154,154,6,0.03896103896103896,True,True,False
5fdz,107,107,6,0.056074766355140186,True,True,False
6cd4,124,124,8,0.06451612903225806,True,True,False
5wf5,444,444,16,0.036036036036036036,True,True,False
4bjx,127,127,8,0.06299212598425197,True,True,False
6b7c,318,318,5,0.015723270440251572,True,False,False
1ajp,763,763,4,0.005242463958060288,True,True,True
4y16,807,807,28,0.03469640644361834,True,True,False
3qkv,1092,1092,15,0.013736263736263736,False,True,False
5dxh,989,989,7,0.007077856420626896,True,True,False
1hq5,924,924,10,0.010822510822510822,True,False,False
4oth,305,305,11,0.036065573770491806,True,True,False
9hvp,198,198,21,0.10606060606060606,True,True,False
5tuq,960,960,10,0.010416666666666666,True,True,False
6g2o,120,120,7,0.058333333333333334,True,True,True
5qab,241,241,3,0.012448132780082987,True,True,False
6ay5,115,115,6,0.05217391304347826,True,True,False
2oh4,297,297,13,0.04377104377104377,True,False,False
4j28,438,438,7,0.01598173515981735,True,False,True
3mvh,311,311,7,0.022508038585209004,True,False,False
3el5,198,198,16,0.08080808080808081,True,True,True
4qmp,289,289,6,0.020761245674740483,True,True,False
5h85,118,118,5,0.0423728813559322,True,False,True
4q3q,335,335,8,0.023880597014925373,True,False,False
1oe0,398,398,27,0.0678391959798995,False,True,False
5d3t,127,127,9,0.07086614173228346,True,False,True
2ewp,448,448,25,0.05580357142857143,True,True,False
6g2c,121,121,6,0.049586776859504134,True,True,True
2nq6,304,304,1,0.003289473684210526,True,True,False
4ivd,290,290,6,0.020689655172413793,True,False,True
3rv6,417,417,10,0.023980815347721823,True,True,False
3sbi,258,258,7,0.027131782945736434,True,True,False
2vd4,1350,1350,4,0.002962962962962963,True,True,False
1z6d,124,124,8,0.06451612903225806,True,True,False
1pw6,129,129,5,0.03875968992248062,True,False,False
4jai,249,249,8,0.0321285140562249,True,True,False
187l,162,162,6,0.037037037037037035,True,True,True
4np2,150,150,2,0.013333333333333334,True,False,True
2h4n,257,257,2,0.007782101167315175,True,True,True
2hr6,411,411,7,0.0170316301703163,True,True,False
4cjq,296,296,10,0.033783783783783786,True,False,True
3szb,899,899,15,0.01668520578420467,True,True,False
2a4m,662,662,5,0.0075528700906344415,True,False,True
4j5b,164,164,7,0.042682926829268296,True,True,False
4mul,562,562,24,0.042704626334519574,True,True,True
1nw5,270,270,9,0.03333333333333333,True,True,True
5vfd,243,243,3,0.012345679012345678,True,True,False
2cex,305,305,8,0.02622950819672131,True,True,True
2jjk,1275,1275,33,0.02588235294117647,False,True,False
6g6z,333,333,7,0.021021021021021023,True,True,False
1pk0,1886,1886,13,0.006892895015906681,True,True,False
5tq8,291,291,11,0.037800687285223365,True,False,False
5ltn,377,377,3,0.007957559681697613,True,True,True
1e3g,250,250,10,0.04,True,True,True
3k1j,3381,3381,21,0.006211180124223602,True,True,True
4n7j,499,499,3,0.006012024048096192,True,True,False
4q46,164,164,11,0.06707317073170732,True,False,True
3gxl,285,285,7,0.02456140350877193,True,False,False
5wa5,125,125,6,0.048,True,True,True
5lle,257,257,4,0.01556420233463035,True,True,True
1q1y,185,185,10,0.05405405405405406,True,True,False
2xnb,296,296,4,0.013513513513513514,True,True,True
4x47,489,489,9,0.018404907975460124,True,True,False
2c9b,733,733,39,0.05320600272851296,True,True,False
4dhm,456,456,6,0.013157894736842105,True,True,False
2psv,198,198,13,0.06565656565656566,True,True,True
5mwy,244,244,9,0.036885245901639344,True,True,True
1noj,1662,1662,8,0.0048134777376654635,True,True,False
1w1d,144,144,6,0.041666666666666664,False,True,False
4rn0,359,359,5,0.013927576601671309,True,True,False
4j1f,376,376,7,0.018617021276595744,True,True,False
1m2p,325,325,9,0.027692307692307693,True,True,True
5een,353,353,4,0.0113314447592068,True,True,True
3lmp,264,264,6,0.022727272727272728,True,True,False
6nfh,271,271,7,0.025830258302583026,True,True,True
1c5x,229,229,5,0.021834061135371178,False,True,True
3gi4,198,198,16,0.08080808080808081,True,True,True
6qae,526,526,8,0.015209125475285171,True,False,False
5oei,299,299,12,0.04013377926421405,True,True,True
1puq,129,129,2,0.015503875968992248,True,True,False
1mqd,516,516,14,0.027131782945736434,True,True,False
4inu,1737,1737,24,0.013816925734024179,True,True,False
5ueu,109,109,6,0.05504587155963303,True,True,True
4w9q,128,128,11,0.0859375,True,True,False
5o0s,768,768,8,0.010416666666666666,True,True,False
6ert,335,335,8,0.023880597014925373,True,False,False
5ful,678,678,12,0.017699115044247787,True,True,False
5jmx,217,217,2,0.009216589861751152,True,True,False
5x4m,131,131,2,0.015267175572519083,True,True,False
4e6d,572,572,13,0.022727272727272728,True,False,True
3lp2,954,954,8,0.008385744234800839,True,True,False
1w2x,1364,1364,13,0.009530791788856305,False,True,False
5ttg,260,260,4,0.015384615384615385,True,True,False
4xkb,225,225,10,0.044444444444444446,True,True,False
4m1j,713,713,12,0.016830294530154277,True,True,False
2q7y,367,367,13,0.035422343324250684,True,True,False
4jbp,255,255,15,0.058823529411764705,True,True,False
4z93,110,110,10,0.09090909090909091,True,False,True
6s9b,291,291,7,0.024054982817869417,True,True,False
2q8g,736,736,8,0.010869565217391304,True,True,False
3hp9,452,452,8,0.017699115044247787,True,True,True
4pum,740,740,7,0.00945945945945946,True,False,True
4xtw,266,266,14,0.05263157894736842,True,True,True
4afj,365,365,4,0.010958904109589041,True,True,False
3g8o,500,500,9,0.018,True,True,False
3src,710,710,4,0.005633802816901409,True,True,False
4i3z,552,552,8,0.014492753623188406,True,True,True
3gcv,338,338,15,0.04437869822485207,True,True,False
1ikt,115,115,7,0.06086956521739131,True,True,True
2vur,584,584,6,0.010273972602739725,True,True,False
4c5d,580,580,25,0.04310344827586207,True,True,True
2bo4,1521,1521,31,0.020381328073635765,False,True,True
3vv6,360,360,5,0.013888888888888888,True,True,False
3pd4,289,289,14,0.04844290657439446,True,True,False
4btk,287,287,8,0.027874564459930314,True,True,True
4xg9,259,259,4,0.015444015444015444,True,True,False
2xef,1388,1388,12,0.008645533141210375,True,True,True
3oil,257,257,6,0.023346303501945526,True,True,True
6cks,126,126,5,0.03968253968253968,False,True,True
4cxy,436,436,10,0.022935779816513763,True,True,False
2wmr,254,254,4,0.015748031496062992,True,True,False
6q7w,410,410,5,0.012195121951219513,True,True,False
5ow1,283,283,7,0.024734982332155476,True,True,False
6n55,212,212,3,0.014150943396226415,True,True,False
4zg6,754,754,10,0.013262599469496022,True,True,False
3hii,1423,1423,16,0.011243851018973999,True,True,False
2o1c,147,147,5,0.034013605442176874,True,True,False
6hm1,386,386,6,0.015544041450777202,True,True,True
2aj8,1456,1456,23,0.015796703296703296,True,True,True
5wdc,179,179,6,0.0335195530726257,True,True,False
1ya4,1595,1595,43,0.026959247648902823,True,True,False
2q7q,943,943,13,0.013785790031813362,True,True,True
6uf0,286,286,9,0.03146853146853147,True,True,False
5v19,250,250,5,0.02,True,True,False
4bw3,127,127,10,0.07874015748031496,True,True,False
5nfb,138,138,4,0.028985507246376812,True,True,False
4hyf,227,227,7,0.030837004405286344,True,True,False
3u5j,127,127,4,0.031496062992125984,True,True,True
5j82,416,416,11,0.026442307692307692,True,True,True
4ydf,232,232,9,0.03879310344827586,True,True,False
4qyh,264,264,5,0.01893939393939394,True,False,False
4b84,1069,1069,14,0.013096351730589336,True,True,False
1pg2,488,488,4,0.00819672131147541,True,True,False
3cow,565,565,25,0.04424778761061947,True,True,True
4cpt,198,198,15,0.07575757575757576,True,True,True
1ydb,255,255,5,0.0196078431372549,True,True,True
3e63,290,290,4,0.013793103448275862,True,False,False
3w5t,242,242,15,0.06198347107438017,True,True,False
4q09,257,257,6,0.023346303501945526,True,True,True
5u5t,374,374,6,0.016042780748663103,True,True,False
6b8u,253,253,12,0.04743083003952569,True,True,False
6jaq,403,403,5,0.01240694789081886,True,True,True
1qf4,862,862,14,0.016241299303944315,True,True,False
1xuo,181,181,12,0.06629834254143646,True,True,False
3tvc,169,169,9,0.05325443786982249,True,True,True
1al8,1376,1376,7,0.005087209302325582,True,True,False
6hvj,430,430,7,0.01627906976744186,True,True,False
6skd,219,219,7,0.0319634703196347,False,False,False
3efw,240,240,8,0.03333333333333333,True,True,False
5er1,320,320,12,0.0375,False,True,True
1uze,575,575,7,0.01217391304347826,False,True,False
6f96,187,187,8,0.0427807486631016,True,True,False
5js3,316,316,9,0.028481012658227847,True,True,True
5ifu,438,438,9,0.02054794520547945,True,True,False
5eom,349,349,5,0.014326647564469915,True,True,False
3imc,562,562,8,0.014234875444839857,True,False,True
5o1d,197,197,6,0.030456852791878174,True,True,True
5kgx,268,268,3,0.011194029850746268,True,True,False
3ohf,770,770,28,0.03636363636363636,False,True,False
2w0x,684,684,7,0.01023391812865497,True,True,False
6ode,667,667,33,0.049475262368815595,True,False,False
6myn,322,322,9,0.027950310559006212,True,True,False
4gsc,958,958,3,0.003131524008350731,False,False,False
4i9z,296,296,8,0.02702702702702703,True,True,False
5i4o,156,156,6,0.038461538461538464,True,True,False
2bzz,135,135,9,0.06666666666666667,True,True,False
4bib,254,254,7,0.027559055118110236,True,False,False
2y58,1025,1025,38,0.037073170731707315,True,True,False
3n3j,258,258,6,0.023255813953488372,True,True,True
2jle,961,961,10,0.01040582726326743,False,False,False
4q1c,459,459,20,0.04357298474945534,True,True,False
6efj,229,229,5,0.021834061135371178,True,False,True
4aq6,2553,2553,33,0.012925969447708578,True,True,True
6hrq,401,401,7,0.017456359102244388,True,True,True
6mmc,267,267,6,0.02247191011235955,True,True,False
5gsa,388,388,5,0.01288659793814433,True,True,True
2iyf,384,384,7,0.018229166666666668,False,True,False
4g4p,235,235,5,0.02127659574468085,True,True,True
4mds,606,606,3,0.0049504950495049506,True,True,False
5qag,241,241,5,0.02074688796680498,True,True,False
5v1b,226,226,7,0.030973451327433628,True,True,False
3t5u,257,257,13,0.05058365758754864,False,True,True
1d1p,313,313,10,0.03194888178913738,True,True,False
3osw,261,261,8,0.03065134099616858,True,True,False
6d19,269,269,13,0.048327137546468404,True,True,True
2wcg,493,493,5,0.010141987829614604,True,True,False
6fa3,171,171,7,0.04093567251461988,True,True,False
5k8o,843,843,10,0.011862396204033215,True,True,False
3ts4,159,159,8,0.050314465408805034,True,True,True
2gsu,382,382,7,0.01832460732984293,True,True,True
3tsd,1768,1768,14,0.007918552036199095,True,True,False
6ia7,153,153,11,0.0718954248366013,True,False,False
4xx3,339,339,9,0.02654867256637168,True,True,False
2hwi,559,559,8,0.014311270125223614,True,True,False
3qar,834,834,7,0.008393285371702638,True,False,False
1dwd,244,244,9,0.036885245901639344,False,True,False
3zpu,198,198,15,0.07575757575757576,True,True,True
2v2q,269,269,5,0.01858736059479554,True,False,True
5am6,295,295,4,0.013559322033898305,True,False,True
3zmi,174,174,5,0.028735632183908046,True,True,False
3a5y,607,607,28,0.04612850082372323,True,True,True
5u49,464,464,4,0.008620689655172414,True,True,True
4e4n,291,291,3,0.010309278350515464,True,False,True
5wuu,124,124,7,0.056451612903225805,True,True,False
4dew,458,458,9,0.019650655021834062,True,True,True
5eou,352,352,12,0.03409090909090909,True,True,False
3rsx,375,375,4,0.010666666666666666,True,True,True
3gfe,352,352,10,0.028409090909090908,True,True,False
6gf3,858,858,5,0.005827505827505828,True,True,False
3uo5,267,267,7,0.026217228464419477,True,True,False
5n0d,260,260,9,0.03461538461538462,True,True,True
1flm,244,244,25,0.10245901639344263,True,True,False
5tuy,530,530,7,0.013207547169811321,True,True,False
2cng,297,297,11,0.037037037037037035,False,False,False
6o48,198,198,20,0.10101010101010101,True,True,True
4g0z,147,147,6,0.04081632653061224,True,False,True
3b2t,1150,1150,8,0.006956521739130435,True,True,False
4nwm,261,261,11,0.0421455938697318,True,False,False
3s0o,293,293,5,0.017064846416382253,True,True,False
2i6a,343,343,9,0.026239067055393587,True,True,False
2ogz,1454,1454,21,0.014442916093535076,True,True,False
5zk8,369,369,9,0.024390243902439025,True,True,False
3l8s,334,334,5,0.014970059880239521,True,True,False
3mzc,257,257,5,0.019455252918287938,True,True,True
5iu6,474,474,4,0.008438818565400843,True,False,False
4x2i,126,126,8,0.06349206349206349,True,True,False
4dfn,269,269,8,0.02973977695167286,True,True,False
2pnc,1244,1244,4,0.003215434083601286,True,True,False
4w9n,634,634,6,0.00946372239747634,True,True,False
2a4g,370,370,13,0.03513513513513514,True,True,False
4h71,222,222,3,0.013513513513513514,False,True,False
5nsp,209,209,12,0.05741626794258373,True,True,False
4uiu,101,101,4,0.039603960396039604,True,True,False
3ked,866,866,4,0.004618937644341801,True,True,False
2bjm,920,920,5,0.005434782608695652,True,True,False
3o3j,180,180,4,0.022222222222222223,True,False,False
6eq6,154,154,7,0.045454545454545456,True,True,False
3zm5,454,454,11,0.024229074889867842,True,True,False
4ap7,290,290,8,0.027586206896551724,False,True,True
4lww,942,942,19,0.020169851380042462,True,False,False
4gk3,275,275,6,0.02181818181818182,True,False,False
3d4q,264,264,8,0.030303030303030304,True,True,False
5tpx,106,106,8,0.07547169811320754,True,True,True
3pcf,2598,2598,52,0.020015396458814474,True,True,True
5os0,264,264,4,0.015151515151515152,True,True,False
6qge,138,138,7,0.050724637681159424,True,True,True
6fui,219,219,8,0.0365296803652968,False,True,True
4d2p,639,639,22,0.03442879499217527,True,True,False
5w10,336,336,16,0.047619047619047616,True,True,False
1qf1,316,316,7,0.022151898734177215,True,True,True
4ede,133,133,6,0.045112781954887216,True,True,False
4avw,208,208,6,0.028846153846153848,True,True,False
2x52,340,340,42,0.12352941176470589,True,True,False
3ohh,770,770,33,0.04285714285714286,False,True,False
6cck,957,957,13,0.013584117032392894,True,True,False
6gfz,329,329,6,0.0182370820668693,True,True,True
3h26,526,526,8,0.015209125475285171,True,False,False
5gjf,298,298,9,0.030201342281879196,True,True,False
1eed,320,320,17,0.053125,False,True,False
3ryz,258,258,6,0.023255813953488372,True,True,True
3zs1,569,569,0,0.0,True,False,False
1soj,745,745,10,0.013422818791946308,True,False,False
1ynd,164,164,13,0.07926829268292683,True,True,False
5ork,647,647,7,0.010819165378670788,True,True,True
1xh4,334,334,13,0.038922155688622756,True,True,True
6dq6,298,298,6,0.020134228187919462,True,True,False
5hcx,298,298,6,0.020134228187919462,True,True,False
6oah,686,686,10,0.014577259475218658,True,True,False
5gn7,528,528,5,0.00946969696969697,True,True,False
5vih,547,547,9,0.016453382084095063,True,True,True
5std,492,492,32,0.06504065040650407,True,True,True
2zxg,866,866,8,0.009237875288683603,True,True,True
5cuq,257,257,7,0.027237354085603113,True,True,False
5n17,129,129,7,0.05426356589147287,True,True,True
1pbq,540,540,14,0.025925925925925925,True,True,True
5o11,268,268,8,0.029850746268656716,True,True,False
3eka,996,996,2,0.002008032128514056,True,True,False
6ety,696,696,8,0.011494252873563218,True,True,False
3p8n,182,182,12,0.06593406593406594,True,True,True
5orv,264,264,1,0.003787878787878788,True,True,True
2vwz,274,274,7,0.025547445255474453,True,True,False
6hlx,491,491,13,0.026476578411405296,True,True,True
3fc1,334,334,7,0.020958083832335328,False,True,False
3veu,380,380,16,0.042105263157894736,True,True,False
5nu3,119,119,12,0.10084033613445378,True,False,False
5l98,116,116,6,0.05172413793103448,True,True,False
2j3q,534,534,3,0.0056179775280898875,False,True,False
3wd1,497,497,9,0.018108651911468814,True,True,False
1vgc,226,226,6,0.02654867256637168,True,True,False
5e7n,123,123,7,0.056910569105691054,True,True,True
4pp9,246,246,10,0.04065040650406504,True,False,False
5lt9,234,234,7,0.029914529914529916,True,True,False
5tca,228,228,7,0.03070175438596491,True,True,False
4qvm,652,652,8,0.012269938650306749,True,True,False
4ocp,345,345,11,0.03188405797101449,True,True,False
4dr9,182,182,7,0.038461538461538464,True,True,False
2q8z,651,651,30,0.04608294930875576,True,True,True
6rtn,489,489,11,0.022494887525562373,True,False,False
6f1w,284,284,8,0.028169014084507043,True,True,False
5nat,220,220,5,0.022727272727272728,False,True,False
5lsy,246,246,14,0.056910569105691054,True,True,False
5c3k,106,106,5,0.04716981132075472,True,True,False
6qlq,138,138,7,0.050724637681159424,True,True,True
4qjr,244,244,14,0.05737704918032787,True,True,False
2qi1,198,198,18,0.09090909090909091,True,True,True
5v5n,294,294,7,0.023809523809523808,True,True,False
4ovh,728,728,4,0.005494505494505495,True,True,True
4d7b,464,464,9,0.01939655172413793,True,True,True
2f2h,4638,4638,74,0.015955153083225527,True,True,True
3n9r,594,594,15,0.025252525252525252,True,True,True
6ezg,532,532,7,0.013157894736842105,True,False,False
5gof,390,390,12,0.03076923076923077,True,False,True
2w0d,159,159,5,0.031446540880503145,False,True,False
1ets,246,246,6,0.024390243902439025,False,True,False
6j5l,282,282,7,0.024822695035460994,True,False,False
4ie0,441,441,5,0.011337868480725623,False,True,False
3rw9,564,564,16,0.028368794326241134,True,True,False
4m3d,384,384,11,0.028645833333333332,True,True,False
5nbw,430,430,9,0.020930232558139535,True,True,True
4ag8,296,296,11,0.037162162162162164,True,False,True
1sbr,350,350,12,0.03428571428571429,True,True,False
4idt,669,669,12,0.017937219730941704,True,False,False
2jdu,456,456,5,0.010964912280701754,True,True,True
1dif,198,198,16,0.08080808080808081,True,True,True
4u0i,297,297,13,0.04377104377104377,True,True,False
5xmp,884,884,16,0.01809954751131222,True,False,False
3f7u,237,237,5,0.02109704641350211,False,True,False
4enx,266,266,8,0.03007518796992481,True,True,False
2wxg,835,835,11,0.013173652694610778,True,True,False
4j4n,123,123,6,0.04878048780487805,True,False,False
6fne,350,350,3,0.008571428571428572,True,True,False
6gdg,264,264,6,0.022727272727272728,True,True,False
2zfp,242,242,4,0.01652892561983471,False,True,True
5c20,181,181,10,0.055248618784530384,True,True,False
3fts,607,607,10,0.016474464579901153,True,True,False
5mih,484,484,12,0.024793388429752067,True,True,False
1zoe,650,650,2,0.003076923076923077,True,False,True
3t84,257,257,7,0.027237354085603113,True,True,True
2g24,329,329,9,0.02735562310030395,True,True,False
4izy,322,322,7,0.021739130434782608,True,True,False
3ga5,305,305,13,0.04262295081967213,True,True,True
3jsw,656,656,12,0.018292682926829267,True,True,False
5dyo,423,423,4,0.009456264775413711,True,True,True
4uwl,543,543,9,0.016574585635359115,True,False,False
2f14,257,257,5,0.019455252918287938,True,True,False
6q6o,226,226,13,0.05752212389380531,True,True,False
3rpv,294,294,9,0.030612244897959183,True,True,False
4loh,368,368,14,0.03804347826086957,True,False,True
2xn5,376,376,7,0.018617021276595744,False,True,True
4ylk,341,341,8,0.02346041055718475,True,False,False
5zo8,331,331,8,0.02416918429003021,True,True,True
5av0,275,275,7,0.025454545454545455,True,True,False
2fvd,284,284,9,0.03169014084507042,True,True,True
5f94,346,346,6,0.017341040462427744,True,True,False
5exw,381,381,15,0.03937007874015748,True,True,True
4o55,278,278,3,0.01079136690647482,True,False,False
5t1t,283,283,4,0.014134275618374558,False,True,False
2pqj,233,233,3,0.012875536480686695,True,False,False
2xck,550,550,8,0.014545454545454545,True,True,False
2xm8,530,530,7,0.013207547169811321,True,True,False
2hz0,265,265,14,0.052830188679245285,False,True,False
6fil,287,287,9,0.0313588850174216,True,False,False
5laq,337,337,4,0.011869436201780416,True,False,True
4tim,498,498,9,0.018072289156626505,True,True,True
4kqq,520,520,13,0.025,True,True,False
1pbk,116,116,10,0.08620689655172414,True,True,False
4qmw,286,286,7,0.024475524475524476,True,False,False
4li7,201,201,7,0.03482587064676617,True,True,False
6d1i,229,229,4,0.017467248908296942,True,True,True
2qd9,330,330,8,0.024242424242424242,True,False,False
3g8i,254,254,8,0.031496062992125984,True,True,False
4yve,783,783,15,0.019157088122605363,True,True,False
6q8b,834,834,7,0.008393285371702638,True,True,False
4bi6,510,510,8,0.01568627450980392,True,True,True
6g98,472,472,18,0.038135593220338986,False,True,True
3t8v,889,889,13,0.014623172103487065,True,True,True
1lhg,240,240,11,0.04583333333333333,False,True,False
6cwi,165,165,14,0.08484848484848485,True,True,False
5m4i,331,331,10,0.030211480362537766,True,True,False
6cpa,307,307,8,0.026058631921824105,True,True,True
4ie4,438,438,6,0.0136986301369863,True,True,False
6br3,216,216,9,0.041666666666666664,True,True,False
4u5s,426,426,17,0.03990610328638498,True,True,True
6nfi,243,243,8,0.03292181069958848,True,False,False
1s89,912,912,45,0.049342105263157895,True,True,True
3jrs,174,174,8,0.04597701149425287,True,True,True
5jcb,862,862,10,0.01160092807424594,True,False,False
6gvh,913,913,9,0.009857612267250822,True,True,False
5ykp,305,305,5,0.01639344262295082,True,True,False
4av0,158,158,11,0.06962025316455696,True,True,False
2cgw,262,262,5,0.019083969465648856,True,True,False
5tq4,290,290,4,0.013793103448275862,True,False,False
6ow2,191,191,9,0.04712041884816754,True,True,False
4nxv,330,330,10,0.030303030303030304,True,False,True
5i40,102,102,4,0.0392156862745098,True,False,False
3t1l,138,138,3,0.021739130434782608,True,True,False
5aly,546,546,8,0.014652014652014652,True,False,False
5twx,114,114,4,0.03508771929824561,True,True,False
2hu6,158,158,7,0.04430379746835443,True,True,True
2qc6,326,326,9,0.027607361963190184,True,True,False
1il5,264,264,5,0.01893939393939394,True,True,False
5m0d,775,775,7,0.00903225806451613,True,True,False
6f4x,466,466,8,0.017167381974248927,True,False,False
5n1z,246,246,5,0.02032520325203252,True,True,True
6mo7,114,114,10,0.08771929824561403,True,True,False
5y0x,136,136,10,0.07352941176470588,True,True,False
5v42,268,268,10,0.03731343283582089,True,True,False
1t32,220,220,12,0.05454545454545454,False,True,True
6bfd,393,393,13,0.03307888040712468,True,True,False
6nlj,468,468,3,0.00641025641025641,True,True,False
4i0s,267,267,6,0.02247191011235955,True,False,False
5y6k,649,649,6,0.009244992295839754,True,True,False
4n9a,716,716,4,0.00558659217877095,True,False,True
5v83,364,364,10,0.027472527472527472,True,True,False
2iog,486,486,14,0.02880658436213992,True,False,False
6g9m,341,341,5,0.01466275659824047,True,True,False
3bm9,207,207,7,0.033816425120772944,True,True,False
3zyu,127,127,9,0.07086614173228346,True,True,True
2eg7,684,684,9,0.013157894736842105,True,True,False
6b97,343,343,5,0.014577259475218658,True,True,True
6gjm,165,165,7,0.04242424242424243,True,True,True
1c4v,244,244,9,0.036885245901639344,False,True,False
4eyj,338,338,12,0.03550295857988166,True,True,False
2q1q,257,257,5,0.019455252918287938,True,True,True
5bns,634,634,19,0.02996845425867508,True,True,False
5dp9,181,181,11,0.06077348066298342,True,True,False
3kqo,525,525,8,0.015238095238095238,True,False,False
4o6e,328,328,7,0.021341463414634148,True,True,False
4i1c,378,378,9,0.023809523809523808,True,False,False
2xab,209,209,10,0.04784688995215311,False,True,True
3gs6,322,322,7,0.021739130434782608,True,True,True
4qdk,438,438,16,0.0365296803652968,True,True,True
1bwn,654,654,20,0.03058103975535168,True,True,False
2r59,610,610,11,0.018032786885245903,True,True,True
4at3,289,289,6,0.020761245674740483,True,True,False
3kqc,279,279,11,0.03942652329749104,False,True,False
4xnw,346,346,12,0.03468208092485549,True,True,False
6hm6,260,260,5,0.019230769230769232,True,True,False
1g2m,283,283,6,0.02120141342756184,False,True,False
5f3t,585,585,6,0.010256410256410256,True,True,False
4rx9,268,268,8,0.029850746268656716,True,True,False
2hoc,258,258,9,0.03488372093023256,True,True,True
4yqv,474,474,10,0.02109704641350211,True,True,False
2vba,808,808,8,0.009900990099009901,True,True,True
4dpi,373,373,13,0.03485254691689008,True,True,False
4rlw,600,600,7,0.011666666666666667,True,True,True
3h9f,1040,1040,4,0.0038461538461538464,True,True,False
3tfp,284,284,11,0.03873239436619718,True,True,True
4j1k,368,368,5,0.01358695652173913,True,True,False
1pzj,515,515,18,0.03495145631067961,True,True,False
4cws,207,207,8,0.03864734299516908,True,True,True
2q96,263,263,4,0.015209125475285171,True,True,False
5mkj,211,211,10,0.04739336492890995,True,True,False
5lpl,119,119,10,0.08403361344537816,True,False,False
5ayt,460,460,9,0.01956521739130435,True,True,True
6ott,1488,1488,2,0.0013440860215053765,True,True,False
2jdm,456,456,11,0.02412280701754386,True,True,True
5ngu,339,339,5,0.014749262536873156,True,False,False
3v4t,1672,1672,56,0.03349282296650718,True,True,True
3jyj,113,113,5,0.04424778761061947,True,True,False
2uw8,354,354,6,0.01694915254237288,True,True,False
2fxv,380,380,25,0.06578947368421052,True,True,True
6bo6,986,986,8,0.008113590263691683,True,True,False
4o9v,227,227,7,0.030837004405286344,False,True,True
6n93,520,520,20,0.038461538461538464,True,True,False
3dng,163,163,9,0.05521472392638037,True,True,False
4euv,286,286,5,0.017482517482517484,True,True,False
4v0i,759,759,9,0.011857707509881422,True,True,False
3zya,346,346,11,0.031791907514450865,True,True,False
4w4y,350,350,10,0.02857142857142857,True,True,False
1pb9,281,281,5,0.017793594306049824,True,True,True
4k7o,162,162,7,0.043209876543209874,True,True,True
5var,108,108,5,0.046296296296296294,True,True,True
3q6z,185,185,12,0.06486486486486487,True,True,True
1fj4,806,806,14,0.017369727047146403,True,True,False
6d1h,229,229,3,0.013100436681222707,True,True,True
5win,274,274,7,0.025547445255474453,True,True,True
1uto,220,220,2,0.00909090909090909,False,True,True
5wys,539,539,7,0.012987012987012988,True,True,False
5ou2,660,660,7,0.010606060606060607,True,False,False
5ccm,423,423,8,0.018912529550827423,True,True,False
4bnv,944,944,10,0.01059322033898305,True,True,False
1a61,241,241,13,0.05394190871369295,False,True,False
4uct,636,636,7,0.0110062893081761,True,True,False
2vcg,743,743,14,0.018842530282637954,True,True,False
3d4y,1016,1016,5,0.004921259842519685,True,True,True
6boe,600,600,4,0.006666666666666667,True,False,False
3anq,342,342,8,0.023391812865497075,True,True,False
5b5p,167,167,8,0.04790419161676647,True,False,False
5kup,265,265,11,0.04150943396226415,True,True,False
4hrd,648,648,11,0.016975308641975308,True,True,False
1upf,896,896,17,0.018973214285714284,True,True,True
5gut,794,794,14,0.017632241813602016,True,True,False
4kln,2706,2706,48,0.017738359201773836,True,True,False
3fei,246,246,8,0.032520325203252036,True,True,False
6e4t,519,519,9,0.017341040462427744,True,False,False
3h0v,297,297,2,0.006734006734006734,True,True,False
3prz,844,844,8,0.009478672985781991,True,False,False
6bsk,273,273,10,0.03663003663003663,True,True,False
2xxr,497,497,15,0.030181086519114688,True,True,True
5w0i,114,114,10,0.08771929824561403,True,True,False
4bao,279,279,16,0.05734767025089606,False,True,True
4wki,214,214,4,0.018691588785046728,True,True,False
4xbo,454,454,16,0.03524229074889868,True,True,False
4yhq,198,198,11,0.05555555555555555,True,True,False
4puj,734,734,10,0.013623978201634877,True,False,False
6bmv,483,483,6,0.012422360248447204,True,True,False
3kac,113,113,6,0.05309734513274336,True,False,False
2hha,1456,1456,19,0.01304945054945055,True,True,False
5jh6,288,288,7,0.024305555555555556,True,True,False
2o65,274,274,6,0.021897810218978103,True,True,False
4nrk,1525,1525,27,0.017704918032786884,True,True,False
6g9k,343,343,12,0.03498542274052478,True,True,False
1cw2,1302,1302,13,0.009984639016897081,True,True,False
4j7e,86,86,7,0.08139534883720931,True,True,True
1yet,213,213,12,0.056338028169014086,True,True,True
2c5x,554,554,5,0.009025270758122744,True,True,False
1bxo,323,323,9,0.02786377708978328,True,True,True
6ma1,697,697,5,0.007173601147776184,True,True,False
3l9h,331,331,7,0.021148036253776436,True,True,False
5htl,278,278,25,0.08992805755395683,True,True,True
3l5d,386,386,6,0.015544041450777202,True,True,False
5lkr,528,528,4,0.007575757575757576,False,True,False
2o0u,331,331,9,0.027190332326283987,True,True,True
3co9,562,562,8,0.014234875444839857,True,True,False
4meq,127,127,6,0.047244094488188976,True,True,False
2jt5,161,161,8,0.049689440993788817,True,True,False
2haw,615,615,6,0.00975609756097561,True,True,True
5km1,227,227,7,0.030837004405286344,True,False,False
3iue,566,566,17,0.030035335689045935,True,True,True
6jfk,428,428,14,0.03271028037383177,True,False,True
3krr,291,291,10,0.03436426116838488,True,True,False
1b6m,194,194,15,0.07731958762886598,True,True,False
2yjx,207,207,9,0.043478260869565216,True,False,False
6d4s,662,662,3,0.004531722054380665,True,True,False
5ehv,258,258,4,0.015503875968992248,True,True,True
5aqk,488,488,12,0.02459016393442623,True,False,False
4ir5,116,116,8,0.06896551724137931,True,True,False
3b3c,291,291,3,0.010309278350515464,True,True,True
3dyo,4044,4044,63,0.015578635014836795,True,True,True
5obj,260,260,7,0.026923076923076925,True,True,False
3ncz,778,778,15,0.019280205655526992,True,True,False
5lom,241,241,10,0.04149377593360996,True,True,True
1i9o,258,258,7,0.027131782945736434,True,True,False
1ksn,279,279,9,0.03225806451612903,False,True,True
2jbj,1374,1374,6,0.004366812227074236,True,True,False
3pb9,309,309,4,0.012944983818770227,True,True,True
4djx,390,390,6,0.015384615384615385,True,True,True
4oo9,407,407,10,0.02457002457002457,True,True,False
2rcu,1254,1254,23,0.018341307814992026,False,True,False
2j9h,418,418,13,0.03110047846889952,True,True,False
5qj2,568,568,5,0.008802816901408451,True,False,False
3tjd,284,284,8,0.028169014084507043,True,True,False
4kqp,230,230,6,0.02608695652173913,True,True,True
4bj9,207,207,10,0.04830917874396135,True,True,False
5xvk,261,261,5,0.019157088122605363,True,False,False
5ndd,567,567,6,0.010582010582010581,True,False,False
4glw,556,556,12,0.02158273381294964,True,True,False
2b55,276,276,11,0.03985507246376811,True,False,False
4bie,257,257,10,0.038910505836575876,True,False,False
2c0o,433,433,13,0.03002309468822171,True,True,False
2clo,1298,1298,14,0.01078582434514638,False,True,False
4gw8,273,273,7,0.02564102564102564,True,True,False
5nvy,329,329,7,0.02127659574468085,True,True,False
6odz,259,259,11,0.04247104247104247,True,True,True
5ugg,246,246,8,0.032520325203252036,True,True,False
5i89,115,115,8,0.06956521739130435,True,True,False
4a9i,226,226,15,0.06637168141592921,True,True,False
2k0x,86,86,2,0.023255813953488372,True,True,False
5y8y,133,133,4,0.03007518796992481,True,True,True
4z2i,498,498,14,0.028112449799196786,True,True,False
2wxk,835,835,10,0.011976047904191617,True,True,False
6hgz,327,327,10,0.03058103975535168,True,True,False
6eux,225,225,6,0.02666666666666667,True,False,True
3q3t,327,327,9,0.027522935779816515,False,True,False
4g0c,257,257,4,0.01556420233463035,True,True,False
4w9h,326,326,7,0.02147239263803681,True,True,True
3haw,94,94,7,0.07446808510638298,True,True,False
1z1r,194,194,12,0.061855670103092786,True,True,False
3vd7,4044,4044,24,0.005934718100890208,True,True,False
5tuo,441,441,9,0.02040816326530612,True,True,True
6stl,298,298,6,0.020134228187919462,True,True,True
6nwl,249,249,9,0.03614457831325301,True,True,True
5nyz,501,501,7,0.013972055888223553,True,True,False
3r7q,837,837,9,0.010752688172043012,True,True,False
6pg7,305,305,5,0.01639344262295082,True,False,True
2cnf,297,297,11,0.037037037037037035,False,False,False
1j14,220,220,5,0.022727272727272728,False,True,True
4x8s,286,286,4,0.013986013986013986,False,True,False
2c5n,554,554,5,0.009025270758122744,True,True,False
3ppk,262,262,10,0.03816793893129771,True,True,False
4eg6,1039,1039,9,0.008662175168431183,True,False,False
3ex6,514,514,12,0.023346303501945526,True,True,False
2znt,255,255,10,0.0392156862745098,True,True,False
5u2c,120,120,4,0.03333333333333333,True,True,False
3sut,504,504,7,0.013888888888888888,True,True,True
5ku6,244,244,3,0.012295081967213115,False,True,False
3svv,261,261,9,0.034482758620689655,True,True,False
4mh7,248,248,5,0.020161290322580645,True,True,False
4nrp,211,211,3,0.014218009478672985,True,True,False
4ufe,242,242,11,0.045454545454545456,False,True,False
4n4s,342,342,12,0.03508771929824561,True,True,False
4j52,293,293,8,0.027303754266211604,True,True,False
5j1w,338,338,5,0.014792899408284023,True,True,False
1qw7,670,670,2,0.0029850746268656717,True,True,False
3p50,1555,1555,25,0.01607717041800643,True,True,False
2b7d,474,474,12,0.02531645569620253,False,False,True
5sz3,257,257,3,0.011673151750972763,True,True,True
1f57,307,307,1,0.003257328990228013,True,True,True
1ec2,198,198,21,0.10606060606060606,True,True,True
3zlq,961,961,12,0.012486992715920915,True,True,False
4g1f,724,724,7,0.009668508287292817,True,True,False
3hv5,339,339,14,0.04129793510324484,True,True,False
1koj,1112,1112,22,0.019784172661870502,True,True,True
6faa,637,637,11,0.01726844583987441,True,True,True
4nan,416,416,2,0.004807692307692308,True,False,False
6rln,266,266,9,0.03383458646616541,True,False,False
1qxy,249,249,5,0.020080321285140562,True,True,False
5obg,414,414,10,0.024154589371980676,True,True,True
4hki,208,208,7,0.03365384615384615,True,True,False
1rhj,432,432,14,0.032407407407407406,False,True,False
4mx9,459,459,8,0.017429193899782137,True,True,False
3c6u,962,962,8,0.008316008316008316,True,False,False
4hlw,244,244,3,0.012295081967213115,True,False,False
1lqf,1148,1148,46,0.04006968641114982,True,True,False
2vts,282,282,10,0.03546099290780142,True,True,False
3n49,686,686,9,0.013119533527696793,True,True,False
4qwu,652,652,8,0.012269938650306749,True,True,False
5zdg,248,248,9,0.036290322580645164,True,True,False
5lud,165,165,3,0.01818181818181818,True,True,True
3gtc,358,358,3,0.008379888268156424,True,False,True
5i5z,611,611,7,0.011456628477905073,True,True,False
5ur5,348,348,10,0.028735632183908046,True,True,False
3v3l,81,81,9,0.1111111111111111,True,True,False
1oq5,256,256,5,0.01953125,True,True,False
6au9,712,712,6,0.008426966292134831,True,True,False
2k62,125,125,10,0.08,True,True,False
1rhm,432,432,14,0.032407407407407406,False,True,False
6cef,100,100,5,0.05,True,True,False
3f07,366,366,5,0.01366120218579235,True,True,False
3o9c,198,198,17,0.08585858585858586,True,True,False
4fse,387,387,7,0.01808785529715762,True,True,False
5bui,338,338,7,0.020710059171597635,True,False,False
1hpx,198,198,10,0.050505050505050504,True,True,True
4rad,808,808,52,0.06435643564356436,True,True,False
4m5i,159,159,8,0.050314465408805034,True,False,False
4xoc,158,158,8,0.05063291139240506,True,True,True
1bmn,243,243,8,0.03292181069958848,False,True,False
5emj,1250,1250,7,0.0056,True,True,False
1tow,131,131,7,0.05343511450381679,True,True,False
1f4e,526,526,8,0.015209125475285171,True,True,True
3kbz,1273,1273,33,0.025923016496465043,True,True,False
6phz,691,691,13,0.01881331403762663,True,True,False
4nnr,102,102,9,0.08823529411764706,True,True,True
1ai4,763,763,5,0.00655307994757536,True,True,True
3qkd,140,140,13,0.09285714285714286,True,True,True
1vjd,416,416,9,0.021634615384615384,True,True,False
2wij,4216,4216,6,0.0014231499051233396,True,True,False
5llh,257,257,5,0.019455252918287938,True,True,True
6njj,334,334,9,0.02694610778443114,True,True,False
4aci,353,353,12,0.0339943342776204,True,True,True
1rt2,944,944,11,0.011652542372881356,True,True,False
4i06,918,918,18,0.0196078431372549,True,False,False
5t1w,371,371,8,0.0215633423180593,True,True,False
3g3n,318,318,5,0.015723270440251572,True,True,False
5oq6,257,257,5,0.019455252918287938,True,True,False
6dgo,516,516,9,0.01744186046511628,True,True,False
4p5e,136,136,10,0.07352941176470588,True,True,False
2q54,198,198,18,0.09090909090909091,True,True,True
2hmu,1096,1096,21,0.01916058394160584,True,True,True
3mss,264,264,6,0.022727272727272728,True,True,True
3skk,942,942,16,0.016985138004246284,True,False,False
2fw6,1276,1276,11,0.008620689655172414,True,True,True
2y2i,934,934,6,0.006423982869379015,True,True,False
2gm1,328,328,10,0.03048780487804878,False,True,False
2y5f,281,281,5,0.017793594306049824,False,True,True
3chd,395,395,7,0.017721518987341773,True,True,False
2z7r,265,265,9,0.033962264150943396,True,True,False
6agt,1001,1001,15,0.014985014985014986,True,True,False
2a2x,242,242,8,0.03305785123966942,False,True,False
5w3i,180,180,6,0.03333333333333333,True,True,False
1yz3,530,530,10,0.018867924528301886,True,True,False
4msg,211,211,13,0.061611374407582936,True,True,False
4li6,204,204,10,0.049019607843137254,True,True,False
3b3w,291,291,1,0.003436426116838488,True,True,True
5mfs,868,868,4,0.004608294930875576,True,True,False
6ahs,221,221,2,0.00904977375565611,False,True,False
4kfp,940,940,19,0.02021276595744681,True,True,False
5jq7,762,762,9,0.011811023622047244,True,True,False
1idb,198,198,15,0.07575757575757576,True,True,False
3zhx,751,751,7,0.009320905459387484,True,True,True
1efy,350,350,6,0.017142857142857144,True,False,True
4bdg,572,572,6,0.01048951048951049,True,False,False
4jr5,941,941,13,0.01381509032943677,True,True,False
3psd,262,262,8,0.030534351145038167,True,False,False
3iit,280,280,6,0.02142857142857143,False,True,False
6dm8,513,513,19,0.037037037037037035,False,True,False
3krj,304,304,7,0.023026315789473683,True,False,False
2xht,213,213,8,0.03755868544600939,False,True,True
1std,486,486,10,0.0205761316872428,True,True,False
3b1u,1256,1256,8,0.006369426751592357,True,True,False
6qi4,187,187,7,0.0374331550802139,True,False,True
6eee,1023,1023,17,0.016617790811339198,True,True,False
2q8s,507,507,10,0.01972386587771203,True,True,False
5efb,355,355,3,0.008450704225352112,True,True,False
3hyf,143,143,2,0.013986013986013986,True,True,False
5aol,197,197,4,0.02030456852791878,True,True,True
5y1y,124,124,4,0.03225806451612903,True,True,False
1ucn,906,906,15,0.016556291390728478,True,True,True
6qgj,146,146,8,0.0547945205479452,True,True,False
1h01,286,286,6,0.02097902097902098,True,True,False
1gar,399,399,25,0.06265664160401002,False,True,True
6e6m,136,136,8,0.058823529411764705,True,True,True
4n98,717,717,3,0.0041841004184100415,True,True,False
4fqo,178,178,3,0.016853932584269662,True,True,False
3c7p,258,258,7,0.027131782945736434,True,True,False
5ukj,1009,1009,7,0.006937561942517344,True,False,False
4mg9,471,471,12,0.025477707006369428,True,True,False
2y71,414,414,11,0.026570048309178744,True,True,False
6pgx,259,259,15,0.05791505791505792,True,True,False
4rj7,295,295,8,0.02711864406779661,True,True,False
3hnz,822,822,7,0.00851581508515815,True,True,False
1wm1,313,313,6,0.019169329073482427,True,True,True
1jsv,288,288,7,0.024305555555555556,False,True,True
4j22,209,209,7,0.03349282296650718,True,True,True
5zjf,1324,1324,4,0.0030211480362537764,True,True,False
2xne,246,246,3,0.012195121951219513,True,True,False
6r13,288,288,5,0.017361111111111112,True,True,True
5wf3,180,180,4,0.022222222222222223,True,True,False
4b74,1287,1287,24,0.018648018648018648,True,True,True
1bdq,198,198,14,0.0707070707070707,True,False,True
1lyx,492,492,8,0.016260162601626018,True,True,True
4b6u,207,207,2,0.00966183574879227,True,False,False
6di1,271,271,6,0.02214022140221402,True,True,False
2va5,756,756,4,0.005291005291005291,False,False,False
3i9g,427,427,9,0.02107728337236534,False,True,True
6s89,310,310,5,0.016129032258064516,True,False,False
6qe5,270,270,11,0.040740740740740744,True,True,True
6dxx,328,328,10,0.03048780487804878,True,True,False
3shz,297,297,8,0.026936026936026935,True,True,False
5za9,226,226,6,0.02654867256637168,False,True,True
1odi,1404,1404,45,0.03205128205128205,True,True,True
3lk8,158,158,6,0.0379746835443038,True,True,True
5wh5,326,326,5,0.015337423312883436,True,True,False
6gw4,307,307,7,0.02280130293159609,True,True,True
5fbe,220,220,5,0.022727272727272728,False,True,False
5f41,585,585,5,0.008547008547008548,True,True,False
4hrc,648,648,8,0.012345679012345678,True,True,False
4ie6,447,447,8,0.017897091722595078,True,True,False
6cjr,213,213,11,0.051643192488262914,True,True,True
2zof,956,956,17,0.01778242677824268,True,True,False
4mti,94,94,9,0.09574468085106383,True,True,False
1rnm,124,124,4,0.03225806451612903,True,True,True
5d6f,369,369,5,0.013550135501355014,True,True,False
2wxm,822,822,6,0.0072992700729927005,True,True,False
1nd5,1026,1026,25,0.024366471734892786,True,True,False
4deh,286,286,8,0.027972027972027972,True,True,False
3slz,228,228,21,0.09210526315789473,True,True,True
2qm9,271,271,16,0.05904059040590406,True,True,True
3ml2,257,257,6,0.023346303501945526,True,True,True
5nfh,1046,1046,12,0.011472275334608031,True,False,False
6q8a,820,820,11,0.013414634146341463,True,True,False
4rux,257,257,4,0.01556420233463035,True,True,True
3ew2,235,235,16,0.06808510638297872,True,True,False
2xno,251,251,6,0.02390438247011952,True,True,False
4bw1,127,127,12,0.09448818897637795,True,True,False
1wc1,394,394,15,0.03807106598984772,False,True,True
5usz,272,272,9,0.03308823529411765,True,True,False
4q1s,455,455,5,0.01098901098901099,True,True,False
6mdu,229,229,7,0.03056768558951965,True,False,True
1ele,240,240,8,0.03333333333333333,True,True,True
4mjq,727,727,5,0.0068775790921595595,True,True,False
4anm,328,328,8,0.024390243902439025,True,True,False
1hvi,198,198,15,0.07575757575757576,True,True,True
1y6r,466,466,16,0.034334763948497854,True,False,True
4ibi,123,123,5,0.04065040650406504,True,True,True
1f8c,1548,1548,8,0.00516795865633075,False,True,True
5fao,259,259,9,0.03474903474903475,True,True,False
5oa2,435,435,7,0.016091954022988506,True,True,True
4c6x,830,830,11,0.01325301204819277,True,True,False
5wcm,263,263,5,0.019011406844106463,True,True,True
3v0p,585,585,17,0.02905982905982906,True,True,False
2pvn,327,327,9,0.027522935779816515,True,True,False
2zkj,714,714,19,0.02661064425770308,True,True,True
4yho,441,441,7,0.015873015873015872,True,True,True
6b2c,342,342,10,0.029239766081871343,True,True,False
3vje,284,284,14,0.04929577464788732,True,True,True
5ct7,257,257,10,0.038910505836575876,True,False,False
4y62,277,277,11,0.039711191335740074,True,True,False
3s5y,781,781,11,0.014084507042253521,True,True,True
4ibc,123,123,6,0.04878048780487805,True,True,True
5o0a,930,930,17,0.01827956989247312,True,True,False
6hrw,384,384,6,0.015625,True,True,False
1k9s,1422,1422,24,0.016877637130801686,True,True,True
5mqt,459,459,6,0.013071895424836602,True,True,False
4few,260,260,4,0.015384615384615385,True,True,True
6g22,386,386,14,0.03626943005181347,True,True,False
5m7m,759,759,7,0.00922266139657444,True,True,False
5sys,258,258,8,0.031007751937984496,True,True,False
2j7e,436,436,7,0.016055045871559634,True,True,True
5alv,537,537,6,0.0111731843575419,True,False,False
2f9b,474,474,7,0.014767932489451477,False,False,False
4qvw,652,652,8,0.012269938650306749,True,True,False
4gv8,461,461,36,0.07809110629067245,True,True,False
4acu,372,372,7,0.01881720430107527,True,False,False
4x6m,229,229,12,0.05240174672489083,False,False,True
6t1l,142,142,5,0.035211267605633804,True,True,True
3fzn,2092,2092,66,0.03154875717017208,True,True,True
4oas,93,93,5,0.053763440860215055,True,True,False
6jdl,252,252,12,0.047619047619047616,True,True,True
5sz0,257,257,3,0.011673151750972763,True,True,True
4do3,1087,1087,13,0.011959521619135235,True,False,False
1fkg,107,107,7,0.06542056074766354,True,True,True
6skc,219,219,8,0.0365296803652968,False,False,False
6qyk,514,514,6,0.011673151750972763,True,False,False
5mky,101,101,6,0.0594059405940594,True,True,False
5jfr,366,366,4,0.01092896174863388,True,False,False
5j86,416,416,10,0.02403846153846154,True,True,True
3wv3,168,168,5,0.02976190476190476,True,True,False
2b7a,284,284,5,0.017605633802816902,True,False,False
4agn,197,197,4,0.02030456852791878,True,True,True
4p4i,692,692,10,0.014450867052023121,True,True,False
3ksq,718,718,6,0.008356545961002786,True,True,False
5nai,230,230,6,0.02608695652173913,True,False,False
5k13,235,235,12,0.05106382978723404,True,True,False
1m0o,1724,1724,11,0.0063805104408352666,True,True,True
6apz,707,707,4,0.005657708628005658,True,True,False
3exf,1383,1383,20,0.014461315979754157,True,True,False
4yx4,257,257,3,0.011673151750972763,True,True,True
5qik,303,303,9,0.0297029702970297,True,False,False
2uw7,355,355,6,0.016901408450704224,True,False,False
5wg3,618,618,10,0.016181229773462782,True,False,False
2xey,252,252,5,0.01984126984126984,True,False,False
3bxh,501,501,24,0.04790419161676647,True,True,True
6bed,1615,1615,9,0.005572755417956657,True,True,False
6gj5,163,163,6,0.03680981595092025,True,False,False
4tyb,545,545,4,0.007339449541284404,True,True,False
4m3p,1469,1469,21,0.014295439074200136,True,True,True
4k4f,210,210,9,0.04285714285714286,True,True,False
3jqb,993,993,17,0.017119838872104734,True,False,False
5v8q,249,249,5,0.020080321285140562,True,True,False
3fkv,356,356,5,0.014044943820224719,True,True,False
4bhn,256,256,6,0.0234375,True,False,False
3oot,327,327,8,0.024464831804281346,False,True,False
4jlh,276,276,3,0.010869565217391304,True,True,False
4lwc,123,123,5,0.04065040650406504,True,True,False
4ju6,559,559,11,0.01967799642218247,True,True,False
2zas,454,454,11,0.024229074889867842,True,True,False
1njs,200,200,13,0.065,True,True,True
4gsy,191,191,8,0.041884816753926704,True,True,False
1ec0,198,198,23,0.11616161616161616,True,True,True
3zeb,179,179,7,0.03910614525139665,True,True,False
6fo9,239,239,14,0.058577405857740586,True,True,False
6hvr,652,652,15,0.023006134969325152,True,False,False
4rra,272,272,9,0.03308823529411765,True,True,True
4f8j,350,350,6,0.017142857142857144,True,True,False
5eqy,703,703,12,0.017069701280227598,True,True,True
6rfn,333,333,4,0.012012012012012012,True,True,True
6mlo,238,238,5,0.02100840336134454,True,True,True
4ggz,106,106,9,0.08490566037735849,True,True,True
2z92,412,412,10,0.024271844660194174,False,True,False
3mg4,1214,1214,9,0.007413509060955519,False,True,False
1w7g,245,245,6,0.024489795918367346,False,True,True
5yib,328,328,13,0.039634146341463415,True,True,False
3uil,684,684,2,0.0029239766081871343,True,True,True
4whr,1307,1307,31,0.023718439173680182,True,True,False
4mg7,470,470,10,0.02127659574468085,True,True,False
3cft,462,462,4,0.008658008658008658,True,True,True
5aqj,493,493,5,0.010141987829614604,True,False,False
4hdp,198,198,14,0.0707070707070707,True,True,True
4a9c,292,292,7,0.023972602739726026,True,True,False
6np3,268,268,9,0.033582089552238806,True,True,True
3ivg,562,562,10,0.017793594306049824,True,True,True
3dsz,172,172,15,0.0872093023255814,True,True,True
5qa4,241,241,5,0.02074688796680498,True,True,False
5elv,526,526,7,0.013307984790874524,True,True,False
2pyy,641,641,21,0.0327613104524181,True,True,True
4b32,220,220,4,0.01818181818181818,True,True,True
5mtv,379,379,13,0.03430079155672823,True,True,False
5jzs,284,284,6,0.02112676056338028,True,True,False
2os9,452,452,9,0.01991150442477876,True,True,False
4g90,124,124,5,0.04032258064516129,True,True,True
3s72,257,257,5,0.019455252918287938,False,False,True
4alw,273,273,8,0.029304029304029304,True,True,False
4tpp,915,915,20,0.02185792349726776,True,True,False
5hj9,933,933,10,0.010718113612004287,True,False,False
5a54,341,341,5,0.01466275659824047,True,True,False
3le6,283,283,5,0.0176678445229682,True,True,False
3vyf,336,336,11,0.03273809523809524,True,True,False
2uym,331,331,8,0.02416918429003021,True,True,False
3o0u,215,215,4,0.018604651162790697,True,True,False
2y7i,452,452,16,0.035398230088495575,True,True,True
3t8w,3086,3086,77,0.024951393389500972,True,True,False
4ahs,301,301,10,0.03322259136212625,True,True,True
6hbn,333,333,6,0.018018018018018018,True,True,False
6fym,189,189,6,0.031746031746031744,True,True,False
4xm7,510,510,9,0.01764705882352941,True,True,False
5du8,719,719,22,0.030598052851182198,True,True,False
6nad,221,221,7,0.03167420814479638,True,True,False
6f6i,506,506,6,0.011857707509881422,True,True,False
5q1d,230,230,11,0.04782608695652174,True,True,False
3n7h,250,250,11,0.044,True,True,False
4qjp,258,258,6,0.023255813953488372,True,True,False
4mxa,459,459,9,0.0196078431372549,True,True,False
6hmb,328,328,11,0.03353658536585366,True,True,False
4b5w,1523,1523,35,0.02298095863427446,True,True,True
6ic2,258,258,6,0.023255813953488372,True,True,True
3mg7,1214,1214,11,0.009060955518945634,False,True,False
4ty9,544,544,2,0.003676470588235294,True,True,False
3art,570,570,12,0.021052631578947368,True,True,False
5g2b,333,333,7,0.021021021021021023,True,True,True
3su2,198,198,13,0.06565656565656566,True,True,True
5ti6,127,127,6,0.047244094488188976,True,True,False
5ezz,380,380,8,0.021052631578947368,False,True,False
6i0r,303,303,6,0.019801980198019802,True,True,False
5hu9,266,266,15,0.05639097744360902,True,True,True
6qas,272,272,8,0.029411764705882353,True,True,True
4yzm,260,260,5,0.019230769230769232,True,True,False
5fl0,668,668,9,0.01347305389221557,True,True,False
4e6q,296,296,3,0.010135135135135136,True,False,True
5oh9,106,106,5,0.04716981132075472,True,True,True
4gkh,248,248,5,0.020161290322580645,True,True,True
2vtm,290,290,6,0.020689655172413793,True,True,False
1lox,647,647,11,0.017001545595054096,True,True,False
1h22,529,529,11,0.020793950850661626,False,True,True
1v2s,220,220,5,0.022727272727272728,False,True,True
3rwq,283,283,7,0.024734982332155476,True,True,False
3l13,841,841,8,0.009512485136741973,True,True,False
6m8c,238,238,9,0.037815126050420166,True,True,False
4at4,292,292,11,0.03767123287671233,True,True,False
4u45,584,584,7,0.011986301369863013,True,False,False
6a04,369,369,12,0.032520325203252036,True,True,False
4okg,299,299,10,0.033444816053511704,True,True,False
1thl,316,316,5,0.015822784810126583,True,False,False
6oa3,500,500,2,0.004,True,False,False
5xiw,865,865,6,0.006936416184971098,True,True,False
2clx,293,293,6,0.020477815699658702,True,False,False
4tyo,113,113,6,0.05309734513274336,True,False,False
4dmw,535,535,8,0.014953271028037384,True,True,True
4iz0,559,559,5,0.008944543828264758,True,True,False
4rz1,329,329,10,0.030395136778115502,False,True,False
3tfn,284,284,9,0.03169014084507042,True,True,True
3rm8,377,377,10,0.026525198938992044,True,False,False
2ha6,1069,1069,10,0.009354536950420954,True,True,True
4dve,184,184,11,0.059782608695652176,True,True,False
3ni5,256,256,5,0.01953125,True,True,True
3vsw,340,340,12,0.03529411764705882,True,True,False
6e4w,361,361,5,0.013850415512465374,True,False,False
4l7g,373,373,8,0.021447721179624665,True,True,False
4d2s,249,249,6,0.024096385542168676,True,False,False
3ogq,224,224,15,0.06696428571428571,True,True,False
1yt9,198,198,13,0.06565656565656566,True,True,False
2aay,427,427,5,0.0117096018735363,True,True,False
6md8,262,262,11,0.04198473282442748,True,False,True
3bhx,1388,1388,6,0.004322766570605188,True,True,False
1yxd,1168,1168,11,0.009417808219178082,True,True,False
6e1a,481,481,7,0.014553014553014554,True,True,False
6c9s,627,627,22,0.03508771929824561,True,True,True
5aen,608,608,8,0.013157894736842105,True,True,False
3t2v,684,684,1,0.0014619883040935672,True,True,False
2vqt,836,836,6,0.007177033492822967,True,True,True
4b81,1068,1068,10,0.009363295880149813,True,True,False
3uph,563,563,7,0.012433392539964476,True,True,False
6bu3,262,262,11,0.04198473282442748,True,False,False
5c8k,300,300,4,0.013333333333333334,True,True,False
4zbi,152,152,7,0.046052631578947366,True,True,True
6cmr,494,494,6,0.012145748987854251,True,True,False
2wks,1836,1836,75,0.04084967320261438,True,True,False
1t13,1450,1450,31,0.021379310344827585,False,True,False
5wa7,180,180,4,0.022222222222222223,True,True,False
5e8w,303,303,8,0.026402640264026403,True,True,False
6j06,187,187,9,0.0481283422459893,True,True,False
4jpa,331,331,9,0.027190332326283987,True,True,False
4kmz,203,203,14,0.06896551724137931,True,False,True
4g8l,307,307,9,0.029315960912052116,True,False,False
6nrj,240,240,7,0.029166666666666667,True,False,False
2x0y,1169,1169,10,0.00855431993156544,True,True,True
5u6b,270,270,8,0.02962962962962963,True,True,False
6qwa,268,268,9,0.033582089552238806,True,True,False
6fa4,172,172,6,0.03488372093023256,True,True,True
6nvi,270,270,5,0.018518518518518517,True,True,False
2fj0,530,530,12,0.022641509433962263,True,True,False
5cal,300,300,7,0.023333333333333334,True,True,False
3opm,1460,1460,17,0.011643835616438357,True,True,False
5kxi,721,721,4,0.005547850208044383,True,True,False
2gfs,344,344,6,0.01744186046511628,True,True,False
2wnj,1063,1063,29,0.027281279397930385,True,True,True
4pyq,426,426,11,0.025821596244131457,True,True,False
3qel,1053,1053,18,0.017094017094017096,True,True,False
4mw4,1054,1054,8,0.007590132827324478,True,True,False
2gd8,257,257,10,0.038910505836575876,True,True,False
5qcm,229,229,9,0.039301310043668124,False,True,False
3lm1,532,532,20,0.03759398496240601,True,True,False
3qnd,552,552,15,0.02717391304347826,True,True,False
5g10,746,746,13,0.01742627345844504,True,True,False
6e3m,177,177,2,0.011299435028248588,True,True,False
3p8h,313,313,4,0.012779552715654952,True,True,False
1pf8,298,298,7,0.02348993288590604,True,False,False
4c4i,253,253,7,0.02766798418972332,True,True,False
1y2g,137,137,5,0.0364963503649635,True,True,False
5ef8,357,357,3,0.008403361344537815,True,False,False
6hx8,859,859,8,0.009313154831199068,True,True,False
1kqb,432,432,7,0.016203703703703703,True,True,False
6cf7,801,801,5,0.006242197253433208,False,True,False
5nea,257,257,8,0.0311284046692607,True,True,True
5l3a,290,290,5,0.017241379310344827,True,False,True
2p4i,252,252,12,0.047619047619047616,True,True,False
6eab,889,889,8,0.008998875140607425,True,True,False
3t3v,453,453,8,0.017660044150110375,True,True,False
4jps,1226,1226,7,0.005709624796084829,True,True,False
3vha,215,215,9,0.04186046511627907,True,True,True
3nq9,162,162,6,0.037037037037037035,True,True,True
5jf7,202,202,4,0.019801980198019802,True,True,False
4cqg,313,313,7,0.022364217252396165,True,True,False
6a73,290,290,3,0.010344827586206896,True,True,False
6c5q,277,277,16,0.05776173285198556,True,True,False
4h4d,309,309,7,0.022653721682847898,True,True,False
4osf,342,342,15,0.043859649122807015,True,True,False
5wgp,257,257,8,0.0311284046692607,True,True,True
4gtm,723,723,8,0.011065006915629323,True,True,False
3i73,512,512,9,0.017578125,True,True,True
4hlm,208,208,8,0.038461538461538464,True,True,False
5a8x,209,209,5,0.023923444976076555,False,True,False
2ama,243,243,9,0.037037037037037035,True,True,False
4g3f,312,312,9,0.028846153846153848,True,True,False
1g48,258,258,6,0.023255813953488372,True,True,True
4qws,648,648,10,0.015432098765432098,True,True,False
3lpb,278,278,11,0.039568345323741004,True,True,False
5tks,229,229,8,0.034934497816593885,False,False,False
5cf6,285,285,7,0.02456140350877193,True,True,False
2g2r,428,428,7,0.016355140186915886,False,True,False
5dxt,879,879,8,0.009101251422070534,True,True,True
5qaf,241,241,2,0.008298755186721992,True,True,False
2ooz,342,342,11,0.03216374269005848,True,True,False
3ozg,910,910,59,0.06483516483516484,True,False,True
4yvc,780,780,9,0.011538461538461539,True,True,False
5yhg,507,507,9,0.01775147928994083,True,False,True
2x96,598,598,12,0.020066889632107024,True,False,True
4jrg,84,84,6,0.07142857142857142,True,True,False
6ciy,125,125,7,0.056,True,True,False
4vgc,226,226,3,0.01327433628318584,True,True,False
3dt1,356,356,9,0.025280898876404494,True,True,False
1uv6,1025,1025,2,0.001951219512195122,True,True,True
2qcm,512,512,10,0.01953125,True,True,False
2c6m,290,290,9,0.03103448275862069,True,True,False
5v2l,321,321,9,0.028037383177570093,True,True,False
3ezv,277,277,8,0.02888086642599278,True,False,False
3qcq,276,276,4,0.014492753623188406,True,False,False
1fq7,326,326,16,0.049079754601226995,False,False,False
3my1,566,566,6,0.01060070671378092,True,True,False
2wu6,350,350,5,0.014285714285714285,True,True,False
4zjw,219,219,7,0.0319634703196347,True,True,False
3ibu,258,258,6,0.023255813953488372,True,True,True
4aa5,340,340,11,0.03235294117647059,True,True,False
1lq2,602,602,8,0.013289036544850499,True,True,False
3gf2,282,282,2,0.0070921985815602835,True,True,False
5ehq,538,538,9,0.016728624535315983,True,True,True
3lf0,312,312,22,0.07051282051282051,True,True,False
4wq2,346,346,7,0.02023121387283237,True,False,False
3ivc,575,575,17,0.029565217391304348,False,True,True
6miv,809,809,23,0.02843016069221261,True,True,False
1ppc,220,220,8,0.03636363636363636,False,True,True
5jqb,381,381,5,0.013123359580052493,True,True,False
5nxi,259,259,6,0.023166023166023165,True,True,True
2p3b,197,197,14,0.07106598984771574,True,True,True
5etk,159,159,9,0.05660377358490566,True,False,False
5u7l,339,339,7,0.02064896755162242,True,True,False
3d50,1016,1016,6,0.005905511811023622,True,True,True
1zxc,259,259,8,0.03088803088803089,True,True,False
2bq7,279,279,5,0.017921146953405017,False,True,True
2mov,105,105,4,0.0380952380952381,True,True,False
1xlx,322,322,3,0.009316770186335404,True,True,False
4hw3,150,150,7,0.04666666666666667,True,True,True
4b0b,339,339,13,0.038348082595870206,True,True,True
4ztl,280,280,9,0.03214285714285714,False,True,False
6rtw,401,401,10,0.02493765586034913,True,True,True
3zxe,132,132,6,0.045454545454545456,True,True,False
4lm5,264,264,9,0.03409090909090909,True,True,False
4cu1,808,808,19,0.023514851485148515,True,True,False
4byi,254,254,5,0.01968503937007874,True,False,False
6gu6,358,358,8,0.0223463687150838,True,True,False
5wap,180,180,4,0.022222222222222223,False,True,False
5j5d,594,594,5,0.008417508417508417,True,True,False
4wn1,324,324,6,0.018518518518518517,True,True,False
4txs,544,544,1,0.001838235294117647,True,True,False
6n82,682,682,12,0.017595307917888565,True,True,False
6p12,281,281,10,0.03558718861209965,True,True,False
1yyr,705,705,11,0.015602836879432624,True,True,False
5tmn,632,632,9,0.014240506329113924,True,True,True
3fl8,166,166,12,0.07228915662650602,True,True,False
4x8g,606,606,5,0.00825082508250825,True,True,False
6ugo,257,257,11,0.042801556420233464,True,True,False
6eo9,241,241,4,0.016597510373443983,False,True,False
3wgw,744,744,16,0.021505376344086023,True,True,False
3unz,263,263,9,0.034220532319391636,True,True,False
1jlr,940,940,22,0.023404255319148935,True,True,True
2xvn,309,309,5,0.016181229773462782,True,True,False
3gcu,676,676,30,0.04437869822485207,True,True,True
1r1i,696,696,11,0.015804597701149427,True,True,False
4kp8,520,520,9,0.01730769230769231,True,True,True
2cni,300,300,16,0.05333333333333334,False,True,False
6pf5,285,285,7,0.02456140350877193,True,False,False
5tbp,822,822,41,0.049878345498783457,True,True,False
6b5j,263,263,8,0.030418250950570342,True,True,False
3nw7,297,297,8,0.026936026936026935,True,False,False
6arn,150,150,7,0.04666666666666667,True,True,True
5jog,221,221,4,0.01809954751131222,True,True,False
3o86,351,351,6,0.017094017094017096,True,True,False
6e0q,178,178,2,0.011235955056179775,True,True,False
2fs8,896,896,51,0.056919642857142856,False,True,False
2xv1,283,283,8,0.028268551236749116,True,True,False
4zum,682,682,8,0.011730205278592375,True,True,False
1wdy,285,285,12,0.042105263157894736,True,True,False
5hz5,134,134,11,0.08208955223880597,True,False,True
5mi9,385,385,9,0.023376623376623377,True,False,False
4eky,1618,1618,14,0.00865265760197775,True,True,False
5k0f,219,219,6,0.0273972602739726,True,False,False
2x91,595,595,8,0.013445378151260505,True,True,True
5vdt,360,360,13,0.03611111111111111,True,False,False
1wss,554,554,11,0.019855595667870037,False,True,False
1uvs,233,233,7,0.030042918454935622,False,True,False
4xm8,500,500,7,0.014,True,True,False
2br6,240,240,1,0.004166666666666667,True,True,False
6e6w,174,174,3,0.017241379310344827,True,False,False
4g0q,147,147,10,0.06802721088435375,True,False,True
3d67,401,401,6,0.014962593516209476,True,True,False
6hkx,643,643,11,0.017107309486780714,True,True,False
4e4a,257,257,3,0.011673151750972763,True,True,False
5y9l,221,221,7,0.03167420814479638,False,True,False
4qmt,284,284,12,0.04225352112676056,True,True,False
5his,298,298,2,0.006711409395973154,True,True,True
5swh,258,258,6,0.023255813953488372,True,True,False
1eas,229,229,8,0.034934497816593885,False,True,False
2xd6,428,428,6,0.014018691588785047,True,True,False
5w2p,828,828,7,0.008454106280193236,True,True,False
2ohp,377,377,5,0.013262599469496022,True,False,False
5nze,387,387,9,0.023255813953488372,True,True,True
5zdp,527,527,16,0.030360531309297913,True,True,False
1yhs,267,267,12,0.0449438202247191,True,True,False
2o4n,198,198,12,0.06060606060606061,True,True,True
4zvi,357,357,4,0.011204481792717087,True,False,True
2g8n,258,258,9,0.03488372093023256,True,True,False
6dhu,437,437,8,0.018306636155606407,True,True,False
1v2j,220,220,5,0.022727272727272728,False,True,True
3fuz,256,256,7,0.02734375,True,True,True
4qtc,330,330,11,0.03333333333333333,True,False,False
2f3k,198,198,5,0.025252525252525252,True,True,False
1x8t,427,427,17,0.03981264637002342,True,True,True
3m6q,181,181,9,0.049723756906077346,True,True,False
6qmt,222,222,10,0.04504504504504504,False,True,False
3eyl,202,202,19,0.09405940594059406,True,True,False
4o1b,940,940,26,0.027659574468085105,True,True,False
6a94,370,370,4,0.010810810810810811,True,True,False
5a3q,994,994,5,0.005030181086519115,False,True,False
6mg5,420,420,6,0.014285714285714285,False,True,True
6r1k,104,104,7,0.0673076923076923,True,True,False
3bc3,214,214,13,0.06074766355140187,True,True,False
2c6g,1358,1358,5,0.003681885125184094,True,True,False
3wka,1092,1092,6,0.005494505494505495,True,True,False
4eh9,334,334,4,0.011976047904191617,True,True,False
4j1c,371,371,4,0.01078167115902965,True,True,False
4c4e,256,256,5,0.01953125,True,False,False
3lox,370,370,11,0.02972972972972973,True,True,False
2zdm,220,220,10,0.045454545454545456,False,True,True
3tia,1552,1552,32,0.020618556701030927,True,True,False
5ntk,225,225,12,0.05333333333333334,True,True,False
5hwu,268,268,7,0.026119402985074626,True,True,True
3cgy,133,133,6,0.045112781954887216,True,True,False
5ubt,911,911,7,0.007683863885839737,True,True,False
3bjc,311,311,6,0.01929260450160772,True,True,False
1syi,518,518,17,0.032818532818532815,True,True,True
4np9,129,129,4,0.031007751937984496,False,True,True
4mhy,324,324,3,0.009259259259259259,True,True,True
2xib,437,437,7,0.016018306636155607,True,True,True
1j37,598,598,4,0.006688963210702341,True,True,True
4e3j,351,351,10,0.02849002849002849,True,False,False
2bro,272,272,4,0.014705882352941176,True,False,False
3tvx,334,334,5,0.014970059880239521,True,True,False
3iok,285,285,6,0.021052631578947368,True,True,False
5z7j,527,527,22,0.04174573055028463,True,True,True
5oq4,834,834,4,0.004796163069544364,True,True,False
1ce5,220,220,4,0.01818181818181818,False,True,False
1dar,619,619,9,0.014539579967689823,False,True,True
1y3y,220,220,7,0.031818181818181815,False,True,False
3pn1,318,318,8,0.025157232704402517,True,True,True
1qyg,425,425,6,0.01411764705882353,False,True,True
2uuo,429,429,7,0.016317016317016316,False,True,False
3qkl,317,317,10,0.031545741324921134,True,False,False
5yu9,302,302,9,0.029801324503311258,True,True,False
2aw1,257,257,7,0.027237354085603113,True,True,False
4b5t,1506,1506,13,0.008632138114209827,True,True,True
6e7u,718,718,10,0.013927576601671309,True,True,True
2c69,292,292,6,0.02054794520547945,True,True,False
3acl,288,288,8,0.027777777777777776,True,True,True
5a3r,993,993,4,0.004028197381671702,True,True,False
2csm,490,490,1,0.0020408163265306124,True,True,False
5yij,1183,1183,10,0.0084530853761623,True,False,False
3l4x,863,863,5,0.005793742757821553,True,True,True
5vfm,242,242,2,0.008264462809917356,True,True,False
5jgi,154,154,6,0.03896103896103896,True,True,True
1bux,900,900,15,0.016666666666666666,True,True,False
6eln,207,207,9,0.043478260869565216,True,False,True
3pcu,211,211,12,0.05687203791469194,True,True,False
6jwa,327,327,4,0.012232415902140673,True,True,False
1f4g,519,519,30,0.057803468208092484,True,True,True
6hhg,386,386,9,0.023316062176165803,True,True,False
3lfn,285,285,12,0.042105263157894736,True,False,False
1v2v,220,220,5,0.022727272727272728,False,True,False
3srb,709,709,7,0.009873060648801129,True,True,False
3nef,182,182,8,0.04395604395604396,True,True,False
4euo,313,313,6,0.019169329073482427,True,True,True
4dea,266,266,9,0.03383458646616541,True,True,False
4bsq,219,219,7,0.0319634703196347,True,True,False
6ckx,530,530,9,0.016981132075471698,True,True,False
2p3a,196,196,16,0.08163265306122448,True,True,True
6f5w,688,688,51,0.07412790697674419,True,True,False
1p19,371,371,22,0.05929919137466307,True,True,True
4jyv,286,286,5,0.017482517482517484,False,True,False
6q7a,228,228,10,0.043859649122807015,True,True,False
6qmr,222,222,10,0.04504504504504504,False,True,False
3chs,610,610,7,0.011475409836065573,True,True,False
2w6c,528,528,7,0.013257575757575758,True,True,False
6djd,438,438,7,0.01598173515981735,True,True,False
4w9s,200,200,7,0.035,True,False,False
1ogx,252,252,8,0.031746031746031744,True,True,True
6g2a,361,361,12,0.0332409972299169,True,True,False
2yg2,163,163,2,0.012269938650306749,False,True,False
4xmo,289,289,8,0.02768166089965398,True,True,False
4u03,389,389,12,0.030848329048843187,True,True,False
5v3x,270,270,9,0.03333333333333333,True,True,False
5fnr,289,289,6,0.020761245674740483,True,True,True
1noi,1648,1648,17,0.010315533980582525,False,True,False
6qwi,896,896,13,0.014508928571428572,True,True,False
2c6e,251,251,9,0.035856573705179286,True,True,False
3gkz,233,233,8,0.034334763948497854,True,True,True
5hlb,733,733,8,0.010914051841746248,True,True,False
6h2t,288,288,5,0.017361111111111112,True,True,True
4bks,326,326,7,0.02147239263803681,True,True,True
5h0e,446,446,13,0.02914798206278027,True,True,False
4djw,390,390,8,0.020512820512820513,True,True,True
4jzr,204,204,6,0.029411764705882353,True,True,False
5jf5,202,202,6,0.0297029702970297,True,True,False
5j6n,418,418,10,0.023923444976076555,True,True,True
1w1v,994,994,14,0.014084507042253521,False,True,False
1utj,219,219,2,0.0091324200913242,False,True,True
1utz,954,954,17,0.01781970649895178,True,True,False
1mqg,518,518,12,0.023166023166023165,True,True,False
4eh8,336,336,15,0.044642857142857144,True,True,False
3mxe,198,198,12,0.06060606060606061,True,True,True
5d6j,704,704,15,0.02130681818181818,True,True,True
5tiu,266,266,7,0.02631578947368421,True,False,False
6qfu,256,256,5,0.01953125,True,False,False
3lzz,322,322,8,0.024844720496894408,True,False,True
4li8,199,199,10,0.05025125628140704,True,True,False
5er2,320,320,15,0.046875,False,False,True
3tkm,270,270,7,0.025925925925925925,True,True,False
3std,486,486,36,0.07407407407407407,False,True,True
4u70,304,304,7,0.023026315789473683,True,True,True
2qhd,244,244,11,0.045081967213114756,True,True,False
4zam,265,265,12,0.045283018867924525,True,True,False
1nvr,264,264,9,0.03409090909090909,True,True,True
3jrx,496,496,8,0.016129032258064516,True,True,True
4mep,127,127,6,0.047244094488188976,True,True,False
2v3d,496,496,6,0.012096774193548387,False,True,True
2c6n,612,612,5,0.008169934640522876,True,True,False
5ywg,735,735,6,0.00816326530612245,True,True,False
2xtn,208,208,14,0.0673076923076923,True,False,False
5e5g,914,914,25,0.02735229759299781,True,False,False
4lyw,127,127,10,0.07874015748031496,True,False,True
5mf6,282,282,2,0.0070921985815602835,True,True,False
5g5f,438,438,6,0.0136986301369863,True,True,True
5ml8,143,143,14,0.0979020979020979,True,True,False
4o0t,292,292,9,0.030821917808219176,True,True,False
1qon,540,540,7,0.012962962962962963,True,True,False
6c7i,342,342,6,0.017543859649122806,True,True,False
4jik,256,256,6,0.0234375,False,True,False
4fyo,267,267,10,0.03745318352059925,True,True,False
6jib,587,587,27,0.04599659284497445,True,True,False
6ayt,458,458,5,0.010917030567685589,True,False,True
3eyh,285,285,7,0.02456140350877193,True,False,False
1u71,186,186,6,0.03225806451612903,True,True,True
6es0,288,288,10,0.034722222222222224,True,True,False
5wqj,287,287,10,0.03484320557491289,True,True,False
4j8t,128,128,9,0.0703125,True,True,False
4hnp,1275,1275,11,0.008627450980392156,True,True,False
4yha,446,446,6,0.013452914798206279,True,True,True
1gfy,296,296,8,0.02702702702702703,True,True,True
2p7a,223,223,5,0.02242152466367713,True,True,True
2zsc,492,492,17,0.034552845528455285,False,True,False
5aqu,496,496,8,0.016129032258064516,True,True,False
3py1,302,302,9,0.029801324503311258,True,False,False
5v0n,371,371,16,0.0431266846361186,True,True,True
3ahn,564,564,12,0.02127659574468085,True,True,True
1duv,999,999,45,0.04504504504504504,True,True,True
3k8c,606,606,15,0.024752475247524754,True,True,True
3ft5,414,414,6,0.014492753623188406,True,True,False
6orr,271,271,17,0.06273062730627306,True,True,True
2b1i,1180,1180,49,0.04152542372881356,True,True,True
5h08,282,282,8,0.028368794326241134,True,True,False
3er3,320,320,12,0.0375,False,False,False
5wl0,482,482,9,0.01867219917012448,True,False,True
5osl,328,328,11,0.03353658536585366,True,True,True
2v3e,498,498,9,0.018072289156626505,True,True,False
4jln,466,466,16,0.034334763948497854,True,True,False
1bmk,351,351,5,0.014245014245014245,True,True,False
5bue,329,329,10,0.030395136778115502,True,False,False
1tv6,946,946,10,0.010570824524312896,True,True,False
3u92,1016,1016,13,0.012795275590551181,True,True,True
4tn2,561,561,10,0.017825311942959002,True,True,False
6qxd,574,574,6,0.010452961672473868,True,True,False
1lhu,350,350,9,0.025714285714285714,True,True,True
5xig,964,964,13,0.013485477178423237,True,True,False
3u6a,374,374,8,0.0213903743315508,True,True,False
3lzb,265,265,11,0.04150943396226415,True,True,False
5gvl,884,884,16,0.01809954751131222,True,False,False
3v8s,792,792,13,0.016414141414141416,True,False,False
3cj5,562,562,8,0.014234875444839857,True,True,True
5fwa,678,678,13,0.019174041297935103,True,True,False
5hh5,266,266,3,0.011278195488721804,True,True,False
3qgw,240,240,9,0.0375,True,True,True
1ai6,752,752,6,0.007978723404255319,True,True,False
5h13,361,361,6,0.01662049861495845,True,True,False
4u0e,1254,1254,7,0.005582137161084529,True,False,False
1t4e,192,192,15,0.078125,True,True,False
4f7j,594,594,7,0.011784511784511785,True,True,False
5ix0,369,369,6,0.016260162601626018,True,True,True
6e7x,721,721,11,0.015256588072122053,True,True,False
3qkk,326,326,11,0.03374233128834356,True,True,False
4a22,658,658,13,0.019756838905775075,True,True,False
5uoy,321,321,11,0.03426791277258567,True,True,False
3ioc,547,547,14,0.025594149908592323,True,True,True
1heg,198,198,5,0.025252525252525252,True,True,False
2wji,160,160,13,0.08125,True,False,False
5ets,157,157,10,0.06369426751592357,True,False,False
3oxz,268,268,10,0.03731343283582089,True,True,False
5uiu,286,286,9,0.03146853146853147,True,True,False
2yem,221,221,14,0.06334841628959276,True,True,False
1bji,1540,1540,9,0.005844155844155844,False,True,False
1gpn,529,529,7,0.013232514177693762,True,True,True
4ih3,664,664,10,0.015060240963855422,True,True,True
4oar,241,241,9,0.03734439834024896,True,True,False
3nhi,295,295,11,0.03728813559322034,True,True,True
5jgd,295,295,5,0.01694915254237288,True,True,False
1gzg,2608,2608,16,0.006134969325153374,True,True,False
5ggl,155,155,4,0.025806451612903226,True,True,False
6g9h,343,343,10,0.029154518950437316,True,True,False
4lm2,330,330,6,0.01818181818181818,True,True,True
1tok,790,790,9,0.01139240506329114,True,True,False
4llp,330,330,4,0.012121212121212121,True,True,True
5hn8,655,655,19,0.02900763358778626,True,True,False
4tk5,201,201,8,0.03980099502487562,True,True,False
1jje,220,220,5,0.022727272727272728,True,True,False
3dux,240,240,6,0.025,False,True,False
4wno,272,272,10,0.03676470588235294,True,False,False
6cyi,229,229,7,0.03056768558951965,True,True,False
5myr,386,386,8,0.02072538860103627,True,True,False
4rao,805,805,53,0.06583850931677018,True,True,False
3w2p,308,308,9,0.02922077922077922,True,True,False
4j21,209,209,5,0.023923444976076555,True,True,True
4acd,702,702,15,0.021367521367521368,False,True,False
4gmy,298,298,5,0.016778523489932886,True,True,False
6hq3,218,218,9,0.04128440366972477,True,True,False
4ajo,1320,1320,49,0.037121212121212124,False,True,False
4um1,400,400,7,0.0175,True,True,False
3o96,367,367,9,0.02452316076294278,True,False,False
5i13,181,181,7,0.03867403314917127,True,True,False
5vcz,294,294,8,0.027210884353741496,True,True,True
6im6,648,648,13,0.020061728395061727,True,True,False
3ert,494,494,12,0.024291497975708502,False,True,False
4qfs,786,786,7,0.008905852417302799,True,True,False
5i29,139,139,6,0.04316546762589928,True,False,True
2va6,754,754,6,0.007957559681697613,False,True,False
3d9z,257,257,3,0.011673151750972763,True,True,True
4pms,283,283,11,0.038869257950530034,True,True,False
4cpq,198,198,14,0.0707070707070707,True,True,False
4uj2,355,355,7,0.01971830985915493,True,True,True
4m8y,200,200,16,0.08,True,True,True
6ayq,457,457,5,0.010940919037199124,True,False,True
2m3z,55,55,11,0.2,True,True,False
4no6,638,638,10,0.01567398119122257,True,True,False
4d8a,526,526,9,0.017110266159695818,True,True,False
2wvt,877,877,11,0.012542759407069556,True,True,True
2q8i,924,924,9,0.00974025974025974,True,True,False
4cfm,554,554,7,0.01263537906137184,True,False,False
6i11,484,484,8,0.01652892561983471,True,True,True
6suo,228,228,10,0.043859649122807015,True,False,False
3h2f,538,538,9,0.016728624535315983,True,False,False
4pvt,231,231,4,0.017316017316017316,True,True,False
4lqg,1384,1384,9,0.006502890173410405,True,True,False
1bmq,255,255,10,0.0392156862745098,True,True,False
3u4i,247,247,10,0.04048582995951417,True,True,False
6n6o,254,254,3,0.011811023622047244,True,False,False
4n1z,666,666,8,0.012012012012012012,True,True,False
5fsc,678,678,40,0.058997050147492625,True,True,True
3lkz,262,262,12,0.04580152671755725,True,True,False
2xgm,512,512,3,0.005859375,True,True,False
3tcy,277,277,9,0.032490974729241874,True,True,False
6nv7,371,371,15,0.04043126684636118,True,True,True
5hvt,342,342,24,0.07017543859649122,True,True,True
2ole,1454,1454,11,0.007565337001375516,True,True,True
3ejr,1016,1016,6,0.005905511811023622,True,True,True
1fq8,326,326,13,0.03987730061349693,False,True,False
1uyg,209,209,7,0.03349282296650718,False,False,False
5q0m,223,223,6,0.026905829596412557,True,True,False
3s2v,511,511,14,0.0273972602739726,True,True,True
5alm,546,546,5,0.009157509157509158,True,True,False
2c3l,265,265,4,0.01509433962264151,True,False,True
3mwu,447,447,9,0.020134228187919462,True,True,False
5jn8,244,244,3,0.012295081967213115,False,True,False
4ebv,262,262,6,0.022900763358778626,True,False,False
6hsh,404,404,3,0.007425742574257425,True,True,True
6e6v,179,179,2,0.0111731843575419,True,True,False
3jzk,93,93,6,0.06451612903225806,True,True,False
6cdl,198,198,14,0.0707070707070707,True,True,True
3ggj,850,850,21,0.024705882352941175,True,False,False
3aqt,379,379,15,0.0395778364116095,True,True,True
3frz,562,562,12,0.021352313167259787,True,True,False
2r9w,358,358,12,0.0335195530726257,False,True,True
6au2,210,210,6,0.02857142857142857,True,True,False
3k3h,642,642,7,0.010903426791277258,False,True,False
1gww,287,287,9,0.0313588850174216,True,True,False
3ad8,1653,1653,5,0.0030248033877797943,True,False,False
4gk2,265,265,8,0.03018867924528302,True,False,False
1qf2,316,316,9,0.028481012658227847,True,True,True
2zcs,284,284,15,0.0528169014084507,True,True,True
2i3v,259,259,7,0.02702702702702703,True,True,False
4na8,229,229,10,0.043668122270742356,False,True,False
5go2,88,88,6,0.06818181818181818,True,True,False
4bcf,559,559,7,0.012522361359570662,True,True,False
3udd,204,204,8,0.0392156862745098,True,True,True
5kbi,403,403,14,0.034739454094292806,True,True,False
4uvx,208,208,7,0.03365384615384615,True,True,False
6q9u,86,86,3,0.03488372093023256,True,True,False
2fl5,421,421,4,0.009501187648456057,False,True,False
4oex,297,297,8,0.026936026936026935,True,True,False
4zwy,257,257,7,0.027237354085603113,True,True,False
4zyu,200,200,6,0.03,True,False,False
3ex3,514,514,28,0.054474708171206226,True,True,False
2ay8,782,782,11,0.014066496163682864,True,True,False
1bdr,198,198,15,0.07575757575757576,True,False,False
2ovy,305,305,6,0.019672131147540985,True,True,True
5ggk,153,153,6,0.0392156862745098,True,True,False
5e2n,258,258,4,0.015503875968992248,True,True,False
3vhc,216,216,10,0.046296296296296294,True,True,True
1qxz,247,247,3,0.012145748987854251,False,True,False
5l01,283,283,9,0.03180212014134275,True,True,False
6ndl,323,323,18,0.05572755417956656,True,True,True
4uvu,208,208,8,0.038461538461538464,True,True,False
2xaf,799,799,3,0.0037546933667083854,True,True,False
6hly,320,320,8,0.025,True,True,True
5e8r,665,665,10,0.015037593984962405,True,False,False
6i8z,261,261,10,0.038314176245210725,True,True,False
6bbv,289,289,7,0.02422145328719723,True,False,False
5xgh,993,993,7,0.007049345417925478,True,True,False
3l4w,863,863,5,0.005793742757821553,True,True,True
7upj,198,198,10,0.050505050505050504,True,True,True
1xhy,518,518,6,0.011583011583011582,True,True,True
5fnu,288,288,11,0.03819444444444445,True,True,True
6h4y,337,337,6,0.017804154302670624,True,True,False
5t2i,820,820,7,0.00853658536585366,True,True,False
5nxx,265,265,2,0.007547169811320755,True,True,False
1n3i,786,786,20,0.02544529262086514,True,False,True
4dfu,289,289,8,0.02768166089965398,True,True,False
4kbc,288,288,8,0.027777777777777776,True,False,False
4heg,198,198,10,0.050505050505050504,True,True,True
2uup,439,439,8,0.018223234624145785,False,True,False
4tn4,884,884,9,0.010180995475113122,True,False,False
3u8l,1013,1013,39,0.0384995064165844,True,True,True
6dy7,304,304,5,0.01644736842105263,True,False,True
3rsr,1220,1220,9,0.007377049180327869,True,True,False
5czb,555,555,11,0.01981981981981982,True,True,False
3nsq,784,784,4,0.00510204081632653,True,True,False
5bve,330,330,9,0.02727272727272727,True,True,False
5g46,246,246,4,0.016260162601626018,True,True,True
4cbt,349,349,3,0.008595988538681949,True,True,False
1ros,159,159,7,0.0440251572327044,True,True,False
4z0q,258,258,5,0.01937984496124031,True,True,True
6peb,937,937,19,0.020277481323372464,True,True,False
4xu1,263,263,15,0.057034220532319393,True,True,True
4kmu,3646,3646,8,0.0021941854086670325,True,True,False
4iaw,180,180,11,0.06111111111111111,True,True,False
3srv,262,262,10,0.03816793893129771,True,True,False
5eje,214,214,20,0.09345794392523364,True,True,False
4pox,255,255,10,0.0392156862745098,True,True,True
5bnr,618,618,9,0.014563106796116505,True,True,False
5fxr,300,300,4,0.013333333333333334,True,True,False
3daz,257,257,4,0.01556420233463035,True,True,True
1q4x,239,239,15,0.06276150627615062,True,True,False
4wrb,342,342,10,0.029239766081871343,True,True,True
5chk,484,484,12,0.024793388429752067,True,True,True
1u1w,557,557,20,0.03590664272890485,True,True,True
6rpg,234,234,15,0.0641025641025641,True,True,False
4gg7,278,278,3,0.01079136690647482,True,True,True
5cls,369,369,8,0.02168021680216802,True,True,False
5ap3,253,253,5,0.019762845849802372,True,True,False
1hyz,284,284,1,0.0035211267605633804,True,True,False
4kiw,1672,1672,81,0.04844497607655503,True,True,False
2c1q,492,492,12,0.024390243902439025,True,True,False
1moq,732,732,8,0.01092896174863388,True,True,True
5oaj,411,411,2,0.004866180048661801,True,False,True
6ay3,115,115,7,0.06086956521739131,True,False,False
4hww,942,942,16,0.016985138004246284,True,False,False
5myg,115,115,7,0.06086956521739131,True,True,False
6g5u,258,258,4,0.015503875968992248,True,True,True
3wav,801,801,6,0.00749063670411985,True,True,False
5lyy,371,371,10,0.026954177897574125,True,True,False
2fmb,208,208,6,0.028846153846153848,True,True,True
3cgo,332,332,5,0.015060240963855422,True,True,False
2oqi,1452,1452,6,0.004132231404958678,True,True,False
4mre,150,150,3,0.02,True,True,True
5q1h,229,229,14,0.0611353711790393,True,False,False
1nlj,215,215,10,0.046511627906976744,True,True,False
4x5r,158,158,9,0.056962025316455694,True,True,True
5vqs,954,954,11,0.011530398322851153,True,True,False
3kc1,1272,1272,36,0.02830188679245283,True,True,False
3pcb,2598,2598,56,0.02155504234026174,True,True,False
5ald,546,546,9,0.016483516483516484,True,True,False
4mcd,237,237,3,0.012658227848101266,True,True,False
2f7p,1014,1014,4,0.0039447731755424065,True,True,True
4btu,279,279,6,0.021505376344086023,False,True,False
4dhn,456,456,9,0.019736842105263157,True,True,False
1c4u,243,243,10,0.0411522633744856,False,True,True
1b56,133,133,4,0.03007518796992481,True,True,False
1riw,276,276,11,0.03985507246376811,True,True,False
5mi7,671,671,11,0.01639344262295082,True,True,False
1s19,253,253,10,0.039525691699604744,True,True,True
2qwd,1548,1548,8,0.00516795865633075,False,True,True
3kr4,3090,3090,32,0.010355987055016181,True,True,True
6duh,968,968,12,0.012396694214876033,True,True,False
4jsc,83,83,9,0.10843373493975904,True,True,False
5l6o,267,267,9,0.033707865168539325,True,True,False
4xiq,209,209,11,0.05263157894736842,True,True,True
1xlz,321,321,3,0.009345794392523364,True,True,False
1snk,214,214,8,0.037383177570093455,True,True,False
4usj,2538,2538,9,0.0035460992907801418,True,True,False
6ilz,318,318,8,0.025157232704402517,True,True,False
6u7p,198,198,13,0.06565656565656566,True,False,False
2g0g,542,542,5,0.00922509225092251,True,True,False
6gih,324,324,6,0.018518518518518517,True,False,False
5t1u,380,380,7,0.018421052631578946,True,True,False
5u4f,462,462,6,0.012987012987012988,True,True,False
4au8,276,276,8,0.028985507246376812,True,True,False
6bs4,685,685,12,0.017518248175182483,True,True,True
2wxq,822,822,6,0.0072992700729927005,True,True,False
5fq9,491,491,11,0.02240325865580448,False,True,False
3udm,394,394,8,0.02030456852791878,True,True,False
2zc9,242,242,8,0.03305785123966942,False,True,True
5t6f,165,165,11,0.06666666666666667,True,True,False
1nli,248,248,6,0.024193548387096774,True,False,True
3ubx,809,809,21,0.02595797280593325,True,True,False
4ih7,557,557,5,0.008976660682226212,True,True,True
1pq3,918,918,20,0.02178649237472767,True,False,False
1di9,348,348,2,0.005747126436781609,True,True,False
2r38,198,198,20,0.10101010101010101,True,True,True
4o4r,476,476,7,0.014705882352941176,True,True,False
4nk3,361,361,10,0.027700831024930747,True,True,False
4c8r,768,768,7,0.009114583333333334,True,True,False
2amt,468,468,33,0.07051282051282051,True,True,True
4g8o,1452,1452,6,0.004132231404958678,True,True,False
6c7x,259,259,6,0.023166023166023165,True,True,True
4c73,828,828,12,0.014492753623188406,True,True,False
1z4u,564,564,8,0.014184397163120567,True,True,False
1z9y,256,256,6,0.0234375,True,True,True
5nee,257,257,3,0.011673151750972763,False,True,True
5mte,137,137,7,0.051094890510948905,True,True,False
3b8h,1029,1029,10,0.009718172983479106,True,False,False
3qlm,248,248,9,0.036290322580645164,True,True,True
5l3j,360,360,6,0.016666666666666666,True,False,False
3r88,688,688,6,0.00872093023255814,True,True,True
5eue,898,898,18,0.0200445434298441,True,True,False
3ftw,607,607,6,0.009884678747940691,True,True,False
4ge5,298,298,13,0.0436241610738255,True,True,False
6g47,496,496,9,0.018145161290322582,True,True,False
3tay,163,163,7,0.04294478527607362,True,True,True
5x9p,131,131,2,0.015267175572519083,True,True,False
2boi,452,452,8,0.017699115044247787,True,True,False
5tpg,271,271,5,0.01845018450184502,True,True,False
2j77,436,436,8,0.01834862385321101,True,True,True
6ior,482,482,11,0.022821576763485476,True,True,True
4ibj,124,124,7,0.056451612903225805,True,True,True
5hv1,847,847,9,0.010625737898465172,True,True,False
5j9z,291,291,9,0.030927835051546393,True,True,False
4re2,482,482,8,0.016597510373443983,True,True,True
6keb,438,438,1,0.00228310502283105,True,True,False
2v57,347,347,4,0.011527377521613832,True,True,True
4jx9,193,193,5,0.025906735751295335,True,True,True
6i14,484,484,7,0.014462809917355372,True,True,True
6cfc,506,506,11,0.021739130434782608,True,True,True
5prc,1185,1185,7,0.00590717299578059,True,True,False
3sz9,988,988,16,0.016194331983805668,True,True,False
6sze,550,550,14,0.025454545454545455,True,True,False
5oh2,105,105,4,0.0380952380952381,True,True,True
3qps,404,404,5,0.012376237623762377,True,True,True
2vo5,833,833,7,0.008403361344537815,True,True,True
4kox,159,159,5,0.031446540880503145,True,True,False
6ift,292,292,12,0.0410958904109589,True,True,True
2jbo,296,296,4,0.013513513513513514,False,False,False
2x00,1068,1068,42,0.03932584269662921,True,True,True
3o9g,198,198,17,0.08585858585858586,True,True,False
2ccb,448,448,2,0.004464285714285714,True,True,True
5v7a,266,266,6,0.022556390977443608,True,False,True
3lcv,256,256,9,0.03515625,True,True,False
1cr6,1028,1028,12,0.011673151750972763,True,True,False
3o9l,333,333,4,0.012012012012012012,True,True,False
6jsg,381,381,4,0.010498687664041995,True,True,False
5n93,259,259,10,0.03861003861003861,True,True,True
2yc3,438,438,12,0.0273972602739726,True,True,False
6e1y,299,299,7,0.023411371237458192,True,True,True
6h4q,338,338,6,0.01775147928994083,False,True,False
3c49,357,357,6,0.01680672268907563,True,True,False
6te6,319,319,10,0.03134796238244514,True,True,False
3pj1,241,241,12,0.04979253112033195,True,True,False
3wqh,728,728,7,0.009615384615384616,True,True,False
5jmp,820,820,22,0.026829268292682926,True,True,False
2vwo,271,271,7,0.025830258302583026,False,True,True
2yc5,434,434,9,0.020737327188940093,True,True,False
3kba,244,244,8,0.03278688524590164,False,True,False
3itu,338,338,5,0.014792899408284023,True,False,False
6bc9,257,257,3,0.011673151750972763,True,True,False
4an2,282,282,9,0.031914893617021274,True,True,False
2baj,337,337,7,0.020771513353115726,True,True,True
4bnt,947,947,9,0.009503695881731784,True,False,False
2f3e,374,374,15,0.040106951871657755,False,True,False
5mwg,110,110,3,0.02727272727272727,True,True,False
1a9q,846,846,5,0.00591016548463357,True,False,True
3oct,244,244,8,0.03278688524590164,True,True,False
6qgf,138,138,8,0.057971014492753624,True,True,True
5meh,438,438,4,0.0091324200913242,False,True,True
5vja,266,266,6,0.022556390977443608,True,True,True
3elj,347,347,8,0.023054755043227664,True,False,False
1rhq,432,432,19,0.04398148148148148,False,True,False
2brp,721,721,5,0.006934812760055479,True,True,False
3h06,257,257,9,0.03501945525291829,True,True,False
3byu,256,256,10,0.0390625,True,True,False
1yvf,564,564,5,0.008865248226950355,True,True,False
1mmp,330,330,9,0.02727272727272727,False,True,False
4phu,434,434,9,0.020737327188940093,True,True,True
4e8w,598,598,11,0.01839464882943144,True,True,False
3p58,257,257,1,0.0038910505836575876,True,True,True
5of0,692,692,10,0.014450867052023121,True,True,False
5q0n,229,229,13,0.056768558951965066,True,True,False
6ncn,141,141,8,0.05673758865248227,True,True,True
3nw6,301,301,9,0.029900332225913623,True,False,False
5vjp,351,351,20,0.05698005698005698,True,True,False
1oyt,241,241,7,0.029045643153526972,False,True,True
4us4,433,433,5,0.011547344110854504,True,False,False
4pnk,1026,1026,6,0.005847953216374269,True,False,False
6isd,740,740,9,0.012162162162162163,True,True,False
6hgi,373,373,4,0.010723860589812333,True,True,True
5j7p,342,342,17,0.049707602339181284,True,True,False
5a5s,127,127,9,0.07086614173228346,True,True,False
4aml,339,339,26,0.07669616519174041,True,True,False
2xbp,339,339,5,0.014749262536873156,True,True,True
6bu1,712,712,8,0.011235955056179775,True,True,False
4yzu,284,284,6,0.02112676056338028,False,False,True
2kp8,216,216,11,0.05092592592592592,True,True,False
2i2b,1032,1032,6,0.005813953488372093,True,True,False
6nmb,233,233,4,0.017167381974248927,False,True,True
4ufu,208,208,8,0.038461538461538464,True,True,False
6e9l,332,332,8,0.024096385542168676,True,True,False
3e90,220,220,11,0.05,True,True,False
2vk2,296,296,9,0.030405405405405407,True,True,True
4jls,534,534,38,0.07116104868913857,True,True,False
1wv7,554,554,11,0.019855595667870037,False,False,False
3q5h,327,327,7,0.021406727828746176,False,True,False
5khx,276,276,6,0.021739130434782608,True,False,False
6q3z,124,124,9,0.07258064516129033,True,True,True
5q0v,230,230,14,0.06086956521739131,True,True,False
3amb,360,360,6,0.016666666666666666,True,False,False
4r02,1028,1028,10,0.009727626459143969,True,True,False
5fyx,169,169,5,0.029585798816568046,True,True,True
4bch,560,560,4,0.007142857142857143,True,True,False
4qlv,1263,1263,9,0.007125890736342043,True,True,False
5f1c,698,698,7,0.01002865329512894,True,True,False
2weo,257,257,3,0.011673151750972763,True,True,True
5q1g,224,224,10,0.044642857142857144,True,True,False
5edb,134,134,10,0.07462686567164178,True,True,True
4o0v,290,290,8,0.027586206896551724,True,True,False
2wu7,348,348,10,0.028735632183908046,True,True,False
4b0c,338,338,4,0.011834319526627219,True,False,False
3qcx,276,276,5,0.018115942028985508,True,False,False
5lm6,231,231,7,0.030303030303030304,True,True,False
4cp5,453,453,21,0.046357615894039736,True,True,True
3e62,291,291,3,0.010309278350515464,True,False,False
1aqj,381,381,5,0.013123359580052493,True,True,False
1ezq,278,278,9,0.03237410071942446,False,True,True
3owd,207,207,9,0.043478260869565216,True,True,False
4m5u,200,200,6,0.03,True,False,False
4puz,263,263,3,0.011406844106463879,True,False,False
5hbn,145,145,11,0.07586206896551724,True,True,True
2pri,1660,1660,3,0.0018072289156626507,True,True,False
4qd6,244,244,9,0.036885245901639344,True,False,True
5ha9,702,702,3,0.004273504273504274,True,True,False
3ksl,718,718,5,0.006963788300835654,True,True,False
2uz9,888,888,7,0.007882882882882882,True,False,True
6h52,458,458,5,0.010917030567685589,False,True,False
3znr,368,368,7,0.019021739130434784,True,True,True
2yi7,418,418,6,0.014354066985645933,True,True,True
5lxc,383,383,5,0.013054830287206266,True,True,False
3ms4,1618,1618,16,0.009888751545117428,True,True,False
2yi5,207,207,5,0.024154589371980676,True,True,False
6i76,138,138,8,0.057971014492753624,True,True,False
2bkt,330,330,10,0.030303030303030304,False,True,False
5aqv,493,493,5,0.010141987829614604,True,True,False
1i7z,430,430,7,0.01627906976744186,False,True,True
4frk,369,369,6,0.016260162601626018,True,True,False
5ggz,419,419,18,0.04295942720763723,True,True,False
4hlg,208,208,8,0.038461538461538464,True,True,False
6gjj,165,165,6,0.03636363636363636,True,True,True
2opy,212,212,7,0.0330188679245283,True,False,False
2rkf,198,198,11,0.05555555555555555,True,True,True
1y57,452,452,9,0.01991150442477876,True,True,False
5fbo,255,255,10,0.0392156862745098,False,True,False
6dcz,180,180,2,0.011111111111111112,True,True,False
4xs2,283,283,10,0.0353356890459364,False,True,False
3ej5,257,257,8,0.0311284046692607,True,False,False
1p0y,430,430,8,0.018604651162790697,True,True,False
4ibe,123,123,5,0.04065040650406504,True,True,True
2za5,972,972,34,0.03497942386831276,False,True,True
2qlq,245,245,9,0.036734693877551024,True,True,False
6udt,155,155,10,0.06451612903225806,True,True,True
4gjd,328,328,14,0.042682926829268296,False,True,False
2pqz,198,198,12,0.06060606060606061,True,True,True
4lxz,368,368,4,0.010869565217391304,True,True,True
4oyb,467,467,9,0.019271948608137045,True,True,False
5l9g,325,325,13,0.04,True,True,True
6e91,257,257,4,0.01556420233463035,True,True,False
6ql1,257,257,9,0.03501945525291829,True,True,True
2p3o,258,258,7,0.027131782945736434,True,False,False
1oba,338,338,1,0.0029585798816568047,True,True,True
5n6s,443,443,10,0.022573363431151242,True,True,True
3bc5,263,263,9,0.034220532319391636,True,True,False
5we9,178,178,3,0.016853932584269662,True,True,True
5fxq,302,302,4,0.013245033112582781,True,True,False
2vvt,536,536,13,0.024253731343283583,False,True,False
5vh0,194,194,17,0.08762886597938144,True,True,True
4y67,820,820,20,0.024390243902439025,True,True,False
3str,193,193,8,0.04145077720207254,True,True,True
5ajz,440,440,9,0.020454545454545454,True,False,False
1ui0,192,192,8,0.041666666666666664,True,True,True
1usk,1384,1384,29,0.020953757225433526,False,True,True
6s9w,411,411,11,0.0267639902676399,True,True,False
1g52,258,258,5,0.01937984496124031,True,True,True
4hhz,350,350,10,0.02857142857142857,True,True,False
5ndf,495,495,6,0.012121212121212121,True,True,True
4knb,273,273,5,0.018315018315018316,True,True,False
5f32,342,342,6,0.017543859649122806,False,True,False
5z5v,124,124,5,0.04032258064516129,True,True,False
3vye,335,335,9,0.026865671641791045,True,True,False
6hzu,292,292,8,0.0273972602739726,True,True,False
3kgq,303,303,7,0.0231023102310231,True,True,True
4c9x,308,308,7,0.022727272727272728,True,True,True
4b34,220,220,6,0.02727272727272727,True,True,True
6bdy,326,326,9,0.027607361963190184,True,True,True
1usi,692,692,15,0.02167630057803468,False,True,True
5wio,277,277,4,0.01444043321299639,True,True,False
2w17,278,278,6,0.02158273381294964,True,True,False
4cu7,848,848,6,0.007075471698113208,True,True,True
5fsx,233,233,11,0.04721030042918455,True,True,True
4x5y,468,468,5,0.010683760683760684,False,False,True
4p00,1383,1383,10,0.0072306579898770785,True,False,False
6n3y,225,225,8,0.035555555555555556,True,False,True
3qd0,274,274,7,0.025547445255474453,True,False,False
6bef,1612,1612,8,0.004962779156327543,True,True,False
4m84,464,464,7,0.015086206896551725,True,True,False
5adq,208,208,9,0.04326923076923077,True,True,False
6fbv,2681,2681,11,0.004102946661693398,True,True,False
6sy7,455,455,8,0.017582417582417582,True,True,False
5z5f,1008,1008,4,0.003968253968253968,True,True,True
5est,229,229,10,0.043668122270742356,False,True,False
3abu,644,644,21,0.03260869565217391,True,True,False
3s1h,277,277,7,0.02527075812274368,True,True,False
6r4v,578,578,14,0.02422145328719723,True,True,False
3gfw,253,253,6,0.023715415019762844,True,False,False
1ru1,143,143,4,0.027972027972027972,True,True,False
1fpc,239,239,5,0.02092050209205021,False,True,True
5efa,171,171,8,0.04678362573099415,True,False,True
6eif,343,343,5,0.014577259475218658,True,False,True
4pcs,439,439,6,0.01366742596810934,True,True,True
2nnv,258,258,10,0.03875968992248062,True,True,False
3l4y,863,863,8,0.009269988412514484,True,True,True
2zis,715,715,6,0.008391608391608392,True,True,False
2zvj,212,212,3,0.014150943396226415,True,True,False
5c42,968,968,9,0.009297520661157025,True,True,False
2vta,278,278,1,0.0035971223021582736,True,False,False
6f6s,502,502,7,0.013944223107569721,True,True,False
5l72,858,858,6,0.006993006993006993,True,True,False
5owh,334,334,8,0.023952095808383235,True,True,False
5h1t,172,172,3,0.01744186046511628,True,True,True
2aig,402,402,8,0.01990049751243781,True,False,False
2r3k,280,280,3,0.010714285714285714,False,True,False
4gue,286,286,9,0.03146853146853147,True,True,True
3cso,561,561,7,0.012477718360071301,True,True,False
5znl,323,323,6,0.018575851393188854,True,True,False
4llx,330,330,4,0.012121212121212121,True,True,True
6jio,481,481,6,0.012474012474012475,True,True,False
2yiw,326,326,16,0.049079754601226995,False,True,False
3w2q,307,307,10,0.03257328990228013,True,True,False
3c2u,2149,2149,35,0.016286644951140065,True,True,True
3d1x,198,198,15,0.07575757575757576,True,True,True
3lil,159,159,8,0.050314465408805034,True,True,False
1kav,297,297,8,0.026936026936026935,True,True,True
5u7m,441,441,6,0.013605442176870748,False,False,False
3f8s,728,728,7,0.009615384615384616,True,True,False
4msk,211,211,13,0.061611374407582936,True,True,False
5ew0,228,228,1,0.0043859649122807015,True,True,True
5uuu,414,414,11,0.026570048309178744,True,True,False
