{
  "best_epoch": 163,
  "best_train_metrics": {
    "mse": 0.20954082906246185,
    "rmse": 0.45775631070137024,
    "mae": 0.3087480664253235,
    "ci": 0.8310316986364751,
    "rm2": 0.695063964119655,
    "loss": 0.29336938902351145,
    "reg_loss": 0.20954084141409637,
    "clip_loss": 0.7976888596709772,
    "pcl_loss": 0.040596607373800504
  },
  "best_val_metrics": {
    "mse": 0.23103797435760498,
    "rmse": 0.48066410422325134,
    "mae": 0.308789998292923,
    "ci": 0.827115617731351,
    "rm2": 0.6609828441713014,
    "loss": 0.25848173519461803,
    "reg_loss": 0.2310379821729562,
    "clip_loss": 0.2456898752904423,
    "pcl_loss": 0.028747658534508357
  }
}