{
  "best_epoch": 194,
  "best_train_metrics": {
    "mse": 0.18581008911132812,
    "rmse": 0.431056946516037,
    "mae": 0.2904229462146759,
    "ci": 0.841864210593344,
    "rm2": 0.7305099779392145,
    "loss": 0.3247092972163104,
    "reg_loss": 0.1858100845637041,
    "clip_loss": 1.3335349082054626,
    "pcl_loss": 0.05545719192342306
  },
  "best_val_metrics": {
    "mse": 0.22090622782707214,
    "rmse": 0.47000664472579956,
    "mae": 0.3098282814025879,
    "ci": 0.8283400184561904,
    "rm2": 0.6709843898138711,
    "loss": 0.2764391627793211,
    "reg_loss": 0.2209062073618384,
    "clip_loss": 0.5043350129035566,
    "pcl_loss": 0.05099453648173627
  }
}