{
  "best_epoch": 22,
  "best_train_metrics": {
    "mse": 0.47281134128570557,
    "rmse": 0.687612771987915,
    "mae": 0.4641571342945099,
    "ci": 0.7934756929305097,
    "rm2": 0.3913147339041963,
    "loss": 0.47281133369365125
  },
  "best_val_metrics": {
    "mse": 0.35441991686820984,
    "rmse": 0.5953317880630493,
    "mae": 0.35912415385246277,
    "ci": 0.8453309431458309,
    "rm2": 0.5469678675936593,
    "loss": 0.3544199378860892
  }
}