{
  "best_epoch": 29,
  "best_train_metrics": {
    "mse": 0.41720449924468994,
    "rmse": 0.6459137201309204,
    "mae": 0.4420608580112457,
    "ci": 0.8178217125363358,
    "rm2": 0.45421550289736345,
    "loss": 0.6430828818659642,
    "reg_loss": 0.4172045303686173,
    "clip_loss": 2.2587834860643334
  },
  "best_val_metrics": {
    "mse": 0.3258351683616638,
    "rmse": 0.5708197355270386,
    "mae": 0.38609427213668823,
    "ci": 0.8560023406865779,
    "rm2": 0.5751380915845621,
    "loss": 0.45012803430756626,
    "reg_loss": 0.3258351812067763,
    "clip_loss": 1.2429285085990454
  }
}