{
  "best_epoch": 27,
  "best_train_metrics": {
    "mse": 0.4360103905200958,
    "rmse": 0.6603108048439026,
    "mae": 0.4531448185443878,
    "ci": 0.8123390551915074,
    "rm2": 0.43822166540218366,
    "loss": 0.682877798875173,
    "reg_loss": 0.43601039457838386,
    "clip_loss": 2.2339161280701645,
    "pcl_loss": 0.23475788770307462
  },
  "best_val_metrics": {
    "mse": 0.3597687780857086,
    "rmse": 0.5998072624206543,
    "mae": 0.3719024062156677,
    "ci": 0.8465249172332755,
    "rm2": 0.556743055839295,
    "loss": 0.5005304892304052,
    "reg_loss": 0.35976878156956893,
    "clip_loss": 1.2416331336888702,
    "pcl_loss": 0.1659839257688784
  }
}