{
  "best_epoch": 30,
  "best_train_metrics": {
    "mse": 0.4577137231826782,
    "rmse": 0.6765454411506653,
    "mae": 0.4606662094593048,
    "ci": 0.8089235579139222,
    "rm2": 0.4106898730517673,
    "loss": 0.45771373964431994
  },
  "best_val_metrics": {
    "mse": 0.3785732090473175,
    "rmse": 0.6152830123901367,
    "mae": 0.38774430751800537,
    "ci": 0.8468360659022309,
    "rm2": 0.49120108504908977,
    "loss": 0.37857321102029357
  }
}