{
  "best_epoch": 196,
  "best_train_metrics": {
    "mse": 0.23791204392910004,
    "rmse": 0.4877622723579407,
    "mae": 0.33005085587501526,
    "ci": 0.8161403232706886,
    "rm2": 0.6500736903242749,
    "loss": 0.5073166496383626,
    "reg_loss": 0.23791204796220927,
    "clip_loss": 2.5443735179233977,
    "pcl_loss": 0.1496724531773896
  },
  "best_val_metrics": {
    "mse": 0.2510172426700592,
    "rmse": 0.5010161995887756,
    "mae": 0.32113468647003174,
    "ci": 0.8186540479382521,
    "rm2": 0.6175649431885352,
    "loss": 0.4030376017083578,
    "reg_loss": 0.2510172898143317,
    "clip_loss": 1.3862484973644607,
    "pcl_loss": 0.1339545909367405
  }
}