{
  "best_epoch": 29,
  "best_train_metrics": {
    "mse": 0.48255157470703125,
    "rmse": 0.6946592926979065,
    "mae": 0.46883589029312134,
    "ci": 0.8030767402338851,
    "rm2": 0.386513842798372,
    "loss": 0.7851694734550598,
    "reg_loss": 0.48255160016805,
    "clip_loss": 2.772508175037821,
    "pcl_loss": 0.2536704862877495
  },
  "best_val_metrics": {
    "mse": 0.3921368718147278,
    "rmse": 0.6262083053588867,
    "mae": 0.40245160460472107,
    "ci": 0.8390870497331075,
    "rm2": 0.495562242094426,
    "loss": 0.6885091708512256,
    "reg_loss": 0.3921369059368293,
    "clip_loss": 2.771961136063632,
    "pcl_loss": 0.19176144765410896
  }
}