{
  "best_epoch": 161,
  "best_train_metrics": {
    "mse": 0.20986568927764893,
    "rmse": 0.4581110179424286,
    "mae": 0.2852464020252228,
    "ci": 0.893890198578251,
    "rm2": 0.7354777924641103,
    "loss": 0.3317502973558056,
    "reg_loss": 0.2098657080644554,
    "clip_loss": 0.5256986974446922,
    "pcl_loss": 0.6931471824645996
  },
  "best_val_metrics": {
    "mse": 0.2240041047334671,
    "rmse": 0.47329071164131165,
    "mae": 0.27276700735092163,
    "ci": 0.8830423975419255,
    "rm2": 0.7007531903470101,
    "loss": 0.30777654200013504,
    "reg_loss": 0.22400410054958897,
    "clip_loss": 0.14457722866992087,
    "pcl_loss": 0.6931471824645996
  }
}