{
  "best_epoch": 196,
  "best_train_metrics": {
    "mse": 0.2241654247045517,
    "rmse": 0.4734610915184021,
    "mae": 0.3098852336406708,
    "ci": 0.8880931218374506,
    "rm2": 0.7066479571691128,
    "loss": 0.541853570126972,
    "reg_loss": 0.22416540775736943,
    "clip_loss": 3.0323017135815538,
    "pcl_loss": 0.1445798436903524
  },
  "best_val_metrics": {
    "mse": 0.23875296115875244,
    "rmse": 0.4886235296726227,
    "mae": 0.30426958203315735,
    "ci": 0.8810697856963543,
    "rm2": 0.6967432966803914,
    "loss": 0.4330485584013138,
    "reg_loss": 0.23875296080569358,
    "clip_loss": 1.8287626377796877,
    "pcl_loss": 0.11419329199037104
  }
}