{
  "best_epoch": 188,
  "best_train_metrics": {
    "mse": 0.14554497599601746,
    "rmse": 0.3815035820007324,
    "mae": 0.23582960665225983,
    "ci": 0.9180683033718626,
    "rm2": 0.8142727429222711,
    "loss": 0.1987483648037709,
    "reg_loss": 0.14554497320192802,
    "clip_loss": 1.1355240695265492,
    "pcl_loss": 0.19137669788442457,
    "protein_pcl_loss": 0.1506194602722286,
    "drug_pcl_loss": 0.04075723840638192
  },
  "best_val_metrics": {
    "mse": 0.21597261726856232,
    "rmse": 0.46472853422164917,
    "mae": 0.27720338106155396,
    "ci": 0.8856342050889036,
    "rm2": 0.701381220961014,
    "loss": 0.24544111348117478,
    "reg_loss": 0.21597263917749998,
    "clip_loss": 0.3908972323252349,
    "pcl_loss": 0.17741558150731074,
    "protein_pcl_loss": 0.14052092937066393,
    "drug_pcl_loss": 0.03689465308387298
  }
}