{
  "best_epoch": 30,
  "best_train_metrics": {
    "mse": 0.4757009744644165,
    "rmse": 0.689710795879364,
    "mae": 0.46983274817466736,
    "ci": 0.8011171179343614,
    "rm2": 0.3917275955634041,
    "loss": 0.7529549871219702,
    "reg_loss": 0.47570093938865654,
    "clip_loss": 2.7725404096950035
  },
  "best_val_metrics": {
    "mse": 0.37847623229026794,
    "rmse": 0.6152042150497437,
    "mae": 0.38794559240341187,
    "ci": 0.8350204898470068,
    "rm2": 0.4998207392684504,
    "loss": 0.6556930519147202,
    "reg_loss": 0.3784762602442233,
    "clip_loss": 2.7721678710565336
  }
}