{
  "best_epoch": 184,
  "best_train_metrics": {
    "mse": 0.16768035292625427,
    "rmse": 0.40948790311813354,
    "mae": 0.25203919410705566,
    "ci": 0.9103205442689528,
    "rm2": 0.7908904168551103,
    "loss": 0.27889840701462854,
    "reg_loss": 0.16768033543374664,
    "clip_loss": 1.0654669578928297,
    "pcl_loss": 0.04671374461291323
  },
  "best_val_metrics": {
    "mse": 0.21455685794353485,
    "rmse": 0.4632028341293335,
    "mae": 0.2770874500274658,
    "ci": 0.887544978072269,
    "rm2": 0.7209126359485353,
    "loss": 0.25546562928480876,
    "reg_loss": 0.21455686881984926,
    "clip_loss": 0.38533931089506746,
    "pcl_loss": 0.023748289600457148
  }
}