{
  "best_epoch": 29,
  "best_train_metrics": {
    "mse": 0.4060852825641632,
    "rmse": 0.6372482180595398,
    "mae": 0.4352690875530243,
    "ci": 0.8191739251451565,
    "rm2": 0.4673160924096626,
    "loss": 0.5741393695124394,
    "reg_loss": 0.40608529931498716,
    "clip_loss": 1.680540669336201
  },
  "best_val_metrics": {
    "mse": 0.33310794830322266,
    "rmse": 0.5771550536155701,
    "mae": 0.3699643313884735,
    "ci": 0.8490919526818305,
    "rm2": 0.540902263966441,
    "loss": 0.4083764222233138,
    "reg_loss": 0.33310794761333007,
    "clip_loss": 0.7526847346319139
  }
}