{
  "best_epoch": 194,
  "best_train_metrics": {
    "mse": 0.19068683683872223,
    "rmse": 0.4366770386695862,
    "mae": 0.29238802194595337,
    "ci": 0.8403972563652907,
    "rm2": 0.7266732097177677,
    "loss": 0.39185269466231815,
    "reg_loss": 0.19068682569596834,
    "clip_loss": 1.9229615771334356,
    "pcl_loss": 0.08869708336122979
  },
  "best_val_metrics": {
    "mse": 0.22223974764347076,
    "rmse": 0.47142311930656433,
    "mae": 0.3040015697479248,
    "ci": 0.8299385502072442,
    "rm2": 0.6771127944217586,
    "loss": 0.3185414095578106,
    "reg_loss": 0.22223973822872925,
    "clip_loss": 0.8912424513297799,
    "pcl_loss": 0.07177424376776445
  }
}