{
  "best_epoch": 30,
  "best_train_metrics": {
    "mse": 0.39263686537742615,
    "rmse": 0.6266074180603027,
    "mae": 0.41035497188568115,
    "ci": 0.8221855809341942,
    "rm2": 0.47319975835584693,
    "loss": 0.3926368329905784
  },
  "best_val_metrics": {
    "mse": 0.3421326279640198,
    "rmse": 0.5849210619926453,
    "mae": 0.35339289903640747,
    "ci": 0.8568651071070719,
    "rm2": 0.5699812391986532,
    "loss": 0.34213262254812526
  }
}