{
  "best_epoch": 181,
  "best_train_metrics": {
    "mse": 0.14485454559326172,
    "rmse": 0.38059762120246887,
    "mae": 0.23606328666210175,
    "ci": 0.9207415281105831,
    "rm2": 0.8140645218738968,
    "loss": 0.21419765475808297,
    "reg_loss": 0.14485454785158255,
    "clip_loss": 1.132074506207197,
    "pcl_loss": 0.12739380890894203,
    "protein_pcl_loss": 0.0821653914002927,
    "drug_pcl_loss": 0.045228418157757556
  },
  "best_val_metrics": {
    "mse": 0.20809970796108246,
    "rmse": 0.4561794698238373,
    "mae": 0.2746475338935852,
    "ci": 0.8908960997624013,
    "rm2": 0.7293812951457307,
    "loss": 0.23713839922509178,
    "reg_loss": 0.20809969890895966,
    "clip_loss": 0.39041917423753375,
    "pcl_loss": 0.09517741294144515,
    "protein_pcl_loss": 0.05454901238440567,
    "drug_pcl_loss": 0.040628401129919035
  }
}