{
  "best_epoch": 29,
  "best_train_metrics": {
    "mse": 0.40335825085639954,
    "rmse": 0.6351048946380615,
    "mae": 0.4191966950893402,
    "ci": 0.8124829191122531,
    "rm2": 0.46317828191151417,
    "loss": 0.40335824205760584
  },
  "best_val_metrics": {
    "mse": 0.3623237609863281,
    "rmse": 0.6019333600997925,
    "mae": 0.41992610692977905,
    "ci": 0.8410479434194381,
    "rm2": 0.5298976509246288,
    "loss": 0.3623237750691208
  }
}