{
  "best_epoch": 29,
  "best_train_metrics": {
    "mse": 0.37884336709976196,
    "rmse": 0.6155025362968445,
    "mae": 0.41477110981941223,
    "ci": 0.8269622230296837,
    "rm2": 0.5008872147869545,
    "loss": 0.5278911032412272,
    "reg_loss": 0.3788433799688378,
    "clip_loss": 1.3864163055842005,
    "pcl_loss": 0.10406089304749655
  },
  "best_val_metrics": {
    "mse": 0.3118194341659546,
    "rmse": 0.5584079623222351,
    "mae": 0.36215341091156006,
    "ci": 0.8633849910839406,
    "rm2": 0.5987931313518048,
    "loss": 0.45996145438857194,
    "reg_loss": 0.31181944322980004,
    "clip_loss": 1.3862681671302077,
    "pcl_loss": 0.09515191662426253
  }
}