{
  "best_epoch": 3,
  "best_train_metrics": {
    "mse": 0.6672386527061462,
    "rmse": 0.8168467879295349,
    "mae": 0.5640683770179749,
    "ci": 0.7301625343574778,
    "rm2": 0.1910730746850946,
    "loss": 1.0121489289715058,
    "reg_loss": 0.6672386278449128,
    "clip_loss": 3.4491029452064517
  },
  "best_val_metrics": {
    "mse": 0.5800623297691345,
    "rmse": 0.7616182565689087,
    "mae": 0.47314900159835815,
    "ci": 0.7849837177315848,
    "rm2": 0.29914461555368693,
    "loss": 0.9246941674877127,
    "reg_loss": 0.5800623588861074,
    "clip_loss": 3.4463180252899277
  }
}