{
  "best_epoch": 178,
  "best_train_metrics": {
    "mse": 0.17669609189033508,
    "rmse": 0.42035233974456787,
    "mae": 0.25705429911613464,
    "ci": 0.9077594252578483,
    "rm2": 0.7799328065917576,
    "loss": 0.29174524340028857,
    "reg_loss": 0.17669610094096455,
    "clip_loss": 1.1031182688336523,
    "pcl_loss": 0.04737314292933319
  },
  "best_val_metrics": {
    "mse": 0.21623699367046356,
    "rmse": 0.46501290798187256,
    "mae": 0.27804866433143616,
    "ci": 0.8833477121733381,
    "rm2": 0.707816135190849,
    "loss": 0.2594527262149424,
    "reg_loss": 0.21623697946312959,
    "clip_loss": 0.38823882661214687,
    "pcl_loss": 0.04391863681556114
  }
}