{
  "best_epoch": 188,
  "best_train_metrics": {
    "mse": 0.16496191918849945,
    "rmse": 0.4061550498008728,
    "mae": 0.2493325024843216,
    "ci": 0.9128977568982947,
    "rm2": 0.790891871474372,
    "loss": 0.2791925774029394,
    "reg_loss": 0.16496192477528626,
    "clip_loss": 1.0992983943920847,
    "pcl_loss": 0.04300811823097139
  },
  "best_val_metrics": {
    "mse": 0.20536482334136963,
    "rmse": 0.4531719386577606,
    "mae": 0.2779868245124817,
    "ci": 0.8939671926729202,
    "rm2": 0.7311938619728011,
    "loss": 0.24696060413963614,
    "reg_loss": 0.20536480837340146,
    "clip_loss": 0.38828041809464997,
    "pcl_loss": 0.0276775391048116
  }
}