{
  "best_epoch": 190,
  "best_train_metrics": {
    "mse": 0.16325341165065765,
    "rmse": 0.40404629707336426,
    "mae": 0.2495063990354538,
    "ci": 0.9143416461078654,
    "rm2": 0.7951334689774622,
    "loss": 0.2800366603763682,
    "reg_loss": 0.1632533970748924,
    "clip_loss": 1.1239363126356774,
    "pcl_loss": 0.043896308974559824
  },
  "best_val_metrics": {
    "mse": 0.21282492578029633,
    "rmse": 0.46132951974868774,
    "mae": 0.2753410041332245,
    "ci": 0.8884483110166664,
    "rm2": 0.7083119949011462,
    "loss": 0.2544007546692691,
    "reg_loss": 0.21282493079619447,
    "clip_loss": 0.3926071174468728,
    "pcl_loss": 0.02315111264752252
  }
}