{
  "best_epoch": 30,
  "best_train_metrics": {
    "mse": 0.3832901120185852,
    "rmse": 0.619104266166687,
    "mae": 0.41790705919265747,
    "ci": 0.8282312616692806,
    "rm2": 0.4953157187658485,
    "loss": 0.39353911229133404,
    "reg_loss": 0.3832901162240507,
    "pcl_loss": 0.10248996149537058
  },
  "best_val_metrics": {
    "mse": 0.31630900502204895,
    "rmse": 0.5624135732650757,
    "mae": 0.3714516758918762,
    "ci": 0.8622128209751918,
    "rm2": 0.5992178409223524,
    "loss": 0.32254297248110536,
    "reg_loss": 0.31630898778162936,
    "pcl_loss": 0.06233984128914718
  }
}