{
  "best_epoch": 30,
  "best_train_metrics": {
    "mse": 0.5069952607154846,
    "rmse": 0.7120360136032104,
    "mae": 0.47937342524528503,
    "ci": 0.7936389209370985,
    "rm2": 0.357970290890527,
    "loss": 0.8921186055719987,
    "reg_loss": 0.5069952692734612,
    "clip_loss": 3.4653208193867897,
    "pcl_loss": 0.38591248001614437
  },
  "best_val_metrics": {
    "mse": 0.42963510751724243,
    "rmse": 0.6554655432701111,
    "mae": 0.4163530766963959,
    "ci": 0.8256724759537473,
    "rm2": 0.4464097541419802,
    "loss": 0.8004372761224621,
    "reg_loss": 0.42963507358205444,
    "clip_loss": 3.4637830720961302,
    "pcl_loss": 0.24423893824323545
  }
}