{
  "best_epoch": 188,
  "best_train_metrics": {
    "mse": 0.16331396996974945,
    "rmse": 0.4041212499141693,
    "mae": 0.24780698120594025,
    "ci": 0.9136257833725763,
    "rm2": 0.7947665915057665,
    "loss": 0.2740196144605248,
    "reg_loss": 0.16331397383697355,
    "clip_loss": 1.0559186556703186,
    "pcl_loss": 0.05113773554605
  },
  "best_val_metrics": {
    "mse": 0.21189989149570465,
    "rmse": 0.46032586693763733,
    "mae": 0.2727856934070587,
    "ci": 0.8938287079433662,
    "rm2": 0.7072865750254854,
    "loss": 0.25326660607344365,
    "reg_loss": 0.21189990659110094,
    "clip_loss": 0.38332816104076883,
    "pcl_loss": 0.030338827092730513
  }
}