{
  "best_epoch": 248,
  "best_train_metrics": {
    "mse": 0.15653006732463837,
    "rmse": 0.3956387937068939,
    "mae": 0.23424766957759857,
    "ci": 0.9075347427933059,
    "rm2": 0.7981671130003405,
    "loss": 0.16426421406527714,
    "reg_loss": 0.15653006066913558,
    "attn_loss": 3.5216633911498514,
    "pcl_loss": 0.07381987196789035,
    "protein_pcl_loss": 0.03306586726489072,
    "drug_pcl_loss": 0.04075400516560266,
    "mean_valid_per_row": 3.413658293129263,
    "mean_valid_offdiag": 2.413658293129263,
    "mean_diag_prior_mass": 0.318328349736264
  },
  "best_val_metrics": {
    "mse": 0.21499763429164886,
    "rmse": 0.46367838978767395,
    "mae": 0.26273617148399353,
    "ci": 0.8919593644407585,
    "rm2": 0.7202118236934482,
    "loss": 0.2202892598781796,
    "reg_loss": 0.21499764541220698,
    "attn_loss": 1.1048411678111383,
    "pcl_loss": 0.05181130717936809,
    "protein_pcl_loss": 0.01730618627768858,
    "drug_pcl_loss": 0.034505121229207625,
    "mean_valid_per_row": 1.6299068529607452,
    "mean_valid_offdiag": 0.6299068529607452,
    "mean_diag_prior_mass": 0.7289807953718735
  }
}