{
  "best_epoch": 9,
  "best_train_metrics": {
    "mse": 0.5768447518348694,
    "rmse": 0.7595029473304749,
    "mae": 0.5171285271644592,
    "ci": 0.771256918412576,
    "rm2": 0.2817905040828893,
    "loss": 0.5768447599806151
  },
  "best_val_metrics": {
    "mse": 0.46914371848106384,
    "rmse": 0.6849406957626343,
    "mae": 0.4173801839351654,
    "ci": 0.8179161525052772,
    "rm2": 0.4007587759752553,
    "loss": 0.4691437589934336
  }
}