{
  "best_epoch": 24,
  "best_train_metrics": {
    "mse": 0.4290005564689636,
    "rmse": 0.6549813151359558,
    "mae": 0.44096124172210693,
    "ci": 0.8123632410195013,
    "rm2": 0.4411359248906607,
    "loss": 0.4290005837919732
  },
  "best_val_metrics": {
    "mse": 0.3363240659236908,
    "rmse": 0.5799345374107361,
    "mae": 0.3732633590698242,
    "ci": 0.8506125150123339,
    "rm2": 0.5384195633407495,
    "loss": 0.33632404652665093
  }
}