{
  "best_epoch": 9,
  "best_train_metrics": {
    "mse": 0.6390923261642456,
    "rmse": 0.7994325160980225,
    "mae": 0.552507221698761,
    "ci": 0.7433298853304094,
    "rm2": 0.2186512624209381,
    "loss": 0.6390923905256297
  },
  "best_val_metrics": {
    "mse": 0.5113376379013062,
    "rmse": 0.7150787711143494,
    "mae": 0.4451647400856018,
    "ci": 0.7958748640197815,
    "rm2": 0.3511318669975957,
    "loss": 0.5113376354921986
  }
}