{
  "best_epoch": 174,
  "best_train_metrics": {
    "mse": 0.17388416826725006,
    "rmse": 0.41699421405792236,
    "mae": 0.2564220726490021,
    "ci": 0.910148076324473,
    "rm2": 0.7837172795880869,
    "loss": 0.2899058214381485,
    "reg_loss": 0.17388417566220427,
    "clip_loss": 1.1143205145091248,
    "pcl_loss": 0.0458959285989741
  },
  "best_val_metrics": {
    "mse": 0.21398217976093292,
    "rmse": 0.4625820815563202,
    "mae": 0.27223020792007446,
    "ci": 0.8914003340133817,
    "rm2": 0.6832154470117829,
    "loss": 0.25570883606803907,
    "reg_loss": 0.21398219261038562,
    "clip_loss": 0.3945295646994371,
    "pcl_loss": 0.02273686830388442
  }
}