{
  "best_epoch": 154,
  "best_train_metrics": {
    "mse": 0.18632397055625916,
    "rmse": 0.43165260553359985,
    "mae": 0.26804882287979126,
    "ci": 0.903941362337169,
    "rm2": 0.7673959480206934,
    "loss": 0.30542471587377507,
    "reg_loss": 0.1863239600308302,
    "clip_loss": 1.1400614563835936,
    "pcl_loss": 0.05094608554367056
  },
  "best_val_metrics": {
    "mse": 0.21453963220119476,
    "rmse": 0.4631842374801636,
    "mae": 0.2829614579677582,
    "ci": 0.8924644271034062,
    "rm2": 0.7203145321593692,
    "loss": 0.25715464936830557,
    "reg_loss": 0.2145396368593896,
    "clip_loss": 0.3996987093149162,
    "pcl_loss": 0.026451411306784935
  }
}