{
  "best_epoch": 29,
  "best_train_metrics": {
    "mse": 0.4352762699127197,
    "rmse": 0.6597546935081482,
    "mae": 0.4475879967212677,
    "ci": 0.8063565804044612,
    "rm2": 0.4351501461418321,
    "loss": 0.6432185522857538,
    "reg_loss": 0.43527629402389684,
    "clip_loss": 2.079422551552413
  },
  "best_val_metrics": {
    "mse": 0.35821661353111267,
    "rmse": 0.5985119938850403,
    "mae": 0.38952457904815674,
    "ci": 0.839875764465172,
    "rm2": 0.5096908248019729,
    "loss": 0.5661201006132551,
    "reg_loss": 0.35821662266586196,
    "clip_loss": 2.0790347459008887
  }
}