{
  "best_epoch": 25,
  "best_train_metrics": {
    "mse": 0.41518139839172363,
    "rmse": 0.6443457007408142,
    "mae": 0.4308992326259613,
    "ci": 0.8145460274321698,
    "rm2": 0.45673773955486385,
    "loss": 0.46771272749741,
    "reg_loss": 0.4151813929216894,
    "clip_loss": 0.5253133331244546
  },
  "best_val_metrics": {
    "mse": 0.3157627582550049,
    "rmse": 0.5619277358055115,
    "mae": 0.36256635189056396,
    "ci": 0.8580773133726748,
    "rm2": 0.5889474275939491,
    "loss": 0.3301489556632781,
    "reg_loss": 0.3157627310744547,
    "clip_loss": 0.14386224526301908
  }
}